{"participantData":{"id":"Hannah"},"allTrialData":[{"trialNumber":0,"mapIndex":0,"mapName":"Persistent","maxTrialDuration":0.0,"movementTime":0.0,"trialError":false,"timeStepTrackingData":[]},{"trialNumber":1,"mapIndex":1,"mapName":"StartScreen","maxTrialDuration":0.0,"movementTime":0.0,"trialError":false,"timeStepTrackingData":[]},{"trialNumber":2,"mapIndex":2,"mapName":"tartarus1","maxTrialDuration":0.0,"movementTime":10.241074562072754,"trialError":false,"timeStepTrackingData":["Time x-position y-position z-position x-rotation y-rotation z-rotation","2.26 95 72.78001 195 0 0 0","2.28 95 72.78001 195 0 0 0","2.32 95 72.78001 195 0 0 0","2.36 95 72.78001 195 0 0 0","2.4 95 72.78001 195 0 0 0","2.44 95 72.78001 195 0 0 0","2.48 95 72.78001 195 0 0 0","2.52 95 72.78001 195 0 0 0","2.56 95 72.78001 195 0 0 0","2.6 95 72.78001 195 0 0 0","2.64 95 72.78001 195 0 0 0","2.68 95 72.78001 195 0 0 0","2.72 95 72.78001 195 0 0 0","2.76 95 72.78001 195 0 0 0","2.8 95 72.78001 195 0 0 0","2.84 95 72.78001 195 0 0 0","2.88 95 72.78001 195 0 0 0","2.92 95 72.78001 195 0 0 0","2.96 95 72.78001 195 0 0 0","3 95 72.78001 195 0 348 0","3.04 95 72.78001 195 0 340 0","3.08 95 72.78001 195 0 332 0","3.12 95 72.78001 195 0 320 0","3.16 95 72.78001 195 0 312 0","3.2 95 72.78001 195 0 300 0","3.24 95 72.78001 195 0 292 0","3.28 95 72.78001 195 0 284 0","3.32 95 72.78001 195 0 272 0","3.36 95 72.78001 195 0 264 0","3.4 95 72.78001 195 0 252 0","3.44 95 72.78001 195 0 244 0","3.48 95 72.78001 195 0 232 0","3.52 95 72.78001 195 0 224 0","3.56 95 72.78001 195 0 216 0","3.6 95 72.78001 195 0 204 0","3.64 95 72.78001 195 0 196 0","3.68 95 72.78001 195 0 184 0","3.72 95 72.78001 195 0 176 0","3.76 95 72.78001 195 0 168 0","3.8 95 72.78001 195 0 156 0","3.84 95 72.78001 195 0 148 0","3.88 95 72.78001 195 0 136 0","3.92 95 72.78001 195 0 128 0","3.96 95 72.78001 195 0 120 0","4 95 72.78001 195 0 112 0","4.04 95 72.78001 195 0 112 0","4.08 95 72.78001 195 0 112 0","4.12 95 72.78001 195 0 112 0","4.16 95 72.78001 195 0 112 0","4.2 95 72.78001 195 0 112 0","4.24 95 72.78001 195 0 112 0","4.28 95 72.78001 195 0 112 0","4.32 95 72.78001 195 0 104 0","4.36 95 72.78001 195 0 92.00002 0","4.4 95 72.78001 195 0 88.00002 0","4.44 95 72.78001 195 0 88.00002 0","4.48 95 72.78001 195 0 88.00002 0","4.52 95.25984 72.78001 195.0091 0 88.00002 0","4.56 95.77953 72.78 195.0272 0 88.00002 0","4.6 96.29921 72.78001 195.0454 0 88.00002 0","4.64 96.81889 72.78001 195.0635 0 88.00002 0","4.68 97.33858 72.78001 195.0817 0 88.00002 0","4.72 97.85826 72.78 195.0998 0 88.00002 0","4.76 98.37668 72.78 195.0636 0 96.00002 0","4.8 98.885 72.78001 194.9555 0 104 0","4.84 99.37334 72.78001 194.7778 0 112 0","4.88 99.85548 72.78001 194.583 0 112 0","4.92 100.3376 72.78001 194.3882 0 112 0","4.96 100.8197 72.78001 194.1934 0 112 0","5 101.3019 72.78 193.9986 0 112 0","5.04 101.784 72.78001 193.8038 0 112 0","5.08 102.2662 72.78001 193.609 0 112 0","5.12 102.7483 72.78001 193.4142 0 112 0","5.16 103.2304 72.78001 193.2194 0 112 0","5.2 103.7126 72.78001 193.0246 0 112 0","5.24 104.1947 72.78 192.8298 0 112 0","5.28 104.6768 72.78001 192.635 0 112 0","5.32 105.159 72.78001 192.4402 0 112 0","5.36 105.6411 72.78001 192.2454 0 112 0","5.4 106.1232 72.78001 192.0506 0 112 0","5.44 106.6054 72.78001 191.8558 0 112 0","5.48 107.0875 72.78 191.661 0 112 0","5.52 107.5696 72.78001 191.4662 0 112 0","5.56 108.0518 72.78001 191.2715 0 112 0","5.6 108.5339 72.78001 191.0767 0 112 0","5.64 109.0223 72.78001 190.8989 0 108 0","5.68 109.5306 72.78 190.7909 0 100 0","5.72 110.0427 72.78001 190.7006 0 100 0","5.76 110.5548 72.78001 190.6103 0 100 0","5.8 111.0669 72.78001 190.52 0 100 0","5.84 111.579 72.78001 190.4297 0 100 0","5.88 112.0911 72.78001 190.3394 0 100 0","5.92 112.6032 72.78 190.2491 0 100 0","5.96 113.1153 72.78001 190.1588 0 100 0","6 113.6274 72.78001 190.0685 0 100 0","6.04 114.1395 72.78001 189.9782 0 100 0","6.08 114.6516 72.78001 189.8879 0 100 0","6.12 115.1637 72.78001 189.7976 0 100 0","6.16 115.6758 72.78 189.7073 0 100 0","6.2 116.1879 72.78001 189.617 0 100 0","6.24 116.7 72.78001 189.5267 0 100 0","6.28 117.2121 72.78001 189.4364 0 100 0","6.32 117.7242 72.78001 189.3461 0 100 0","6.36 118.2363 72.78001 189.2558 0 100 0","6.4 118.7484 72.78 189.1655 0 100 0","6.44 119.2605 72.78001 189.0752 0 100 0","6.48 119.7726 72.78001 188.9849 0 100 0","6.52 120.2847 72.78001 188.8946 0 100 0","6.56 120.7968 72.78001 188.8043 0 100 0","6.6 121.3089 72.78001 188.714 0 100 0","6.64 121.821 72.78 188.6237 0 100 0","6.68 122.3331 72.78001 188.5334 0 100 0","6.72 122.8452 72.78001 188.4431 0 100 0","6.76 123.3573 72.78001 188.3528 0 100 0","6.8 123.8694 72.78001 188.2625 0 100 0","6.84 124.3815 72.78 188.1722 0 100 0","6.88 124.8936 72.78 188.082 0 100 0","6.92 125.4057 72.78001 187.9917 0 100 0","6.96 125.9178 72.78001 187.9014 0 100 0","7 126.4299 72.78001 187.8111 0 100 0","7.04 126.942 72.78001 187.7208 0 100 0","7.08 127.4541 72.78 187.6305 0 100 0","7.12 127.9662 72.78001 187.5402 0 100 0","7.16 128.4783 72.78001 187.4499 0 100 0","7.2 128.9904 72.78001 187.3596 0 100 0","7.24 129.5025 72.78001 187.2693 0 100 0","7.28 130.0146 72.78001 187.179 0 100 0","7.32 130.5267 72.78 187.0887 0 100 0","7.36 131.0388 72.78001 186.9984 0 100 0","7.4 131.5509 72.78001 186.9081 0 100 0","7.44 132.0655 72.78001 186.8358 0 96 0","7.48 132.5852 72.78001 186.8358 0 88.00001 0","7.52 133.1049 72.78 186.8539 0 88.00001 0","7.56 133.6246 72.78001 186.8721 0 88.00001 0","7.6 134.1443 72.78001 186.8902 0 88.00001 0","7.64 134.6639 72.78001 186.9084 0 88.00001 0","7.68 135.1836 72.78 186.9265 0 88.00001 0","7.72 135.7033 72.78001 186.9446 0 88.00001 0","7.76 136.223 72.78001 186.9628 0 88.00001 0","7.8 136.7427 72.78001 186.9809 0 88.00001 0","7.84 137.2623 72.78001 186.9991 0 88.00001 0","7.88 137.782 72.78 187.0172 0 88.00001 0","7.92 138.3017 72.78001 187.0354 0 88.00001 0","7.96 138.8214 72.78001 187.0535 0 88.00001 0","8 139.3411 72.78001 187.0717 0 88.00001 0","8.04 139.8608 72.78 187.0898 0 88.00001 0","8.08 140.3804 72.78001 187.108 0 88.00001 0","8.12 140.9001 72.78001 187.1261 0 88.00001 0","8.16 141.4198 72.78001 187.1443 0 88.00001 0","8.2 141.9395 72.78 187.1624 0 88.00001 0","8.24 142.4592 72.78001 187.1806 0 88.00001 0","8.28 142.9789 72.78001 187.1987 0 88.00001 0","8.32 143.4986 72.78001 187.2169 0 88.00001 0","8.36 144.0182 72.78001 187.235 0 88.00001 0","8.4 144.5379 72.78001 187.2532 0 88.00001 0","8.44 145.0576 72.78001 187.2713 0 88.00001 0","8.48 145.5773 72.78001 187.2894 0 88.00001 0","8.52 146.097 72.78001 187.3076 0 88.00001 0","8.559999 146.6167 72.78 187.3257 0 88.00001 0","8.599999 147.1363 72.78001 187.3439 0 88.00001 0","8.639999 147.656 72.78001 187.362 0 88.00001 0","8.679999 148.1757 72.78001 187.3802 0 88.00001 0","8.72 148.6954 72.78 187.3983 0 88.00001 0","8.76 149.2151 72.78001 187.4165 0 88.00001 0","8.8 149.7347 72.78001 187.4346 0 88.00001 0","8.84 150.2544 72.78001 187.4528 0 88.00001 0","8.88 150.7741 72.78 187.4709 0 88.00001 0","8.92 151.2938 72.78001 187.4891 0 88.00001 0","8.96 151.8135 72.78001 187.5072 0 88.00001 0","9 152.3332 72.78001 187.5254 0 88.00001 0","9.04 152.8528 72.78001 187.5435 0 88.00001 0","9.08 153.3725 72.78001 187.5617 0 88.00001 0","9.12 153.8922 72.78001 187.5798 0 88.00001 0","9.16 154.4119 72.78001 187.598 0 88.00001 0","9.2 154.9316 72.78001 187.6161 0 88.00001 0","9.24 155.4513 72.78 187.6343 0 88.00001 0","9.28 155.9709 72.78001 187.6524 0 88.00001 0","9.32 156.4906 72.78001 187.6705 0 88.00001 0","9.36 157.0103 72.78001 187.6887 0 88.00001 0","9.4 157.53 72.78 187.7068 0 88.00001 0","9.44 158.0497 72.78001 187.725 0 88.00001 0","9.48 158.5694 72.78001 187.7431 0 88.00001 0","9.52 159.0891 72.78001 187.7613 0 88.00001 0","9.559999 159.6087 72.78 187.7794 0 88.00001 0","9.599999 160.1284 72.78001 187.7976 0 88.00001 0","9.639999 160.6481 72.78001 187.8157 0 88.00001 0","9.679999 161.1678 72.78001 187.8339 0 88.00001 0","9.719999 161.6875 72.78001 187.852 0 