{"participantData":{"id":"example"},"allTrialData":[{"trialNumber":0,"mapIndex":0,"mapName":"Persistent","maxTrialDuration":0.0,"movementTime":0.0,"trialError":false,"timeStepTrackingData":[]},{"trialNumber":1,"mapIndex":1,"mapName":"StartScreen","maxTrialDuration":0.0,"movementTime":0.0,"trialError":false,"timeStepTrackingData":[]},{"trialNumber":2,"mapIndex":2,"mapName":"tartarus1","maxTrialDuration":0.0,"movementTime":0.0,"trialError":false,"timeStepTrackingData":["Time x-position y-position z-position x-rotation y-rotation z-rotation","4.42 175 72.78001 155 0 0 0","4.44 175 72.78001 155 0 0 0","4.48 175 72.78001 155 0 0 0","4.52 175 72.78001 155 0 0 0","4.56 175 72.78001 155 0 0 0","4.6 175 72.78001 155 0 0 0","4.64 175 72.78001 155 0 0 0","4.68 175 72.78001 155 0 0 0","4.72 175 72.78001 155 0 0 0","4.76 175 72.78001 155 0 0 0","4.8 175 72.78001 155 0 0 0","4.84 175 72.78001 155 0 0 0","4.88 175 72.78001 155 0 0 0","4.92 175 72.78001 155 0 0 0","4.96 175 72.78001 155 0 0 0","5 175 72.78001 155 0 0 0","5.04 175 72.78001 155 0 0 0","5.08 175 72.78001 155 0 0 0","5.12 175 72.78001 155 0 0 0","5.16 175 72.78001 155 0 0 0","5.2 175 72.78001 155 0 0 0","5.24 175 72.78001 155 0 0 0","5.28 175 72.78001 155 0 0 0","5.32 175 72.78001 155 0 0 0","5.36 175 72.78001 155 0 0 0","5.4 175 72.78001 155 0 0 0","5.44 175 72.78001 155 0 348 0","5.48 175 72.78001 155 0 336 0","5.52 175 72.78001 155 0 318 0","5.56 175 72.78001 155 0 306 0","5.6 175 72.78001 155 0 288 0","5.64 175 72.78001 155 0 276 0","5.68 175 72.78001 155 0 264 0","5.72 175 72.78001 155 0 246 0","5.76 175 72.78001 155 0 234 0","5.8 175 72.78001 155 0 216 0","5.84 175 72.78001 155 0 216 0","5.88 175 72.78001 155 0 216 0","5.92 175 72.78001 155 0 216 0","5.96 175 72.78001 155 0 216 0","6 175 72.78001 155 0 216 0","6.04 175 72.78001 155 0 216 0","6.08 175 72.78001 155 0 216 0","6.12 175 72.78001 155 0 216 0","6.16 175 72.78001 155 0 222 0","6.2 175 72.78001 155 0 240 0","6.24 175 72.78001 155 0 252 0","6.28 175 72.78001 155 0 270 0","6.32 175 72.78001 155 0 282 0","6.36 175 72.78001 155 0 300 0","6.4 175 72.78001 155 0 312 0","6.44 175 72.78001 155 0 324 0","6.48 175 72.78001 155 0 342 0","6.52 175 72.78001 155 0 354 0","6.56 175 72.78001 155 0 11.99999 0","6.6 175 72.78001 155 0 23.99999 0","6.64 175 72.78001 155 0 29.99999 0","6.68 175.15 72.78001 155.2598 0 29.99999 0","6.72 175.45 72.78 155.7794 0 29.99999 0","6.76 175.75 72.78001 156.299 0 29.99999 0","6.8 176.05 72.78001 156.8186 0 29.99999 0","6.84 176.35 72.78001 157.3383 0 29.99999 0","6.88 176.65 72.78 157.8579 0 29.99999 0","6.92 176.95 72.78001 158.3775 0 29.99999 0","6.96 177.25 72.78001 158.8971 0 29.99999 0","7 177.55 72.78001 159.4167 0 29.99999 0","7.04 177.85 72.78 159.9363 0 29.99999 0","7.08 178.15 72.78001 160.456 0 29.99999 0","7.12 178.45 72.78001 160.9756 0 29.99999 0","7.16 178.75 72.78001 161.4952 0 29.99999 0","7.2 179.05 72.78001 162.0148 0 29.99999 0","7.24 179.35 72.78001 162.5344 0 29.99999 0","7.28 179.65 72.78001 163.054 0 29.99999 0","7.32 179.95 72.78001 163.5737 0 29.99999 0","7.36 180.25 72.78001 164.0933 0 29.99999 0","7.4 180.55 72.78 164.6129 0 29.99999 0","7.44 180.85 72.78001 165.1325 0 29.99999 0","7.48 181.15 72.78001 165.6521 0 29.99999 0","7.52 181.45 72.78001 166.1717 0 29.99999 0","7.56 181.75 72.78 166.6913 0 29.99999 0","7.6 182.05 72.78001 167.211 0 29.99999 0","7.64 182.35 72.78001 167.7306 0 29.99999 0","7.68 182.65 72.78001 168.2502 0 29.99999 0","7.72 182.95 72.78 168.7698 0 29.99999 0","7.76 183.25 72.78001 169.2894 0 29.99999 0","7.8 183.55 72.78001 169.809 0 29.99999 0","7.84 183.85 72.78001 170.3286 0 29.99999 0","7.88 184.15 72.78001 170.8483 0 29.99999 0","7.92 184.45 72.78 171.3679 0 29.99999 0","7.96 184.75 72.78001 171.8875 0 29.99999 0","8 185.05 72.78001 172.4071 0 29.99999 0","8.04 185.35 72.78001 172.9267 0 29.99999 0","8.08 185.65 72.78 173.4463 0 29.99999 0","8.12 185.95 72.78001 173.966 0 29.99999 0","8.16 186.25 72.78001 174.4856 0 29.99999 0","8.2 186.55 72.78001 175.0052 0 29.99999 0","8.24 186.9271 72.78 175.4708 0 41.99999 0","8.28 187.3927 72.78001 175.8479 0 53.99999 0","8.32 187.9521 72.78001 176.0626 0 71.99999 0","8.36 188.539 72.78001 176.1874 0 78 0","8.4 189.1259 72.78 176.3121 0 78 0","8.44 189.7128 72.78 176.4369 0 78 0","8.48 190.2997 72.78001 176.5616 0 78 0","8.52 190.8866 72.78001 176.6864 0 78 0","8.559999 191.4734 72.78001 176.8111 0 78 0","8.599999 192.0603 72.78001 176.9359 0 78 0","8.639999 192.6472 72.78 177.0606 0 78 0","8.679999 193.2341 72.78001 177.1854 0 78 0","8.72 193.821 72.78001 177.3101 0 78 0","8.76 194.4079 72.78001 177.4349 0 78 0","8.8 194.9948 72.78001 177.5596 0 78 0","8.84 195.5816 72.78001 177.6843 0 78 0","8.88 196.1685 72.78 177.8091 0 78 0","8.92 196.7554 72.78001 177.9338 0 78 0","8.96 197.3423 72.78001 178.0586 0 78 0","9 197.9292 72.78001 178.1833 0 78 0","9.04 198.5161 72.78 178.3081 0 78 0","9.08 199.103 72.78001 178.4328 0 78 0","9.12 199.6899 72.78001 178.5576 0 78 0","9.16 200.2768 72.58 178.6823 0 78 0","9.2 200.8636 72.55646 178.8071 0 78 0","9.24 201.4505 72.50153 178.9318 0 78 0","9.28 202.0374 72.41519 179.0566 0 78 0","9.32 202.5968 72.29748 179.2713 0 66 0","9.36 203.0796 72.14836 179.622 0 48 0","9.4 203.4566 71.96786 180.0877 0 36 0","9.44 203.7287 71.75597 180.6216 0 23.99999 0","9.48 203.8224 71.51267 181.2133 0 5.999992 0","9.52 203.791 71.23799 181.8117 0 354 0","9.559999 203.6066 70.93192 182.3792 0 336 0","9.599999 203.6066 70.59446 182.3792 0 330 0","9.639999 203.6066 70.2256 182.3792 0 330 0","9.679999 203.6066 69.82536 182.3792 0 330 0","9.719999 203.6066 69.39371 182.3792 0 330 0","9.76 203.6066 68.93069 182.3792 0 330 0","9.8 203.6066 68.43626 182.3792 0 330 0","9.84 203.6066 67.91045 182.3792 0 330 0","9.88 203.6066 67.35323 182.3792 0 330 0","9.92 203.6066 66.76463 182.3792 0 330 0","9.96 203.6066 66.14465 182.3792 0 330 0","10 203.6066 65.49326 182.3792 0 330 0","10.04 203.6066 64.81049 182.3792 0 330 0","10.08 203.6066 64.09632 182.3792 0 330 0","10.12 203.6066 63.35076 182.3792 0 330 0","10.16 203.6066 62.57381 182.3792 0 330 0","10.2 203.6066 61.76546 182.3792 0 330 0","10.24 203.6066 60.92572 182.3792 0 330 0","10.28 203.6066 60.0546 182.3792 0 330 0","10.32 203.6066 59.15208 182.3792 0 330 0","10.36 203.6066 58.21817 182.3792 0 330 0","10.4 203.6066 57.25286 182.3792 0 330 0","10.44 203.6066 56.25616 182.3792 0 330 0","10.48 203.6066 55.22808 182.3792 0 330 0","10.52 203.6066 54.16859 182.3792 0 330 0","10.56 203.6066 53.07772 182.3792 0 330 0","10.6 203.6066 51.95546 182.3792 0 330 0","10.64 203.6066 50.8018 182.3792 0 330 0","10.68 203.6066 49.61675 182.3792 0 330 0","10.72 203.6066 48.40031 182.3792 0 330 0","10.76 203.6066 47.15248 182.3792 0 330 0","10.8 203.6066 45.87325 182.3792 0 330 0","10.84 203.6066 44.56264 182.3792 0 330 0","10.88 203.6066 43.22063 182.3792 0 330 0","10.92 203.6066 41.84723 182.3792 0 330 0","10.96 203.6066 40.44244 182.3792 0 330 0","11 203.6066 39.00625 182.3792 0 330 0","11.04 203.6066 37.53867 182.3792 0 330 0","11.08 203.6066 36.03971 182.3792 0 330 0","11.12 203.6066 34.50935 182.3792 0 330 0"]},{"trialNumber":0,"mapIndex":0,"mapName":"","maxTrialDuration":0.0,"movementTime":0.0,"trialError":false,"timeStepTrackingData":[]},{"trialNumber":0,"mapIndex":0,"mapName":"","maxTrialDuration":0.0,"movementTime":0.0,"trialError":false,"timeStepTrackingData":[]},{"trialNumber":0,"mapIndex":0,"mapName":"","maxTrialDuration":0.0,"movementTime":0.0,"trialError":false,"timeStepTrackingData":[]},{"trialNumber":0,"mapIndex":0,"mapName":"","maxTrialDuration":0.0,"movementTime":0.0,"trialError":false,"timeStepTrackingData":[]},{"trialNumber":0,"mapIndex":0,"mapName":"","maxTrialDuration":0.0,"movementTime":0.0,"trialError":false,"timeStepTrackingData":[]},{"trialNumber":0,"mapIndex":0,"mapName":"","maxTrialDuration":0.0,"movementTime":0.0,"trialError":false,"timeStepTrackingData":[]},{"trialNumber":0,"mapIndex":0,"mapName":"","maxTrialDuration":0.0,"movementTime":0.0,