{"participantData":{"id":"g"},"allTrialData":[{"trialNumber":0,"mapIndex":0,"mapName":"Persistent","maxTrialDuration":0.0,"timeStepTrackingData":[]},{"trialNumber":1,"mapIndex":1,"mapName":"StartScreen","maxTrialDuration":0.0,"timeStepTrackingData":[]},{"trialNumber":2,"mapIndex":3,"mapName":"tartarus1","maxTrialDuration":0.0,"timeStepTrackingData":["Time x-position y-position z-position x-rotation y-rotation z-rotation","1.75871 195 72.5 195 0 0 0","1.78 195 72.78001 195 0 0 0","1.82 195 72.78001 195 0 0 0","1.86 195 72.78001 195 0 0 0","1.9 195 72.78001 195 0 0 0","1.94 195 72.78001 195 0 0 0","1.98 195 72.78001 195 0 0 0","2.02 195 72.78001 195 0 0 0","2.06 195 72.78001 195 0 0 0","2.1 195 72.78001 195 0 0 0","2.14 195 72.78001 195 0 0 0","2.18 195 72.78001 195 0 0 0","2.22 195 72.78001 195 0 0 0","2.26 195 72.78001 195 0 12 0","2.3 195 72.78001 195 0 24 0","2.34 195 72.78001 195 0 42 0","2.38 195 72.78001 195 0 54 0","2.42 195 72.78001 195 0 72 0","2.46 195 72.78001 195 0 84 0","2.5 195.2934 72.78001 194.9376 0 102 0","2.54 195.8528 72.78001 194.7229 0 114 0","2.58 196.3553 72.78001 194.3966 0 126 0","2.62 196.8407 72.78001 194.0439 0 126 0","2.66 197.3262 72.78 193.6912 0 126 0","2.7 197.8116 72.78001 193.3385 0 126 0","2.74 198.2772 72.78001 192.9615 0 132 0","2.78 198.6543 72.78001 192.4958 0 144 0","2.82 198.869 72.78001 191.9364 0 162 0","2.86 198.9628 72.78 191.3447 0 174 0","2.9 198.9004 72.78001 190.7512 0 192 0","2.94 198.7756 72.78001 190.1643 0 192 0","2.98 198.6509 72.78001 189.5774 0 192 0","3.02 198.5261 72.78001 188.9905 0 192 0","3.06 198.4014 72.78 188.4036 0 192 0","3.1 198.2766 72.78001 187.8168 0 192 0","3.14 198.1519 72.78 187.2299 0 192 0","3.18 198.0271 72.78001 186.643 0 192 0","3.22 197.9024 72.78001 186.0561 0 192 0","3.26 197.7776 72.78001 185.4692 0 192 0","3.3 197.7776 72.78001 185.4692 0 192 0","3.34 197.7776 72.78001 185.4692 0 192 0"]},{"trialNumber":3,"mapIndex":4,"mapName":"tartarus2","maxTrialDuration":0.0,"timeStepTrackingData":["Time x-position y-position z-position x-rotation y-rotation z-rotation","3.36 195 72.78001 195 0 0 0","3.38 195 72.78001 195 0 0 0","3.42 195 72.78 195 0 0 0","3.46 195 72.78 195 0 0 0","3.5 195 72.78 195 0 0 0","3.54 195 72.78 195 0 0 0","3.58 195 72.78 195 0 0 0","3.62 195 72.78 195 0 18 0","3.66 195 72.78 195 0 30 0","3.7 195 72.78 195 0 48 0","3.74 195 72.78 195 0 60.00001 0","3.78 195 72.78 195 0 78.00001 0","3.82 195 72.78 195 0 90 0","3.86 195 72.78 195 0 102 0","3.9 195 72.78 195 0 120 0","3.94 195 72.78 195 0 132 0","3.98 195 72.78 195 0 150 0","4.02 195 72.78 195 0 162 0","4.06 195 72.78 195 0 174 0","4.1 194.9063 72.78001 194.4082 0 192 0","4.14 194.7209 72.78 193.8376 0 198 0","4.18 194.5354 72.78001 193.2669 0 198 0","4.22 194.35 72.78001 192.6963 0 198 0","4.26 194.1646 72.78001 192.1257 0 198 0","4.3 193.9792 72.78 191.555 0 198 0","4.34 193.7938 72.78001 190.9844 0 198 0","4.38 193.6084 72.78001 190.4138 0 198 0","4.42 193.423 72.78001 189.8431 0 198 0","4.46 193.2376 72.78 189.2725 0 198 0","4.5 193.0522 72.78001 188.7019 0 198 0","4.54 192.8668 72.78001 188.1312 0 198 0","4.58 192.6814 72.78001 187.5606 0 198 0","4.62 192.4959 72.78001 186.99 0 198 0","4.66 192.3105 72.78001 186.4193 0 198 0","4.7 192.1251 72.78001 185.8487 0 198 0","4.74 191.9397 72.78001 185.2781 0 198 0","4.78 191.7543 72.78001 184.7074 0 198 0"]},{"trialNumber":4,"mapIndex":5,"mapName":"tartarus3","maxTrialDuration":0.0,"timeStepTrackingData":["Time x-position y-position z-position x-rotation y-rotation z-rotation","4.82 195 72.78001 195 0 0 0","4.84 195 72.78001 195 0 0 0","4.88 195 72.78 195 0 18 0","4.92 195 72.78 195 0 30 0","4.96 195 72.78 195 0 48 0","5 195 72.78 195 0 60.00001 0","5.04 195 72.78 195 0 72 0","5.08 195 72.78 195 0 90 0","5.12 195 72.78 195 0 102 0","5.16 195 72.78 195 0 120 0","5.2 195.2229 72.78001 194.7993 0 132 0","5.24 195.6688 72.78001 194.3978 0 132 0","5.28 196.1147 72.78 193.9963 0 132 0","5.32 196.5606 72.78001 193.5948 0 132 0","5.36 197.0065 72.78001 193.1933 0 132 0","5.4 197.4524 72.78001 192.7919 0 132 0","5.44 197.8983 72.78001 192.3904 0 132 0","5.48 198.3441 72.78001 191.9889 0 132 0","5.52 198.79 72.78 191.5874 0 132 0","5.56 199.2359 72.78001 191.186 0 132 0","5.6 199.6818 72.78001 190.7845 0 132 0","5.64 199.935 72.78001 190.383 0 132 0","5.68 199.935 72.78001 189.9815 0 132 0","5.72 199.935 72.78 189.58 0 132 0","5.76 199.935 72.78001 189.1786 0 132 0","5.8 199.935 72.78001 188.7771 0 132 0"]},{"trialNumber":0,"mapIndex":0,"mapName":"","maxTrialDuration":0.0,"timeStepTrackingData":[]},{"trialNumber":0,"mapIndex":0,"mapName":"","maxTrialDuration":0.0,"timeStepTrackingData":[]},{"trialNumber":0,"mapIndex":0,"mapName":"","maxTrialDuration":0.0,"timeStepTrackingData":[]},{"trialNumber":0,"mapIndex":0,"mapName":"","maxTrialDuration":0.0,"timeStepTrackingData":[]},{"trialNumber":0,"mapIndex":0,"mapName":"","maxTrialDuration":0.0,"timeStepTrackingData":[]},{"trialNumber":0,"mapIndex":0,"mapName":"","maxTrialDuration":0.0,"timeStepTrackingData":[]},{"trialNumber":0,"mapIndex":0,"mapName":"","maxTrialDuration":0.0,"timeStepTrackingData":[]},{"trialNumber":0,"mapIndex":0,"mapName":"","maxTrialDuration":0.0,"timeStepTrackingData":[]},{"trialNumber":0,"mapIndex":0,"mapName":"","maxTrialDuration":0.0,"timeStepTrackingData":[]},{"trialNumber":0,"mapIndex":0,"mapName":"","maxTrialDuration":0.0,"timeStepTrackingData":[]},{"trialNumber":0,"mapIndex":0,"mapName":"","maxTrialDuration":0.0,"timeStepTrackingData":[]},{"trialNumber":0,"mapIndex":0,"mapName":"","maxTrialDuration":0.0,"timeStepTrackingData":[]},{"trialNumber":0,"mapIndex":0,"mapName":"","maxTrialDuration":0.0,"timeStepTrackingData":[]},{"trialNumber":0,"mapIndex":0,"mapName":"","maxTrialDuration":0.0,"timeStepTrackingData":[]},{"trialNumber":0,"mapIndex":0,"mapName":"","maxTrialDuration":0.0,"timeStepTrackingData":[]}]}