{"participantData":{"id":"eefe"},"allTrialData":[{"trialNumber":0,"mapIndex":0,"mapName":"Persistent","maxTrialDuration":0.0,"movementTime":0.0,"trialError":false,"timeStepTrackingData":[]},{"trialNumber":1,"mapIndex":1,"mapName":"StartScreen","maxTrialDuration":0.0,"movementTime":0.0,"trialError":false,"timeStepTrackingData":[]},{"trialNumber":2,"mapIndex":2,"mapName":"tartarus1","maxTrialDuration":0.0,"movementTime":7.7862114906311039,"trialError":false,"timeStepTrackingData":["Time x-position y-position z-position x-rotation y-rotation z-rotation","2.28 155 72.78001 135 0 0 0","2.3 155 72.78001 135 0 0 0","2.34 155 72.78001 135 0 0 0","2.38 155 72.78001 135 0 0 0","2.42 155 72.78001 135 0 0 0","2.46 155 72.78001 135 0 0 0","2.5 155 72.78001 135 0 0 0","2.54 155 72.78001 135 0 0 0","2.58 155 72.78001 135 0 0 0","2.62 155 72.78001 135 0 0 0","2.66 155 72.78001 135 0 0 0","2.7 155 72.78001 135 0 0 0","2.74 155 72.78001 135 0 0 0","2.78 155 72.78001 135 0 0 0","2.82 155 72.78001 135 0 0 0","2.86 155 72.78001 135 0 0 0","2.9 155 72.78001 135 0 0 0","2.94 155 72.78001 135 0 0 0","2.98 155 72.78001 135 0 0 0","3.02 155 72.78001 135 0 0 0","3.06 155 72.78001 135 0 0 0","3.1 155 72.78001 135 0 0 0","3.14 155 72.78001 135 0 0 0","3.18 155 72.78001 135 0 0 0","3.22 155 72.78001 135 0 0 0","3.26 155 72.78001 135 0 0 0","3.3 155 72.78001 135 0 0 0","3.34 155 72.78001 135 0 0 0","3.38 155 72.78001 135 0 0 0","3.42 155 72.78001 135 0 0 0","3.46 155 72.78001 135 0 0 0","3.5 155 72.78001 135 0 0 0","3.54 155 72.78001 135 0 0 0","3.58 155 72.78001 135 0 0 0","3.62 155 72.78001 135 0 0 0","3.66 155 72.78001 135 0 0 0","3.7 155 72.78001 135 0 0 0","3.74 155 72.78001 135 0 0 0","3.78 155 72.78001 135 0 0 0","3.82 155 72.78001 135 0 0 0","3.86 155 72.78001 135 0 0 0","3.9 155 72.78001 135 0 0 0","3.94 155 72.78001 135 0 0 0","3.98 155 72.78001 135 0 0 0","4.02 155 72.78001 135 0 0 0","4.06 155 72.78001 135 0 0 0","4.1 155 72.78001 135 0 0 0","4.14 155 72.78001 135 0 0 0","4.18 155 72.78001 135 0 0 0","4.22 155 72.78001 135 0 0 0","4.26 155 72.78001 135 0 0 0","4.3 155 72.78001 135 0 8 0","4.34 155 72.78001 135 0 20 0","4.38 155 72.78001 135 0 28 0","4.42 155 72.78001 135 0 40 0","4.46 155 72.78001 135 0 48 0","4.5 155 72.78001 135 0 55.99999 0","4.54 155 72.78001 135 0 67.99999 0","4.58 155 72.78001 135 0 75.99998 0","4.62 155 72.78001 135 0 87.99998 0","4.66 155 72.78001 135 0 91.99998 0","4.7 155 72.78001 135 0 91.99998 0","4.74 155 72.78001 135 0 91.99998 0","4.78 155 72.78001 135 0 91.99998 0","4.82 155.2598 72.78001 134.9909 0 91.99998 0","4.86 155.7795 72.78 134.9728 0 91.99998 0","4.9 156.2992 72.78001 134.9546 0 91.99998 0","4.94 156.8189 72.78001 134.9365 0 91.99998 0","4.98 157.3386 72.78001 134.9183 0 91.99998 0","5.02 157.8583 72.78 134.9002 0 91.99998 0","5.06 158.3779 72.78001 134.882 0 91.99998 0","5.1 158.8976 72.78001 134.8639 0 91.99998 0","5.14 159.4173 72.78001 134.8457 0 91.99998 0","5.18 159.937 72.78 134.8276 0 91.99998 0","5.22 160.4567 72.78001 134.8094 0 91.99998 0","5.26 160.9764 72.78001 134.7913 0 91.99998 0","5.3 161.496 72.78001 134.7731 0 91.99998 0","5.34 162.0157 72.78001 134.755 0 91.99998 0","5.38 162.5354 72.78001 134.7369 0 91.99998 0","5.42 163.0551 72.78001 134.7187 0 91.99998 0","5.46 163.5748 72.78001 134.7006 0 91.99998 0","5.5 164.0945 72.78001 134.6824 0 91.99998 0","5.54 164.6141 72.78 134.6643 0 91.99998 0","5.58 165.1338 72.78001 134.6461 0 91.99998 0","5.62 165.6535 72.78001 134.628 0 91.99998 0","5.66 166.1732 72.78001 134.6098 0 91.99998 0","5.7 166.6929 72.78 134.5917 0 91.99998 0","5.74 167.2126 72.78001 134.5735 0 91.99998 0","5.78 167.7322 72.78001 134.5554 0 91.99998 0","5.82 168.2519 72.78001 134.5372 0 91.99998 0","5.86 168.7716 72.78 134.5191 0 91.99998 0","5.9 169.2913 72.78001 134.5009 0 91.99998 0","5.94 169.811 72.78001 134.4828 0 91.99998 0","5.98 170.3307 72.78001 134.4646 0 91.99998 0","6.02 170.8503 72.78001 134.4465 0 91.99998 0","6.06 171.37 72.78 134.4283 0 91.99998 0","6.1 171.8897 72.78001 134.4102 0 91.99998 0","6.14 172.4094 72.78001 134.3921 0 91.99998 0","6.18 172.9291 72.78001 134.3739 0 91.99998 0","6.22 173.4488 72.78 134.3558 0 91.99998 0","6.26 173.9672 72.78001 134.3739 0 83.99998 0","6.3 174.4755 72.77995 134.4819 0 75.99998 0","6.34 174.9638 72.78 134.6597 0 67.99999 0","6.38 175.4312 72.78001 134.8876 0 63.99998 0","6.42 175.8986 72.78001 135.1156 0 63.99998 0","6.46 176.366 72.78001 135.3435 0 63.99998 0","6.5 176.8333 72.78 135.5715 0 63.99998 0","6.54 177.3007 72.78001 135.7994 0 63.99998 0","6.58 177.7681 72.78001 136.0274 0 63.99998 0","6.62 178.2355 72.78001 136.2553 0 63.99998 0","6.66 178.7028 72.78001 136.4833 0 63.99998 0","6.7 179.1702 72.78001 136.7112 0 63.99998 0","6.74 179.629 72.78001 136.9552 0 59.99999 0","6.78 180.0495 72.78001 137.2607 0 51.99998 0","6.82 180.4233 72.78001 137.6217 0 43.99999 0","6.86 180.7845 72.78 137.9957 0 43.99999 0","6.9 181.1458 72.78001 138.3698 0 43.99999 0","6.94 181.507 72.78001 138.7439 0 43.99999 0","6.98 181.8682 72.78001 139.1179 0 43.99999 0","7.02 182.2294 72.78 139.492 0 43.99999 0","7.06 182.5907 72.78001 139.866 0 43.99999 0","7.1 182.9519 72.78001 140.2401 0 43.99999 0","7.14 183.2718 72.78001 140.6496 0 35.99999 0","7.18 183.5317 72.78 141.0996 0 27.99999 0","7.22 183.7432 72.78001 141.5747 0 23.99999 0","7.26 183.9547 72.78001 142.0497 0 23.99999 0","7.3 184.1662 72.78001 142.5248 0 23.99999 0","7.34 184.3777 72.78001 142.9998 0 23.99999 0","7.38 184.5892 72.78 143.4749 0 23.99999 0","7.42 184.8007 72.78001 143.9499 0 23.99999 0","7.46 185.0122 72.78001 144.425 0 23.99999 0","7.5 185.2237 72.78001 144.9 0 23.99999 0","7.54 185.4352 72.78 145.375 0 23.99999 0","7.58 185.6467 72.78001 145.8501 0 23.99999 0","7.62 185.8582 72.78001 146.3251 0 23.99999 0","7.66 186.0188 72.78001 146.8194 0 15.99999 0","7.7 186.1621 72.78 147.3192 0 15.99999 0","7.74 186.3055 72.78001 147.8191 0 15.99999 0","7.78 186.4488 72.78001 148.3189 0 15.99999 0","7.82 186.5921 72.78001 148.8188 0 15.99999 0","7.86 186.7354 72.78001 149.3186 0 15.99999 0","7.9 186.8788 72.78001 149.8185 0 15.99999 0","7.94 187.0221 72.78001 150.3184 0 15.99999 0","7.98 187.1654 72.78001 150.8182 0 15.99999 0","8.02 187.3088 72.78001 151.3181 0 15.99999 0","8.059999 187.4521 72.78 151.8179 0 15.99999 0","8.099999 187.5954 72.78001 152.3178 0 15.99999 0","8.139999 187.7388 72.78001 152.8176 0 15.99999 0","8.179999 187.8821 72.78001 153.3175 0 15.99999 0","8.22 188.0254 72.78 153.8174 0 15.99999 0","8.26 188.1511 72.78001 154.3216 0 11.99999 0","8.3 188.1874 72.78001 154.8403 0 3.999991 0","8.34 188.2237 72.78001 155.3591 0 3.999991 0","8.38 188.26 72.78 155.8778 0 3.999991 0","8.42 188.2962 72.78001 156.3965 0 3.999991 0","8.46 188.3325 72.78001 156.9153 0 3.999991 0","8.5 188.3688 72.78001 157.434 0 3.999991 0","8.54 188.4051 72.78001 157.9527 0 3.999991 0","8.58 188.4413 72.78001 158.4715 0 3.999991 0","8.62 188.4776 72.78001 158.9902 0 3.999991 0","8.66 188.5319 72.78001 159.507 0 7.99999 0","8.7 188.6577 72.78001 160.0113 0 15.99999 0","8.74 188.8355 72.78 160.4999 0 19.99999 0","8.78 189.0134 72.78001 160.9886 0 19.99999 0","8.82 189.1912 72.78001 161.4772 0 19.99999 0","8.86 189.369 72.78001 161.9659 0 19.99999 0","8.9 189.5469 72.78 162.4545 0 19.99999 0","8.94 189.7247 72.78001 162.9431 0 19.99999 0","8.98 189.9026 72.78001 163.4318 0 19.99999 0","9.02 190.0283 72.78001 163.936 0 11.99999 0","9.059999 190.1364 72.78 164.4447 0 11.99999 0","9.099999 190.2446 72.78001 164.9533 0 11.99999 0","9.139999 190.3527 72.78001 165.4619 0 11.99999 0","9.179999 190.4608 72.78001 165.9706 0 11.99999 0","9.22 190.5689 72.78001 166.4792 0 11.99999 0","9.26 190.677 72.78001 166.9878 0 11.99999 0","9.3 190.7851 72.78001 167.4965 0 11.99999 0","9.34 190.8932 72.78001 168.0051 0 11.99999 0","9.38 191.0013 72.78001 168.5137 0 11.99999 0","9.42 191.1095 72.78 169.0224 0 11.99999 0","9.46 191.2176 72.78001 169.531 0 11.99999 0","9.5 191.3257 72.78001 170.0397 0 11.99999 0","9.54 191.4338 