{"participantData":{"id":"Hannah"},"allTrialData":[{"trialNumber":0,"mapIndex":0,"mapName":"Persistent","maxTrialDuration":0.0,"timeStepTrackingData":[]},{"trialNumber":1,"mapIndex":1,"mapName":"StartScreen","maxTrialDuration":0.0,"timeStepTrackingData":[]},{"trialNumber":2,"mapIndex":3,"mapName":"tartarus1","maxTrialDuration":0.0,"timeStepTrackingData":["Time x-position y-position z-position x-rotation y-rotation z-rotation","3.24 195 72.78001 195 0 0 0","3.26 195 72.78001 195 0 0 0","3.3 195 72.78001 195 0 0 0","3.34 195 72.78001 195 0 0 0","3.38 195 72.78001 195 0 0 0","3.42 195 72.78001 195 0 0 0","3.46 195 72.78001 195 0 0 0","3.5 195 72.78001 195 0 0 0","3.54 195 72.78001 195 0 0 0","3.58 195 72.78001 195 0 0 0","3.62 195 72.78001 195 0 0 0","3.66 195 72.78001 195 0 0 0","3.7 195 72.78001 195 0 0 0","3.74 195 72.78001 195 0 0 0","3.78 195 72.78001 195 0 18 0","3.82 195 72.78001 195 0 30 0","3.86 195 72.78001 195 0 48 0","3.9 195 72.78001 195 0 60.00001 0","3.94 195 72.78001 195 0 72 0","3.98 195 72.78001 195 0 90 0","4.02 195 72.78001 195 0 102 0","4.06 195 72.78001 195 0 120 0","4.1 195.2229 72.78001 194.7993 0 132 0","4.14 195.6244 72.78001 194.3534 0 138 0","4.18 196.0259 72.78001 193.9075 0 138 0","4.22 196.4274 72.78001 193.4616 0 138 0","4.26 196.8289 72.78 193.0157 0 138 0","4.3 197.2303 72.78001 192.5698 0 138 0","4.34 197.6318 72.78001 192.1239 0 138 0","4.38 198.0089 72.78001 191.6583 0 144 0","4.42 198.2809 72.78001 191.1244 0 156 0","4.46 198.3746 72.78 190.5326 0 174 0","4.5 198.3433 72.78001 189.9343 0 186 0","4.54 198.1286 72.78001 189.3749 0 204 0","4.58 197.8845 72.78001 188.8268 0 204 0","4.62 197.6405 72.78001 188.2786 0 204 0","4.66 197.3964 72.78001 187.7305 0 204 0","4.7 197.1524 72.78 187.1824 0 204 0","4.74 196.9083 72.78001 186.6342 0 204 0","4.78 196.6643 72.78001 186.0861 0 204 0","4.82 196.4203 72.78001 185.538 0 204 0","4.86 196.1762 72.78 184.9899 0 204 0","4.9 195.9322 72.78001 184.4417 0 204 0","4.94 195.6881 72.78001 183.8936 0 204 0","4.98 195.4441 72.78001 183.3455 0 204 0","5.02 195.2 72.78 182.7973 0 204 0","5.06 194.956 72.78001 182.2492 0 204 0","5.1 194.712 72.78001 181.7011 0 204 0","5.14 194.4679 72.78001 181.153 0 204 0","5.18 194.2239 72.78001 180.6048 0 204 0","5.22 193.9798 72.78001 180.0567 0 204 0","5.26 193.7358 72.78001 179.5086 0 204 0","5.3 193.4918 72.78001 178.9605 0 204 0","5.34 193.2477 72.78001 178.4123 0 204 0","5.38 193.0037 72.78 177.8642 0 204 0","5.42 192.9099 72.78001 177.2724 0 186 0","5.46 192.9413 72.78001 176.6741 0 174 0","5.5 193.066 72.78001 176.0872 0 168 0","5.54 193.1908 72.78001 175.5003 0 168 0","5.58 193.3155 72.78001 174.9134 0 168 0","5.62 193.4403 72.78 174.3265 0 168 0","5.66 193.565 72.78001 173.7396 0 168 0","5.7 193.6898 72.78001 173.1527 0 168 0","5.74 193.8145 72.78001 172.5658 0 168 0","5.78 193.9393 72.78001 171.9789 0 168 0","5.82 194.064 72.78001 171.3921 0 168 0","5.86 194.1888 72.78 170.8052 0 168 0","5.9 194.3135 72.78001 170.2183 0 168 0","5.94 194.4383 72.78001 169.6314 0 168 0","5.98 194.563 72.78001 169.0445 0 168 0"]},{"trialNumber":3,"mapIndex":4,"mapName":"tartarus2","maxTrialDuration":0.0,"timeStepTrackingData":["Time x-position y-position z-position x-rotation y-rotation z-rotation","6 195 72.78001 195 0 0 0","6.02 195 72.78001 195 0 0 0","6.06 195 72.78 195 0 0 0","6.1 195 72.78 195 0 0 0","6.14 195 72.78 195 0 6 0","6.18 195 72.78 195 0 24 0","6.22 195 72.78 195 0 36 0","6.26 195 72.78 195 0 48 0","6.3 195 72.78 195 0 66 0","6.34 195 72.78 195 0 78.00001 0","6.38 195 72.78 195 0 96.00001 0","6.42 195 72.78 195 0 108 0","6.46 195 72.78 195 0 120 0","6.5 195 72.78 195 0 138 0","6.54 195 72.78 195 0 150 0","6.58 195 72.78 195 0 168 0","6.62 195 72.78 195 0 180 0","6.66 195 72.78 195 0 192 0","6.7 194.728 72.78001 194.4661 0 210 0","6.74 194.3509 72.78001 194.0005 0 222 0","6.78 193.8484 72.78001 193.6741 0 240 0","6.82 193.289 72.78 193.4594 0 252 0","6.86 192.6956 72.78001 193.397 0 270 0","6.9 192.1038 72.78001 193.4908 0 282 0","6.94 191.5444 72.78001 193.7055 0 294 0","6.98 191.0787 72.78001 194.0826 0 312 0","7.02 190.6328 72.78 194.4841 0 312 0","7.06 190.187 72.78001 194.8855 0 312 0","7.1 189.7411 72.78001 195.287 0 312 0","7.14 189.2952 72.78001 195.6885 0 312 0","7.18 188.7613 72.78001 195.9605 0 294 0","7.22 188.1826 72.78001 196.1156 0 282 0","7.26 187.5858 72.78 196.1156 0 264 0","7.3 187.0071 72.78 195.9605 0 252 0","7.34 186.4732 72.78001 195.6885 0 240 0","7.38 185.9536 72.78001 195.3885 0 240 0","7.42 185.434 72.78001 195.0885 0 240 0","7.46 184.9144 72.78 194.7885 0 240 0","7.5 184.3947 72.78001 194.4885 0 240 0","7.54 183.8751 72.78001 194.1885 0 240 0","7.58 183.3555 72.78001 193.8885 0 240 0","7.62 182.8359 72.78 193.5885 0 240 0","7.66 182.3163 72.78001 193.2885 0 240 0","7.7 181.7967 72.78001 192.9885 0 240 0","7.74 181.2771 72.78001 192.6885 0 240 0","7.78 180.7574 72.78001 192.3885 0 240 0","7.82 180.2378 72.78001 192.0885 0 240 0","7.86 179.7182 72.78001 191.7885 0 240 0","7.9 179.1986 72.78001 191.4885 0 240 0","7.94 178.679 72.78001 191.1885 0 240 0","7.98 178.1594 72.78 190.8885 0 240 0","8.02 177.6766 72.78001 190.5378 0 228 0","8.059999 177.2995 72.78001 190.0721 0 216 0","8.099999 177.0275 72.78001 189.5382 0 204 0","8.139999 176.9028 72.78001 188.9513 0 192 0","8.179999 176.778 72.78001 188.3645 0 192 0","8.22 176.6533 72.78001 187.7776 0 192 0","8.26 176.5285 72.78 187.1907 0 192 0","8.3 176.4038 72.78001 186.6038 0 192 0","8.34 176.279 72.78001 186.0169 0 192 0","8.38 176.1543 72.78001 185.43 0 192 0","8.42 176.0295 72.78001 184.8431 0 192 0","8.46 175.9048 72.78001 184.2562 0 192 0","8.5 175.78 72.78 183.6694 0 192 0","8.54 175.6553 72.78001 183.0825 0 192 0","8.58 175.5305 72.78001 182.4956 0 192 0","8.62 175.4058 72.78001 181.9087 0 192 0","8.66 175.2811 72.78001 181.3218 0 192 0","8.7 175.1563 72.78001 180.7349 0 192 0","8.74 175.0316 72.78 180.148 0 192 0","8.78 174.9068 72.78001 179.5611 0 192 0","8.82 174.7821 72.78001 178.9742 0 192 0","8.86 174.6573 72.78001 178.3874 0 192 0","8.9 174.5326 72.78001 177.8005 0 192 0","8.94 174.4078 72.78001 177.2136 0 192 0","8.98 174.2831 72.78 176.6267 0 192 0","9.02 174.1583 72.78001 176.0398 0 192 0","9.059999 174.0033 72.78001 175.461 0 198 0","9.099999 173.6769 72.78 174.9585 0 216 0","9.139999 173.2532 72.78001 174.5348 0 228 0","9.179999 172.7678 72.78001 174.1822 0 234 0","9.22 172.2824 72.78001 173.8295 0 234 0","9.26 171.797 72.78 173.4768 0 234 0","9.3 171.3116 72.78001 173.1242 0 234 0"]},{"trialNumber":4,"mapIndex":5,"mapName":"tartarus3","maxTrialDuration":0.0,