{"participantData":{"id":"Hannah"},"allTrialData":[{"trialNumber":0,"mapIndex":0,"mapName":"Persistent","maxTrialDuration":0.0,"timeStepTrackingData":[]},{"trialNumber":1,"mapIndex":1,"mapName":"StartScreen","maxTrialDuration":0.0,"timeStepTrackingData":[]},{"trialNumber":2,"mapIndex":3,"mapName":"tartarus1","maxTrialDuration":0.0,"timeStepTrackingData":["Time x-position y-position z-position x-rotation y-rotation z-rotation","2.74 195 72.78001 195 0 0 0","2.76 195 72.78001 195 0 0 0","2.8 195 72.78001 195 0 0 0","2.84 195 72.78001 195 0 0 0","2.88 195 72.78001 195 0 0 0","2.92 195 72.78001 195 0 0 0","2.96 195 72.78001 195 0 0 0","3 195 72.78001 195 0 0 0","3.04 195 72.78001 195 0 0 0","3.08 195 72.78001 195 0 0 0","3.12 195 72.78001 195 0 0 0","3.16 195 72.78001 195 0 0 0","3.2 195 72.78001 195 0 0 0","3.24 195 72.78001 195 0 0 0","3.28 195 72.78001 195 0 0 0","3.32 195 72.78001 195 0 0 0","3.36 195 72.78001 195 0 0 0","3.4 195 72.78001 195 0 12 0","3.44 195 72.78001 195 0 30 0","3.48 195 72.78001 195 0 42 0","3.52 195 72.78001 195 0 54 0","3.56 195 72.78001 195 0 72 0","3.6 195 72.78001 195 0 84 0","3.64 195 72.78001 195 0 102 0","3.68 195 72.78001 195 0 114 0","3.72 195 72.78001 195 0 126 0","3.76 195 72.78001 195 0 144 0","3.8 195 72.78001 195 0 156 0","3.84 195.0314 72.78001 194.7016 0 174 0","3.88 195 72.78001 194.1033 0 186 0","3.92 194.8753 72.78001 193.5164 0 192 0","3.96 194.7505 72.78001 192.9295 0 192 0","4 194.6258 72.78 192.3426 0 192 0","4.04 194.501 72.78001 191.7557 0 192 0","4.08 194.3763 72.78001 191.1688 0 192 0","4.12 194.2515 72.78001 190.582 0 192 0","4.16 194.1268 72.78001 189.9951 0 192 0","4.2 194.002 72.78 189.4082 0 192 0","4.24 193.8773 72.78001 188.8213 0 192 0","4.28 193.7525 72.78001 188.2344 0 192 0","4.32 193.6278 72.78001 187.6475 0 192 0","4.36 193.503 72.78001 187.0606 0 192 0","4.4 193.3783 72.78001 186.4737 0 192 0","4.44 193.2535 72.78 185.8868 0 192 0","4.48 193.1288 72.78001 185.3 0 192 0","4.52 193.004 72.78001 184.7131 0 192 0","4.56 192.8793 72.78001 184.1262 0 192 0","4.6 192.7545 72.78001 183.5393 0 192 0","4.64 192.6298 72.78001 182.9524 0 192 0","4.68 192.5051 72.78 182.3655 0 192 0","4.72 192.3803 72.78001 181.7786 0 192 0","4.76 192.2556 72.78001 181.1917 0 192 0","4.8 192.1308 72.78001 180.6049 0 192 0","4.84 192.0061 72.78001 180.018 0 192 0"]},{"trialNumber":3,"mapIndex":4,"mapName":"tartarus2","maxTrialDuration":0.0,"timeStepTrackingData":["Time x-position y-position z-position x-rotation y-rotation z-rotation","4.88 195 72.78001 195 0 0 0","4.9 195 72.78001 195 0 0 0","4.94 195 72.78 195 0 0 0","4.98 195 72.78 195 0 12 0","5.02 195 72.78 195 0 30 0","5.06 195 72.78 195 0 42 0","5.1 195 72.78 195 0 54 0","5.14 195 72.78 195 0 72 0","5.18 195 72.78 195 0 84 0","5.22 195 72.78 195 0 102 0","5.26 195 72.78 195 0 114 0","5.3 195 72.78 195 0 132 0","5.34 195 72.78 195 0 144 0","5.38 195 72.78 195 0 156 0","5.42 195 72.78 195 0 174 0","5.46 195 72.78 195 0 186 0","5.5 194.878 72.78001 194.7259 0 204 0","5.54 194.5516 72.78001 194.2234 0 216 0","5.58 194.128 72.78 193.7997 0 228 0","5.62 193.6821 72.78001 193.3983 0 228 0","5.66 193.2362 72.78001 192.9968 0 228 0","5.7 192.7903 72.78001 192.5953 0 228 0","5.74 192.3444 72.78 192.1938 0 228 0","5.78 191.8985 72.78001 191.7923 0 228 0","5.82 191.4526 72.78001 191.3909 0 228 0","5.86 191.0067 72.78001 190.9894 0 228 0","5.9 190.5609 72.77908 190.5879 0 228 0","5.94 190.115 72.78001 190.1864 0 228 0","5.98 189.6691 72.78001 189.785 0 228 0","6.02 189.2034 72.78001 189.4079 0 234 0","6.06 188.6696 72.78001 189.1359 0 246 0","6.1 188.0778 72.78001 189.0421 0 264 0","6.14 187.4811 72.78001 188.9794 0 264 0","6.18 186.8843 72.78001 188.9167 0 264 0","6.22 186.2876 72.78001 188.854 0 264 0","6.26 185.6909 72.78 188.7913 0 264 0","6.3 185.0942 72.78001 188.7285 0 264 0","6.34 184.4975 72.78001 188.6658 0 264 0","6.38 183.9008 72.78001 188.6031 0 264 0","6.42 183.3041 72.78001 188.5404 0 264 0","6.46 182.7074 72.78001 188.4777 0 264 0","6.5 182.1106 72.78 188.415 0 264 0","6.54 181.5139 72.78001 188.3522 0 264 0","6.58 180.9172 72.78001 188.2895 0 264 0","6.62 180.3205 72.78001 188.2268 0 264 0","6.66 179.7368 72.78001 188.1028 0 252 0","6.7 179.203 72.78001 187.8307 0 240 0","6.74 178.7373 72.78 187.4537 0 228 0","6.78 178.2914 72.78001 187.0522 0 228 0","6.82 177.8455 72.78001 186.6507 0 228 0","6.86 177.3996 72.78001 186.2492 0 228 0","6.9 176.9538 72.78001 185.8477 0 228 0","6.94 176.5545 72.78001 185.4043 0 216 0","6.98 176.2545 72.78001 184.8847 0 210 0","7.02 175.9545 72.78001 184.3651 0 210 0","7.06 175.6545 72.78001 183.8454 0 210 0","7.1 175.3545 72.78 183.3258 0 210 0","7.14 175.0545 72.78001 182.8062 0 210 0","7.18 174.7545 72.78001 182.2866 0 210 0","7.22 174.4545 72.78001 181.767 0 210 0","7.26 174.1545 72.78 181.2474 0 210 0","7.3 173.8545 72.78001 180.7278 0 210 0","7.34 173.5545 72.78001 180.2081 0 210 0"]},{"trialNumber":4,"mapIndex":5,"mapName":"tartarus3","maxTrialDuration":0.0,"timeStepTrackingData":["Time x-position y-position z-position x-rotation y-rotation z-rotation","7.38 195 72.78001 195 0 0 0","7.4 195 72.78001 195 0 0 0","7.44 195 72.78 195 0 0 0","7.48 195 72.78 195 0 12 0","7.52 195 72.78 195 0 24 0","7.56 195 72.78 195 0 42 0","7.6 195 72.78 195 0 54 0","7.64 195 72.78 195 0 72 0","7.68 195 72.78 195 0 84 0","7.72 195 72.78 195 0 96.00001 0","7.76 195 72.78 195 0 114 0","7.8 195 72.78 195 0 126 0","7.84 195 72.78 195 0 144 0","7.88 195 72.78 195 0 156 0","7.92 195 72.78 195 0 168 0","7.96 195 72.78 195 0 186 0","8 195 72.78 195 0 198 0","8.04 194.6737 72.78001 194.4975 0 216 0","8.08 194.2722 72.78001 194.0516 0 222 0","8.12 193.8707 72.78001 193.6057 0 222 0","8.16 193.4692 72.78 193.1598 0 222 0","8.2 193.0677 72.78001 192.7139 0 222 0","8.24 192.6663 72.78001 192.2681 0 222 0","8.28 192.2648 72.78001 191.8222 0 222 0","8.32 191.8633 72.78001 191.3763 0 222 0","8.36 191.4618 72.78001 190.9304 0 222 0","8.4 191.0604 72.78001 190.4845 0 222 0","8.44 190.5578 72.78001 190.1582 0 240 0","8.48 189.9985 72.78001 189.9435 0 252 0","8.52 189.4001 72.78001 189.9121 0 270 0","8.559999 188.8083 72.78001 190.0058 0 282 0","8.599999 188.2214 72.78001 190.1306 0 282 0","8.639999 187.6345 72.78001 190.2553 0 282 0","8.679999 187.0476 72.78 190.3801 0 282 0","8.72 186.4608 72.78001 190.5048 0 282 0","8.76 185.8739 72.78001 190.6295 0 282 0","8.8 185.287 72.78001 190.7543 0 282 0","8.84 184.7001 72.78001 190.879 0 282 0","8.88 184.1132 72.78 191.0038 0 282 0","8.92 183.5263 72.78 191.1285 0 282 0","8.96 182.9394 72.78001 191.2533 0 282 0","9 182.3525 72.78001 191.378 0 282 0","9.04 181.7656 72.78001 191.5028 0 282 0","9.08 181.1788 72.78001 191.6275 0 282 0","9.12 180.5919 72.78 191.7523 0 282 0","9.16 180.005 72.78001 191.877 0 282 0","9.2 179.4181 72.78001 192.0018 0 282 0","9.24 178.8312 72.78001 192.1265 0 282 0","9.28 178.2443 72.78001 192.2513 0 282 0","9.32 177.6574 72.78001 192.376 0 282 0","9.36 177.0705 72.78 192.5008 0 282 0","9.4 176.4836 72.78001 192.6255 0 282 0","9.44 175.8968 72.78001 192.7503 0 282 0","9.48 175.3099 72.78001 192.875 0 282 0","9.52 174.723 72.78001 192.9998 0 282 0","9.559999 174.1361 72.78001 193.1245 0 282 0"]},{"trialNumber":0,"mapIndex":0,"mapName":"","maxTrialDuration":0.0,"timeStepTrackingData":[]},{"trialNumber":0,"mapIndex":0,"mapName":"","maxTrialDuration":0.0,"timeStepTrackingData":[]},{"trialNumber":0,"mapIndex":0,"mapName":"","maxTrialDuration":0.0,"timeStepTrackingData":[]},{"trialNumber":0,"mapIndex":0,"mapName":"","maxTrialDuration":0.0,"timeStepTrackingData":[]},{"trialNumber":0,"mapIndex":0,"mapName":"","maxTrialDuration":0.0,"timeStepTrackingData":[]},{"trialNumber":0,"mapIndex":0,"mapName":"","maxTrialDuration":0.0,"timeStepTrackingData":[]},{"trialNumber":0,"mapIndex":0,"mapName":"","maxTrialDuration":0.0,"timeStepTrackingData":[]},{"trialNumber":0,"mapIndex":0,"mapName":"","maxTrialDuration":0.0,"timeStepTrackingData":[]},{"trialNumber":0,"mapIndex":0,"mapName":"","maxTrialDuration":0.0,