{"participantData":{"id":"example"},"allTrialData":[{"trialNumber":0,"mapIndex":0,"mapName":"Persistent","maxTrialDuration":0.0,"movementTime":0.0,"trialError":false,"timeStepTrackingData":[]},{"trialNumber":1,"mapIndex":1,"mapName":"StartScreen","maxTrialDuration":0.0,"movementTime":0.0,"trialError":false,"timeStepTrackingData":[]},{"trialNumber":2,"mapIndex":2,"mapName":"tartarus1","maxTrialDuration":0.0,"movementTime":0.0,"trialError":false,"timeStepTrackingData":["Time x-position y-position z-position x-rotation y-rotation z-rotation","1.08 185 72.78001 165 0 0 0","1.1 185 72.78001 165 0 0 0","1.14 185 72.78001 165 0 0 0","1.18 185 72.78001 165 0 0 0","1.22 185 72.78001 165 0 0 0","1.26 185 72.78001 165 0 0 0","1.3 185 72.78001 165 0 0 0","1.34 185 72.78001 165 0 0 0","1.38 185 72.78001 165 0 0 0","1.42 185 72.78001 165 0 0 0","1.46 185 72.78001 165 0 0 0","1.5 185 72.78001 165 0 0 0","1.54 185 72.78001 165 0 0 0","1.58 185 72.78001 165 0 0 0","1.62 185 72.78001 165 0 0 0","1.66 185 72.78001 165 0 0 0","1.7 185 72.78001 165 0 0 0","1.74 185 72.78001 165 0 0 0","1.78 185 72.78001 165 0 0 0","1.82 185 72.78001 165 0 0 0","1.86 185 72.78001 165 0 0 0","1.9 185 72.78001 165 0 0 0","1.94 185 72.78001 165 0 0 0","1.98 185 72.78001 165 0 0 0","2.02 185 72.78001 165 0 0 0","2.06 185 72.78001 165 0 0 0","2.1 185 72.78001 165 0 0 0","2.14 185 72.78001 165 0 354 0","2.18 185 72.78001 165 0 342 0","2.22 185 72.78001 165 0 324 0","2.26 185 72.78001 165 0 312 0","2.3 185 72.78001 165 0 294 0","2.34 185 72.78001 165 0 282 0","2.38 185 72.78001 165 0 270 0","2.42 185 72.78001 165 0 252 0","2.46 185 72.78001 165 0 240 0","2.5 185 72.78001 165 0 222 0","2.54 185 72.78001 165 0 210 0","2.58 185 72.78001 165 0 192 0","2.62 185 72.78001 165 0 186 0","2.66 185 72.78001 165 0 186 0","2.7 185 72.78001 165 0 186 0","2.74 185 72.78001 165 0 186 0","2.78 185 72.78001 165 0 186 0","2.82 185 72.78001 165 0 186 0","2.86 185 72.78001 165 0 186 0","2.9 185 72.78001 165 0 186 0","2.94 185 72.78001 165 0 186 0","2.98 185 72.78001 165 0 186 0","3.02 185 72.78001 165 0 186 0","3.06 185 72.78001 165 0 186 0","3.1 185 72.78001 165 0 186 0","3.14 185 72.78001 165 0 186 0","3.18 184.9686 72.78001 164.7016 0 186 0","3.22 184.9059 72.78001 164.1049 0 186 0","3.26 184.8432 72.78001 163.5082 0 186 0","3.3 184.7805 72.78001 162.9115 0 186 0","3.34 184.7178 72.78 162.3148 0 186 0","3.38 184.6551 72.78001 161.7181 0 186 0","3.42 184.5923 72.78001 161.1214 0 186 0","3.46 184.5296 72.78001 160.5247 0 186 0","3.5 184.4669 72.78001 159.9279 0 186 0","3.54 184.4042 72.78 159.3312 0 186 0","3.58 184.3105 72.78001 158.7394 0 192 0","3.62 184.0957 72.78001 158.18 0 204 0","3.66 183.7431 72.78001 157.6946 0 216 0","3.7 183.3904 72.78001 157.2092 0 216 0","3.74 183.0377 72.78001 156.7238 0 216 0","3.78 182.685 72.78 156.2384 0 216 0","3.82 182.3324 72.78001 155.753 0 216 0","3.86 181.9797 72.78001 155.2676 0 216 0","3.9 181.627 72.78001 154.7822 0 216 0","3.94 181.2744 72.78 154.2968 0 216 0","3.98 180.9217 72.78001 153.8114 0 216 0","4.02 180.569 72.78001 153.3259 0 216 0","4.06 180.2164 72.78001 152.8405 0 216 0","4.1 179.8637 72.78 152.3551 0 216 0","4.14 179.511 72.78001 151.8697 0 216 0","4.18 179.1583 72.78001 151.3843 0 216 0","4.22 178.8057 72.78001 150.8989 0 216 0","4.26 178.453 72.78001 150.4135 0 216 0","4.3 178.1003 72.76662 149.9281 0 216 0","4.34 177.7477 72.55878 149.4427 0 216 0","4.38 177.395 72.51953 148.9572 0 216 0","4.42 177.0423 72.4489 148.4718 0 216 0","4.46 176.6896 72.34688 147.9864 0 216 0","4.5 176.337 72.21346 147.501 0 216 0","4.54 175.9843 72.04865 147.0156 0 216 0","4.58 175.5606 71.85246 146.5919 0 228 0","4.62 175.0267 71.62486 146.3199 0 246 0","4.66 174.448 71.36588 146.1648 0 258 0","4.7 173.8513 71.0755 146.1648 0 276 0","4.74 173.2644 70.75373 146.2896 0 282 0","4.78 172.9709 70.40057 146.3519 0 282 0","4.82 172.9709 70.01602 146.3519 0 282 0","4.86 172.9709 69.60007 146.3519 0 282 0","4.9 172.9709 69.15274 146.3519 0 282 0","4.94 172.9709 68.67401 146.3519 0 282 0","4.98 172.9709 68.16389 146.3519 0 282 0","5.02 172.9709 67.62238 146.3519 0 282 0","5.06 172.9709 67.04948 146.3519 0 282 0","5.1 172.9709 66.44518 146.3519 0 282 0","5.14 172.9709 65.80949 146.3519 0 282 0","5.18 172.9709 65.14242 146.3519 0 282 0","5.22 172.9709 64.44395 146.3519 0 282 0","5.26 172.9709 63.71408 146.3519 0 282 0","5.3 172.9709 62.95282 146.3519 0 282 0","5.34 172.9709 62.16018 146.3519 0 282 0","5.38 172.9709 61.33614 146.3519 0 282 0","5.42 172.9709 60.48071 146.3519 0 282 0","5.46 172.9709 59.59388 146.3519 0 282 0","5.5 172.9709 58.67566 146.3519 0 282 0","5.54 172.9709 57.72606 146.3519 0 282 0","5.58 172.9709 56.74506 146.3519 0 282 0","5.62 172.9709 55.73266 146.3519 0 282 0","5.66 172.9709 54.68888 146.3519 0 282 0","5.7 172.9709 53.6137 146.3519 0 282 0","5.74 172.9709 52.50713 146.3519 0 282 0","5.78 172.9709 51.36917 146.3519 0 282 0","5.82 172.9709 50.19982 146.3519 0 282 0","5.86 172.9709 48.99907 146.3519 0 282 0","5.9 172.9709 47.76694 146.3519 0 282 0","5.94 172.9709 46.50341 146.3519 0 282 0","5.98 172.9709 45.20849 146.3519 0 282 0","6.02 172.9709 43.88218 146.3519 0 282 0","6.06 172.9709 42.52447 146.3519 0 282 0","6.1 172.9709 41.13537 146.3519 0 282 0","6.14 172.9709 39.71489 146.3519 0 282 0","6.18 172.9709 38.263 146.3519 0 282 0","6.22 172.9709 36.77973 146.3519 0 282 0","6.26 172.9709 35.26507 146.3519 0 282 0","6.3 172.9709 33.71901 146.3519 0 282 0"]},{"trialNumber":0,"mapIndex":0,"mapName":"","maxTrialDuration":0.0,"movementTime":0.0,"trialError":false,"timeStepTrackingData":[]},{"trialNumber":0,"mapIndex":0,"mapName":"","maxTrialDuration":0.0,"movementTime":0.0,"trialError":false,"timeStepTrackingData":[]},{"trialNumber":0,"mapIndex":0,"mapName":"","maxTrialDuration":0.0,"movementTime":0.0,"trialError":false,"timeStepTrackingData":[]},{"trialNumber":0,"mapIndex":0,"mapName":"","maxTrialDuration":0.0,"movementTime":0.0,"trialError":false,"timeStepTrackingData":[]},{"trialNumber":0,"mapIndex":0,"mapName":"","maxTrialDuration":0.0,"movementTime":0.0,"trialError":false,"timeStepTrackingData":[]},{"trialNumber":0,"mapIndex":0,"mapName":"","maxTrialDuration":0.0,"movementTime":0.0,"trialError":false,"timeStepTrackingData":[]},{"trialNumber":0,"mapIndex":0,"mapName":"","maxTrialDuration":0.0,"movementTime":0.0,"trialError":false,"timeStepTrackingData":[]},{"trialNumber":0,"mapIndex":0,"mapName":"","maxTrialDuration":0.0,"movementTime":0.0,"trialError":false,"timeStepTrackingData":[]},{"trialNumber":0,"mapIndex":0,"mapName":"","maxTrialDuration":0.0,"movementTime":0.0,"trialError":false,"timeStepTrackingData":[]},{"trialNumber":0,"mapIndex":0,"mapName":"","maxTrialDuration":0.0,"movementTime":0.0,"trialError":false,"timeStepTrackingData":[]},{"trialNumber":0,"mapIndex":0,"mapName":"","maxTrialDuration":0.0,"movementTime":0.0,"trialError":false,"timeStepTrackingData":[]},{"trialNumber":0,"mapIndex":0,"mapName":"","maxTrialDuration":0.0,"movementTime":0.0,"trialError":false,"timeStepTrackingData":[]},{"trialNumber":0,"mapIndex":0,"mapName":"","maxTrialDuration":0.0,"movementTime":0.0,"trialError":false,"timeStepTrackingData":[]},{"trialNumber":0,"mapIndex":0,"mapName":"","maxTrialDuration":0.0,"movementTime":0.0,"trialError":false,"timeStepTrackingData":[]},{"trialNumber":0,"mapIndex":0,"mapName":"","maxTrialDuration":0.0,"movementTime":0.0,"trialError":false,"timeStepTrackingData":[]},{"trialNumber":0,"mapIndex":0,"mapName":"","maxTrialDuration":0.0,"movementTime":0.0,"trialError":false,"timeStepTrackingData":[]},{"trialNumber":0,"mapIndex":0,"mapName":"","maxTrialDuration":0.0,"movementTime":0.0,"trialError":false,"timeStepTrackingData":[]},{"trialNumber":0,"mapIndex":0,"mapName":"","maxTrialDuration":0.0,"movementTime":0.0,"trialError":false,"timeStepTrackingData":[]},{"trialNumber":0,"mapIndex":0,"mapName":"","maxTrialDuration":0.0,"movementTime":0.0,"trialError":false,"timeStepTrackingData":[]},{"trialNumber":0,"mapIndex":0,"mapName":"",