{"participantData":{"id":"G"},"allTrialData":[{"trialNumber":0,"mapIndex":0,"mapName":"Persistent","maxTrialDuration":0.0,"timeStepTrackingData":[]},{"trialNumber":1,"mapIndex":1,"mapName":"StartScreen","maxTrialDuration":0.0,"timeStepTrackingData":[]},{"trialNumber":2,"mapIndex":3,"mapName":"tartarus1","maxTrialDuration":0.0,"timeStepTrackingData":["Time x-position y-position z-position x-rotation y-rotation z-rotation","1.716008 195 72.5 195 0 0 0","1.74 195 72.78001 195 0 0 0","1.78 195 72.78001 195 0 0 0","1.82 195 72.78001 195 0 0 0","1.86 195 72.78001 195 0 0 0","1.9 195 72.78001 195 0 0 0","1.94 195 72.78001 195 0 0 0","1.98 195 72.78001 195 0 0 0","2.02 195 72.78001 195 0 0 0","2.06 195 72.78001 195 0 0 0","2.1 195 72.78001 195 0 0 0","2.14 195 72.78001 195 0 0 0","2.18 195 72.78001 195 0 12 0","2.22 195 72.78001 195 0 24 0","2.26 195 72.78001 195 0 42 0","2.3 195 72.78001 195 0 54 0","2.34 195 72.78001 195 0 72 0","2.38 195 72.78001 195 0 84 0","2.42 195 72.78001 195 0 102 0","2.46 195 72.78001 195 0 114 0","2.5 195 72.78001 195 0 126 0","2.54 195.4015 72.78 194.5541 0 138 0","2.58 195.803 72.78001 194.1082 0 138 0","2.62 196.2044 72.78001 193.6623 0 138 0","2.66 196.6059 72.78001 193.2164 0 138 0","2.7 197.0074 72.78001 192.7706 0 138 0","2.74 197.4089 72.78001 192.3247 0 138 0","2.78 197.8103 72.78 191.8788 0 138 0","2.82 198.2118 72.78001 191.4329 0 138 0","2.86 198.6133 72.78001 190.987 0 138 0","2.9 199.0148 72.78001 190.5411 0 138 0","2.94 199.3411 72.78001 190.0386 0 150 0","2.98 199.5558 72.78001 189.4792 0 162 0","3.02 199.5872 72.78 188.8809 0 180 0","3.06 199.4935 72.78001 188.2891 0 192 0","3.1 199.2787 72.78 187.7297 0 204 0","3.14 199.0347 72.78001 187.1816 0 204 0","3.18 198.7907 72.78001 186.6334 0 204 0","3.22 198.5466 72.78001 186.0853 0 204 0","3.26 198.3026 72.78 185.5372 0 204 0","3.3 198.0585 72.78001 184.9891 0 204 0","3.34 197.8145 72.78001 184.4409 0 204 0","3.38 197.5704 72.78001 183.8928 0 204 0","3.42 197.3264 72.78 183.3447 0 204 0","3.46 197.0824 72.78001 182.7966 0 204 0","3.5 196.8383 72.78001 182.2484 0 204 0","3.54 196.5943 72.78001 181.7003 0 204 0","3.58 196.3502 72.78001 181.1522 0 204 0","3.62 196.1062 72.78 180.604 0 204 0","3.66 195.8622 72.78001 180.0559 0 204 0","3.7 195.6181 72.78001 179.5078 0 204 0","3.74 195.3741 72.78001 178.9597 0 204 0","3.78 195.13 72.78 178.4115 0 204 0","3.82 194.886 72.78001 177.8634 0 204 0"]},{"trialNumber":3,"mapIndex":4,"mapName":"tartarus2","maxTrialDuration":0.0,"timeStepTrackingData":["Time x-position y-position z-position x-rotation y-rotation z-rotation","3.84 195 72.78001 195 0 0 0","3.86 195 72.78001 195 0 0 0","3.9 195 72.78 195 0 6 0","3.94 195 72.78 195 0 18 0","3.98 195 72.78 195 0 30 0","4.02 195 72.78 195 0 48 0","4.06 195 72.78 195 0 60.00001 0","4.1 195 72.78 195 0 78.00001 0","4.14 195 72.78 195 0 90 0","4.18 195 72.78 195 0 108 0","4.22 195 72.78 195 0 120 0","4.26 195.2229 72.78001 194.7993 0 132 0","4.3 195.5493 72.78001 194.2968 0 150 0","4.34 195.8493 72.78 193.7771 0 150 0","4.38 196.1493 72.78001 193.2575 0 150 0","4.42 196.4493 72.78001 192.7379 0 150 0","4.46 196.7493 72.78001 192.2183 0 150 0","4.5 197.0493 72.78001 191.6987 0 150 0","4.54 197.3493 72.78001 191.1791 0 150 0","4.58 197.6493 72.78 190.6594 0 150 0","4.62 197.9493 72.78001 190.1398 0 150 0","4.66 198.2493 72.78001 189.6202 0 150 0","4.7 198.5213 72.78001 189.0863 0 156 0","4.74 198.6764 72.78001 188.5076 0 168 0","4.78 198.645 72.78001 187.9092 0 186 0","4.82 198.4899 72.78001 187.3305 0 198 0","4.86 198.3045 72.78001 186.7598 0 198 0","4.9 198.1191 72.78001 186.1892 0 198 0","4.94 197.9337 72.78001 185.6186 0 198 0","4.98 197.7483 72.78001 185.0479 0 198 0","5.02 197.5629 72.78001 184.4773 0 198 0","5.06 197.3775 72.78001 183.9067 0 198 0","5.1 197.1921 72.78001 183.336 0 198 0","5.14 197.0067 72.78 182.7654 0 198 0","5.18 196.8212 72.78001 182.1947 0 198 0","5.22 196.6358 72.78001 181.6241 0 198 0","5.26 196.4504 72.78001 181.0535 0 198 0","5.3 196.265 72.78 180.4828 0 198 0","5.34 196.0796 72.78001 179.9122 0 198 0","5.38 195.8942 72.78001 179.3416 0 198 0","5.42 195.7088 72.78001 178.771 0 198 0","5.46 195.5234 72.78 178.2003 0 198 0","5.5 195.338 72.78001 177.6297 0 198 0","5.54 195.1526 72.78001 177.0591 0 198 0","5.58 194.9671 72.78001 176.4884 0 198 0","5.62 194.7817 72.78001 175.9178 0 198 0","5.66 194.5963 72.78001 175.3472 0 198 0","5.7 194.4109 72.78001 174.7765 0 198 0","5.74 194.2255 72.78001 174.2059 0 198 0","5.78 194.1318 72.78001 173.6141 0 186 0","5.82 194.1941 72.78001 173.0206 0 168 0","5.86 194.3189 72.78 172.4337 0 168 0","5.9 194.4436 72.78001 171.8469 0 168 0","5.94 194.5684 72.78001 171.26 0 168 0","5.98 194.6931 72.78001 170.6731 0 168 0","6.02 194.8179 72.78001 170.0862 0 168 0","6.06 194.9426 72.78001 169.4993 0 168 0","6.1 195.0364 72.78 168.9075 0 174 0","6.14 194.9426 72.78001 168.3157 0 192 0","6.18 194.8179 72.78001 167.7288 0 192 0","6.22 194.6931 72.78001 167.1419 0 192 0","6.26 194.5684 72.78001 166.555 0 192 0","6.3 194.4436 72.78001 165.9682 0 192 0","6.34 194.3189 72.78 165.3813 0 192 0","6.38 194.1941 72.78001 164.7944 0 192 0","6.42 194.0694 72.78001 164.2075 0 192 0","6.46 193.9446 72.78001 163.6206 0 192 0","6.5 193.8199 72.78001 163.0337 0 192 0","6.54 193.6951 72.78001 162.4468 0 192 0","6.58 193.5704 72.78 161.8599 0 192 0","6.62 193.4457 72.78001 161.273 0 192 0","6.66 193.3209 72.78001 160.6862 0 192 0","6.7 193.1962 72.78001 160.0993 0 192 0","6.74 193.0714 72.78001 159.5124 0 192 0","6.78 192.9467 72.78001 158.9255 0 192 0","6.82 192.8219 72.78 158.3386 0 192 0","6.86 192.6972 72.78001 157.7517 0 192 0"]},{"trialNumber":0,"mapIndex":0,"mapName":"","maxTrialDuration":0.0,"timeStepTrackingData":[]},{"trialNumber":0,"mapIndex":0,"mapName":"","maxTrialDuration":0.0,"timeStepTrackingData":[]},{"trialNumber":0,"mapIndex":0,"mapName":"","maxTrialDuration":0.0,"timeStepTrackingData":[]},{"trialNumber":0,"mapIndex":0,"mapName":"","maxTrialDuration":0.0,"timeStepTrackingData":[]},{"trialNumber":0,"mapIndex":0,"mapName":"","maxTrialDuration":0.0,"timeStepTrackingData":[]},{"trialNumber":0,"mapIndex":0,"mapName":"","maxTrialDuration":0.0,"timeStepTrackingData":[]},{"trialNumber":0,"mapIndex":0,"mapName":"","maxTrialDuration":0.0,"timeStepTrackingData":[]},{"trialNumber":0,"mapIndex":0,"mapName":"","maxTrialDuration":0.0,"timeStepTrackingData":[]},{"trialNumber":0,"mapIndex":0,"mapName":"","maxTrialDuration":0.0,"timeStepTrackingData":[]},{"trialNumber":0,"mapIndex":0,"mapName":"","maxTrialDuration":0.0,"timeStepTrackingData":[]},{"trialNumber":0,"mapIndex":0,"mapName":"","maxTrialDuration":0.0,"timeStepTrackingData":[]},{"trialNumber":0,"mapIndex":0,"mapName":"","maxTrialDuration":0.0,"timeStepTrackingData":[]},{"trialNumber":0,"mapIndex":0,"mapName":"","maxTrialDuration":0.0,"timeStepTrackingData":[]},{"trialNumber":0,"mapIndex":0,"mapName":"","maxTrialDuration":0.0,"timeStepTrackingData":[]},{"trialNumber":0,"mapIndex":0,"mapName":"","maxTrialDuration":0.0,"timeStepTrackingData":[]},{"trialNumber":0,"mapIndex":0,"mapName":"","maxTrialDuration":0.0,"timeStepTrackingData":[]}]}