{"participantData":{"id":"erere"},"allTrialData":[{"trialNumber":0,"mapIndex":0,"mapName":"Persistent","maxTrialDuration":0.0,"movementTime":0.0,"trialError":false,"timeStepTrackingData":[]},{"trialNumber":1,"mapIndex":1,"mapName":"StartScreen","maxTrialDuration":0.0,"movementTime":0.0,"trialError":false,"timeStepTrackingData":[]},{"trialNumber":2,"mapIndex":2,"mapName":"tartarus1","maxTrialDuration":0.0,"movementTime":3.9368181228637697,"trialError":false,"timeStepTrackingData":["Time x-position y-position z-position x-rotation y-rotation z-rotation","1.6 165 72.78001 175 0 0 0","1.62 165 72.78001 175 0 0 0","1.66 165 72.78001 175 0 0 0","1.7 165 72.78001 175 0 0 0","1.74 165 72.78001 175 0 0 0","1.78 165 72.78001 175 0 0 0","1.82 165 72.78001 175 0 0 0","1.86 165 72.78001 175 0 0 0","1.9 165 72.78001 175 0 0 0","1.94 165 72.78001 175 0 0 0","1.98 165 72.78001 175 0 0 0","2.02 165 72.78001 175 0 0 0","2.06 165 72.78001 175 0 0 0","2.1 165 72.78001 175 0 0 0","2.14 165 72.78001 175 0 0 0","2.18 165 72.78001 175 0 0 0","2.22 165 72.78001 175 0 0 0","2.26 165 72.78001 175 0 0 0","2.3 165 72.78001 175 0 0 0","2.34 165 72.78001 175 0 0 0","2.38 165 72.78001 175 0 8 0","2.42 165 72.78001 175 0 20 0","2.46 165 72.78001 175 0 28 0","2.5 165 72.78001 175 0 40 0","2.54 165 72.78001 175 0 48 0","2.58 165 72.78001 175 0 55.99999 0","2.62 165 72.78001 175 0 67.99999 0","2.66 165 72.78001 175 0 75.99998 0","2.7 165 72.78001 175 0 67.99999 0","2.74 165 72.78001 175 0 60 0","2.78 165.1932 72.78001 175.174 0 47.99999 0","2.82 165.5797 72.78 175.5219 0 47.99999 0","2.86 165.9661 72.78001 175.8699 0 47.99999 0","2.9 166.3525 72.78001 176.2178 0 47.99999 0","2.94 166.739 72.78001 176.5658 0 47.99999 0","2.98 167.1254 72.78 176.9137 0 47.99999 0","3.02 167.5118 72.78001 177.2617 0 47.99999 0","3.06 167.8983 72.78001 177.6096 0 47.99999 0","3.1 168.2847 72.78001 177.9576 0 47.99999 0","3.14 168.6711 72.78 178.3055 0 47.99999 0","3.18 169.0576 72.78001 178.6535 0 47.99999 0","3.22 169.444 72.78001 179.0014 0 47.99999 0","3.26 169.8304 72.78001 179.3493 0 47.99999 0","3.3 170.2169 72.78001 179.6973 0 47.99999 0","3.34 170.6033 72.78001 180.0452 0 47.99999 0","3.38 170.9897 72.78001 180.3932 0 47.99999 0","3.42 171.3762 72.78001 180.7411 0 47.99999 0","3.46 171.7626 72.78001 181.0891 0 47.99999 0","3.5 172.149 72.78 181.437 0 47.99999 0","3.54 172.5471 72.78001 181.7711 0 51.99998 0","3.58 173.006 72.78001 182.0151 0 63.99998 0","3.62 173.4734 72.78001 182.243 0 63.99998 0","3.66 173.9408 72.78 182.471 0 63.99998 0","3.7 174.4081 72.78001 182.6989 0 63.99998 0","3.74 174.8755 72.78001 182.9269 0 63.99998 0","3.78 175.3429 72.78001 183.1548 0 63.99998 0","3.82 175.8102 72.78 183.3828 0 63.99998 0","3.86 176.2776 72.78001 183.6107 0 63.99998 0","3.9 176.745 72.78001 183.8387 0 63.99998 0","3.94 177.2124 72.78001 184.0666 0 63.99998 0","3.98 177.6797 72.78001 184.2946 0 63.99998 0","4.02 178.1471 72.78 184.5225 0 63.99998 0","4.06 178.6145 72.78001 184.7505 0 63.99998 0","4.1 179.0818 72.78001 184.9785 0 63.99998 0","4.14 179.5492 72.78001 185.2064 0 63.99998 0","4.18 180.0166 72.78 185.4344 0 63.99998 0","4.22 180.484 72.78001 185.6623 0 63.99998 0","4.26 180.9513 72.78001 185.8903 0 63.99998 0","4.3 181.4187 72.78001 186.1182 0 63.99998 0","4.34 181.8861 72.78 186.3462 0 63.99998 0","4.38 182.3535 72.78001 186.5741 0 63.99998 0","4.42 182.8208 72.78001 186.8021 0 63.99998 0","4.46 183.2882 72.78001 187.03 0 63.99998 0","4.5 183.7556 72.78001 187.258 0 63.99998 0","4.54 184.223 72.78001 187.4859 0 63.99998 0","4.58 184.6903 72.78001 187.7139 0 63.99998 0","4.62 185.1577 72.78001 187.9418 0 63.99998 0","4.66 185.6251 72.78001 188.1698 0 63.99998 0","4.7 186.0925 72.78 188.3978 0 63.99998 0","4.74 186.5235 72.78001 188.6885 0 55.99999 0","4.78 186.9547 72.78001 188.9793 0 55.99999 0","4.82 187.3857 72.78001 189.2701 0 55.99999 0","4.86 187.8168 72.78 189.5609 0 55.99999 0","4.9 188.2479 72.78001 189.8517 0 55.99999 0","4.94 188.679 72.78001 190.1424 0 55.99999 0","4.98 189.1101 72.78001 190.4332 0 55.99999 0","5.02 189.5412 72.78 190.724 0 55.99999 0","5.06 189.9723 72.78001 191.0148 0 55.99999 0","5.1 190.4034 72.78001 191.3056 0 55.99999 0","5.14 190.8345 72.78001 191.5963 0 55.99999 0","5.18 191.2656 72.78001 191.8871 0 55.99999 0","5.22 191.6967 72.78001 192.1779 0 55.99999 0","5.26 192.1278 72.78001 192.4687 0 55.99999 0","5.3 192.5589 72.78001 192.7594 0 55.99999 0","5.34 192.99 72.78001 193.0502 0 55.99999 0","5.38 193.4211 72.78 193.341 0 55.99999 0","5.42 193.8522 72.78001 193.6318 0 55.99999 0","5.46 194.2833 72.78001 193.9226 0 55.99999 0","5.5 194.7144 72.78001 194.2133 0 55.99999 0","5.54 195.1455 72.78 194.5041 0 55.99999 0","5.58 195.5766 72.78001 194.7949 0 55.99999 0","5.62 196.0077 72.78001 195.0857 0 55.99999 0","5.66 196.4388 72.78001 195.3765 0 55.99999 0","5.7 196.6544 72.78 195.5219 0 55.99999 0","5.74 196.6544 72.78 195.5219 0 55.99999 0","5.78 196.6544 72.78 195.5219 0 55.99999 0","5.82 196.6544 72.78 195.5219 0 55.99999 0","5.86 196.6544 72.78 195.5219 0 55.99999 0","5.9 196.6544 72.78 195.5219 0 67.99999 0","5.94 196.6544 72.78 195.5219 0 75.99998 0","5.98 196.6544 72.78 195.5219 0 83.99998 0","6.02 196.6544 72.78 195.5219 0 83.99998 0","6.06 196.6544 72.78 195.5219 0 83.99998 0","6.1 196.6544 72.78 195.5219 0 83.99998 0","6.14 196.6544 72.78 195.5219 0 83.99998 0","6.18 196.6544 72.78 195.5219 0 83.99998 0","6.22 196.6544 72.78 195.5219 0 83.99998 0","6.26 196.6544 72.78 195.5219 0 83.99998 0","6.3 196.6544 72.78 195.5219 0 87.99998 0","6.34 196.6544 72.78 195.5219 0 99.99998 0","6.38 196.6544 72.78 195.5219 0 108 0","6.42 196.6544 72.78 195.5219 0 116 0","6.46 196.6544 72.78 195.5219 0 128 0","6.5 196.6544 72.78 195.5219 0 136 0","6.54 196.6544 72.78 195.5219 0 148 0","6.58 196.6544 72.78 195.5219 0 156 0","6.62 196.6544 72.78 195.5219 0 164 0","6.66 196.6544 72.78 195.5219 0 176 0","6.7 196.6544 72.78 195.5219 0 184 0","6.74 196.6544 72.78 195.5219 0 196 0","6.78 196.6544 72.78 195.5219 0 196 0","6.82 196.6544 72.78 195.5219 0 196 0","6.86 196.6544 72.78 195.5219 0 196 0","6.9 196.6544 72.78 195.5219 0 196 0","6.94 196.6544 72.78 195.5219 0 196 0","6.98 196.6544 72.78 195.5219 0 196 0","7.02 196.6544 72.78 195.5219 0 196 0","7.06 196.6544 72.78 195.5219 0 196 0","7.1 196.6544 72.78 195.5219 0 196 0","7.14 196.6544 72.78 195.5219 0 196 0","7.18 196.6544 72.78 195.5219 0 196 0","7.22 196.6544 72.78 195.5219 0 196 0"]},{"trialNumber":3,"mapIndex":3,"mapName":"tartarus2","maxTrialDuration":0.0,"movementTime":0.4811973571777344,"trialError":false,