{"participantData":{"id":"g"},"allTrialData":[{"trialNumber":0,"mapIndex":0,"mapName":"Persistent","maxTrialDuration":0.0,"timeStepTrackingData":[]},{"trialNumber":1,"mapIndex":1,"mapName":"StartScreen","maxTrialDuration":0.0,"timeStepTrackingData":[]},{"trialNumber":2,"mapIndex":3,"mapName":"tartarus1","maxTrialDuration":0.0,"timeStepTrackingData":["Time x-position y-position z-position x-rotation y-rotation z-rotation","1.86 195 72.78001 195 0 0 0","1.88 195 72.78001 195 0 0 0","1.92 195 72.78001 195 0 0 0","1.96 195 72.78001 195 0 0 0","2 195 72.78001 195 0 0 0","2.04 195 72.78001 195 0 0 0","2.08 195 72.78001 195 0 0 0","2.12 195 72.78001 195 0 0 0","2.16 195 72.78001 195 0 0 0","2.2 195 72.78001 195 0 0 0","2.24 195 72.78001 195 0 6 0","2.28 195 72.78001 195 0 24 0","2.32 195 72.78001 195 0 36 0","2.36 195 72.78001 195 0 48 0","2.4 195 72.78001 195 0 66 0","2.44 195 72.78001 195 0 78.00001 0","2.48 195 72.78001 195 0 96.00001 0","2.52 195 72.78001 195 0 102 0","2.56 195 72.78001 195 0 102 0","2.6 195 72.78001 195 0 102 0","2.64 195 72.78001 195 0 102 0","2.68 195 72.78001 195 0 102 0","2.72 195 72.78001 195 0 102 0","2.76 195 72.78001 195 0 102 0","2.8 195 72.78001 195 0 102 0","2.84 195 72.78001 195 0 102 0","2.88 195 72.78001 195 0 102 0","2.92 195 72.78001 195 0 102 0","2.96 195 72.78001 195 0 102 0","3 195 72.78001 195 0 102 0","3.04 195 72.78001 195 0 102 0","3.08 195 72.78001 195 0 102 0","3.12 195.5869 72.78 194.8753 0 102 0","3.16 196.1738 72.78001 194.7505 0 102 0","3.2 196.7607 72.78001 194.6258 0 102 0","3.24 197.3475 72.78001 194.501 0 102 0","3.28 197.9344 72.78001 194.3763 0 102 0","3.32 198.5213 72.78001 194.2515 0 102 0","3.36 199.0552 72.78 193.9795 0 120 0","3.4 199.5208 72.78001 193.6024 0 132 0","3.44 199.8716 72.78001 193.1197 0 150 0","3.48 199.9697 72.78001 192.5603 0 162 0","3.52 199.9861 72.78001 191.9685 0 174 0","3.56 199.8923 72.78001 191.3767 0 192 0","3.6 199.6776 72.78001 190.8173 0 204 0","3.64 199.5276 72.78 190.5575 0 222 0","3.68 199.5276 72.78 190.5575 0 222 0","3.72 199.5276 72.78 190.5575 0 234 0","3.76 199.5276 72.78 190.5575 0 252 0","3.8 199.5276 72.78 190.5575 0 252 0","3.84 199.5276 72.78 190.5575 0 252 0","3.88 199.5276 72.78 190.5575 0 252 0","3.92 199.5276 72.78 190.5575 0 252 0","3.96 199.5276 72.78 190.5575 0 252 0","4 199.5276 72.78 190.5575 0 252 0","4.04 199.5276 72.78 190.5575 0 252 0","4.08 199.5276 72.78 190.5575 0 252 0"]},{"trialNumber":3,"mapIndex":4,"mapName":"tartarus2","maxTrialDuration":0.0,"timeStepTrackingData":["Time x-position y-position z-position x-rotation y-rotation z-rotation","4.117015 195 72.5 195 0 0 0","4.14 195 72.78001 195 0 0 0","4.18 195 72.78 195 0 0 0","4.22 195 72.78 195 0 0 0","4.26 195 72.78 195 0 0 0","4.3 195 72.78 195 0 0 0","4.34 195 72.78 195 0 18 0","4.38 195 72.78 195 0 30 0","4.42 195 72.78 195 0 48 0","4.46 195 72.78 195 0 60.00001 0","4.5 195 72.78 195 0 72 0","4.54 195 72.78 195 0 90 0","4.58 195 72.78 195 0 102 0","4.62 195 72.78 195 0 120 0","4.66 195 72.78 195 0 132 0","4.7 195 72.78 195 0 144 0","4.74 195 72.78 195 0 162 0","4.78 195 72.78 195 0 174 0","4.82 195 72.78 195 0 192 0","4.86 194.878 72.78001 194.7259 0 204 0","4.9 194.5516 72.78001 194.2234 0 216 0","4.94 194.199 72.78 193.738 0 216 0","4.98 193.8463 72.78001 193.2526 0 216 0","5.02 193.4936 72.78001 192.7672 0 216 0","5.06 193.141 72.78001 192.2818 0 216 0","5.1 192.7883 72.78 191.7964 0 216 0","5.14 192.4356 72.78001 191.311 0 216 0","5.18 192.0829 72.78001 190.8255 0 216 0","5.22 191.6173 72.78001 190.4485 0 234 0","5.26 191.0834 72.78 190.1765 0 246 0","5.3 190.4998 72.78 190.0524 0 264 0","5.34 189.903 72.78001 189.9897 0 264 0","5.38 189.3063 72.78001 189.927 0 264 0","5.42 188.7096 72.78001 189.8642 0 264 0","5.46 188.1129 72.78001 189.8015 0 264 0","5.5 187.5162 72.78001 189.7388 0 264 0","5.54 186.9195 72.78 189.6761 0 264 0","5.58 186.3228 72.78001 189.6134 0 264 0","5.62 185.726 72.78001 189.5507 0 264 0","5.66 185.1293 72.78001 189.4879 0 264 0","5.7 184.5326 72.78001 189.4252 0 264 0","5.74 183.9359 72.78 189.3625 0 264 0","5.78 183.3392 72.78 189.2998 0 264 0","5.82 182.7425 72.78001 189.2371 0 264 0","5.86 182.1458 72.78001 189.1744 0 264 0","5.9 181.5491 72.78001 189.1116 0 264 0","5.94 180.9523 72.78001 189.0489 0 264 0","5.98 180.3556 72.78 188.9862 0 264 0","6.02 179.7589 72.78001 188.9235 0 264 0","6.06 179.1622 72.78001 188.8608 0 264 0","6.1 178.5655 72.78001 188.798 0 264 0","6.14 177.9688 72.78001 188.7353 0 264 0","6.18 177.3721 72.78001 188.6726 0 264 0","6.22 176.7753 72.78 188.6099 0 264 0","6.26 176.1786 72.78001 188.5472 0 264 0","6.3 175.5819 72.78001 188.4845 0 264 0","6.34 174.9852 72.78001 188.4218 0 264 0"]},{"trialNumber":0,"mapIndex":0,"mapName":"","maxTrialDuration":0.0,"timeStepTrackingData":[]},{"trialNumber":0,"mapIndex":0,"mapName":"","maxTrialDuration":0.0,"timeStepTrackingData":[]},{"trialNumber":0,"mapIndex":0,"mapName":"","maxTrialDuration":0.0,"timeStepTrackingData":[]},{"trialNumber":0,"mapIndex":0,"mapName":"","maxTrialDuration":0.0,"timeStepTrackingData":[]},{"trialNumber":0,"mapIndex":0,"mapName":"","maxTrialDuration":0.0,"timeStepTrackingData":[]},{"trialNumber":0,"mapIndex":0,"mapName":"","maxTrialDuration":0.0,"timeStepTrackingData":[]},{"trialNumber":0,"mapIndex":0,"mapName":"","maxTrialDuration":0.0,"timeStepTrackingData":[]},{"trialNumber":0,"mapIndex":0,"mapName":"","maxTrialDuration":0.0,"timeStepTrackingData":[]},{"trialNumber":0,"mapIndex":0,"mapName":"","maxTrialDuration":0.0,"timeStepTrackingData":[]},{"trialNumber":0,"mapIndex":0,"mapName":"","maxTrialDuration":0.0,"timeStepTrackingData":[]},{"trialNumber":0,"mapIndex":0,"mapName":"","maxTrialDuration":0.0,"timeStepTrackingData":[]},{"trialNumber":0,"mapIndex":0,"mapName":"","maxTrialDuration":0.0,"timeStepTrackingData":[]},{"trialNumber":0,"mapIndex":0,"mapName":"","maxTrialDuration":0.0,"timeStepTrackingData":[]},{"trialNumber":0,"mapIndex":0,"mapName":"","maxTrialDuration":0.0,"timeStepTrackingData":[]},{"trialNumber":0,"mapIndex":0,"mapName":"","maxTrialDuration":0.0,"timeStepTrackingData":[]},{"trialNumber":0,"mapIndex":0,"mapName":"","maxTrialDuration":0.0,"timeStepTrackingData":[]}]}