{"participantData":{"id":"g"},"allTrialData":[{"trialNumber":0,"mapIndex":0,"mapName":"Persistent","maxTrialDuration":0.0,"timeStepTrackingData":[]},{"trialNumber":1,"mapIndex":1,"mapName":"StartScreen","maxTrialDuration":0.0,"timeStepTrackingData":[]},{"trialNumber":2,"mapIndex":3,"mapName":"tartarus1","maxTrialDuration":0.0,"timeStepTrackingData":["Time x-position y-position z-position x-rotation y-rotation z-rotation","1.92 195 72.78001 195 0 0 0","1.94 195 72.78001 195 0 0 0","1.98 195 72.78001 195 0 0 0","2.02 195 72.78001 195 0 0 0","2.06 195 72.78001 195 0 0 0","2.1 195 72.78001 195 0 0 0","2.14 195 72.78001 195 0 0 0","2.18 195 72.78001 195 0 0 0","2.22 195 72.78001 195 0 0 0","2.26 195 72.78001 195 0 0 0","2.3 195 72.78001 195 0 0 0","2.34 195 72.78001 195 0 0 0","2.38 195 72.78001 195 0 0 0","2.42 195 72.78001 195 0 0 0","2.46 195 72.78001 195 0 0 0","2.5 195 72.78001 195 0 0 0","2.54 195 72.78001 195 0 0 0","2.58 195 72.78001 195 0 0 0","2.62 195 72.78001 195 0 0 0","2.66 195 72.78001 195 0 0 0","2.7 195 72.78001 195 0 6 0","2.74 195 72.78001 195 0 18 0","2.78 195 72.78001 195 0 36 0","2.82 195 72.78001 195 0 48 0","2.86 195 72.78001 195 0 60.00001 0","2.9 195 72.78001 195 0 78.00001 0","2.94 195 72.78001 195 0 90 0","2.98 195 72.78001 195 0 108 0","3.02 195.5339 72.78 194.728 0 120 0","3.06 196.0535 72.78001 194.428 0 120 0","3.1 196.5731 72.78001 194.128 0 120 0","3.14 197.0927 72.78001 193.828 0 120 0","3.18 197.6123 72.78001 193.528 0 120 0","3.22 198.1319 72.78001 193.228 0 120 0","3.26 198.6516 72.78 192.928 0 120 0","3.3 199.1712 72.78001 192.628 0 120 0","3.34 199.6368 72.78001 192.2509 0 132 0","3.38 199.9544 72.78001 191.7484 0 150 0","3.42 199.9697 72.78001 191.189 0 162 0","3.46 199.9778 72.78 190.5956 0 180 0","3.5 199.8841 72.78001 190.0038 0 192 0","3.54 199.6987 72.78001 189.4331 0 198 0","3.58 199.5132 72.78001 188.8625 0 198 0","3.62 199.3278 72.78001 188.2919 0 198 0","3.66 199.1424 72.78001 187.7212 0 198 0","3.7 198.957 72.78 187.1506 0 198 0","3.74 198.7716 72.78001 186.58 0 198 0","3.78 198.5862 72.78001 186.0093 0 198 0","3.82 198.4008 72.78001 185.4387 0 198 0","3.86 198.2154 72.78 184.8681 0 198 0","3.9 198.03 72.78001 184.2974 0 198 0","3.94 197.8445 72.78001 183.7268 0 198 0","3.98 197.6591 72.78001 183.1562 0 198 0","4.02 197.4737 72.78 182.5855 0 198 0","4.06 197.2883 72.78001 182.0149 0 198 0","4.1 197.1029 72.78001 181.4443 0 198 0"]},{"trialNumber":0,"mapIndex":0,"mapName":"","maxTrialDuration":0.0,"timeStepTrackingData":[]},{"trialNumber":0,"mapIndex":0,"mapName":"","maxTrialDuration":0.0,"timeStepTrackingData":[]},{"trialNumber":0,"mapIndex":0,"mapName":"","maxTrialDuration":0.0,"timeStepTrackingData":[]},{"trialNumber":0,"mapIndex":0,"mapName":"","maxTrialDuration":0.0,"timeStepTrackingData":[]},{"trialNumber":0,"mapIndex":0,"mapName":"","maxTrialDuration":0.0,"timeStepTrackingData":[]},{"trialNumber":0,"mapIndex":0,"mapName":"","maxTrialDuration":0.0,"timeStepTrackingData":[]},{"trialNumber":0,"mapIndex":0,"mapName":"","maxTrialDuration":0.0,"timeStepTrackingData":[]},{"trialNumber":0,"mapIndex":0,"mapName":"","maxTrialDuration":0.0,"timeStepTrackingData":[]},{"trialNumber":0,"mapIndex":0,"mapName":"","maxTrialDuration":0.0,"timeStepTrackingData":[]},{"trialNumber":0,"mapIndex":0,"mapName":"","maxTrialDuration":0.0,"timeStepTrackingData":[]},{"trialNumber":0,"mapIndex":0,"mapName":"","maxTrialDuration":0.0,"timeStepTrackingData":[]},{"trialNumber":0,"mapIndex":0,"mapName":"","maxTrialDuration":0.0,"timeStepTrackingData":[]},{"trialNumber":0,"mapIndex":0,"mapName":"","maxTrialDuration":0.0,"timeStepTrackingData":[]},{"trialNumber":0,"mapIndex":0,"mapName":"","maxTrialDuration":0.0,"timeStepTrackingData":[]},{"trialNumber":0,"mapIndex":0,"mapName":"","maxTrialDuration":0.0,"timeStepTrackingData":[]},{"trialNumber":0,"mapIndex":0,"mapName":"","maxTrialDuration":0.0,"timeStepTrackingData":[]},{"trialNumber":0,"mapIndex":0,"mapName":"","maxTrialDuration":0.0,"timeStepTrackingData":[]}]}