{"participantData":{"id":"Hannah"},"allTrialData":[{"trialNumber":0,"mapIndex":0,"mapName":"Persistent","maxTrialDuration":0.0,"timeStepTrackingData":[]},{"trialNumber":1,"mapIndex":1,"mapName":"StartScreen","maxTrialDuration":0.0,"timeStepTrackingData":[]},{"trialNumber":2,"mapIndex":3,"mapName":"tartarus1","maxTrialDuration":0.0,"timeStepTrackingData":["Time x-position y-position z-position x-rotation y-rotation z-rotation","3.72 195 72.78001 195 0 0 0","3.74 195 72.78001 195 0 0 0","3.78 195 72.78001 195 0 0 0","3.82 195 72.78001 195 0 0 0","3.86 195 72.78001 195 0 0 0","3.9 195 72.78001 195 0 0 0","3.94 195 72.78001 195 0 0 0","3.98 195 72.78001 195 0 0 0","4.02 195 72.78001 195 0 0 0","4.06 195 72.78001 195 0 0 0","4.1 195 72.78001 195 0 0 0","4.14 195 72.78001 195 0 0 0","4.18 195 72.78001 195 0 0 0","4.22 195 72.78001 195 0 0 0","4.26 195 72.78001 195 0 0 0","4.3 195 72.78001 195 0 0 0","4.34 195 72.78001 195 0 0 0","4.38 195 72.78001 195 0 0 0","4.42 195 72.78001 195 0 0 0","4.46 195 72.78001 195 0 0 0","4.5 195 72.78001 195 0 0 0","4.54 195 72.78001 195 0 0 0","4.58 195 72.78001 195 0 0 0","4.62 195 72.78001 195 0 0 0","4.66 195 72.78001 195 0 0 0","4.7 195 72.78001 195 0 0 0","4.74 195 72.78001 195 0 0 0","4.78 195 72.78001 195 0 0 0","4.82 195 72.78001 195 0 0 0","4.86 195 72.78001 195 0 0 0","4.9 195 72.78001 195 0 0 0","4.94 195 72.78001 195 0 0 0","4.98 195 72.78001 195 0 0 0","5.02 195 72.78001 195 0 0 0","5.06 195 72.78001 195 0 0 0","5.1 195 72.78001 195 0 0 0","5.14 195 72.78001 195 0 0 0","5.18 195 72.78001 195 0 0 0","5.22 195 72.78001 195 0 0 0","5.26 195 72.78001 195 0 0 0","5.3 195 72.78001 195 0 0 0","5.34 195 72.78001 195 0 0 0","5.38 195 72.78001 195 0 0 0","5.42 195 72.78001 195 0 12 0","5.46 195 72.78001 195 0 24 0","5.5 195 72.78001 195 0 36 0","5.54 195 72.78001 195 0 54 0","5.58 195 72.78001 195 0 66 0","5.62 195 72.78001 195 0 84 0","5.66 195 72.78001 195 0 96.00001 0","5.7 195 72.78001 195 0 108 0","5.74 195 72.78001 195 0 126 0","5.78 195 72.78001 195 0 138 0","5.82 195 72.78001 195 0 156 0","5.86 195 72.78001 195 0 168 0","5.9 195 72.78001 195 0 186 0","5.94 195 72.78001 195 0 192 0","5.98 195 72.78001 195 0 192 0","6.02 195 72.78001 195 0 192 0","6.06 195 72.78001 195 0 192 0","6.1 195 72.78001 195 0 192 0","6.14 195 72.78001 195 0 192 0","6.18 195 72.78001 195 0 192 0","6.22 195 72.78001 195 0 204 0","6.26 195 72.78001 195 0 216 0","6.3 195 72.78001 195 0 234 0","6.34 195 72.78001 195 0 246 0","6.38 195 72.78001 195 0 246 0","6.42 195 72.78001 195 0 246 0","6.46 195 72.78001 195 0 246 0","6.5 194.4519 72.78001 194.756 0 246 0","6.54 193.9037 72.78001 194.5119 0 246 0","6.58 193.3556 72.78 194.2679 0 246 0","6.62 192.8075 72.78001 194.0238 0 246 0","6.66 192.2594 72.78001 193.7798 0 246 0","6.7 191.6806 72.78001 193.6247 0 258 0","6.74 191.0822 72.78001 193.5934 0 270 0","6.78 190.4855 72.78 193.6561 0 276 0","6.82 189.8888 72.78001 193.7188 0 276 0","6.86 189.2921 72.78001 193.7815 0 276 0","6.9 188.6954 72.78001 193.8442 0 276 0","6.94 188.0987 72.78001 193.9069 0 276 0","6.98 187.502 72.78001 193.9697 0 276 0","7.02 186.9053 72.78 194.0324 0 276 0","7.06 186.3085 72.78001 194.0951 0 276 0","7.1 185.7118 72.78001 194.1578 0 276 0","7.14 185.1151 72.78001 194.2205 0 276 0","7.18 184.5184 72.78001 194.2832 0 276 0","7.22 183.9217 72.78001 194.346 0 276 0","7.26 183.325 72.78 194.346 0 264 0","7.3 182.7462 72.78 194.1909 0 252 0","7.34 182.1756 72.78001 194.0055 0 252 0","7.38 181.6049 72.78001 193.8201 0 252 0","7.42 181.0343 72.78001 193.6347 0 252 0","7.46 180.4637 72.78 193.4492 0 252 0","7.5 179.8931 72.78001 193.2638 0 252 0","7.54 179.3224 72.78001 193.0784 0 252 0","7.58 178.7518 72.78001 192.893 0 252 0","7.62 178.1811 72.78 192.7076 0 252 0","7.66 177.6105 72.78001 192.5222 0 252 0","7.7 177.0399 72.78001 192.3368 0 252 0","7.74 176.4692 72.78001 192.1514 0 252 0","7.78 175.8986 72.78001 191.966 0 252 0","7.82 175.328 72.78 191.7805 0 252 0","7.86 174.7573 72.78001 191.5951 0 252 0","7.9 174.1867 72.78001 191.4097 0 252 0","7.94 173.6161 72.78001 191.2243 0 252 0","7.98 173.0454 72.78 191.0389 0 252 0","8.02 172.4536 72.78001 190.9452 0 264 0","8.059999 171.8536 72.78001 190.9452 0 270 0","8.099999 171.2536 72.78001 190.9452 0 270 0","8.139999 170.6536 72.78001 190.9452 0 270 0","8.179999 170.0536 72.78001 190.9452 0 270 0","8.22 169.4536 72.78 190.9452 0 270 0","8.26 168.8536 72.78001 190.9452 0 270 0","8.3 168.2536 72.78001 190.9452 0 270 0","8.34 167.6536 72.78001 190.9452 0 270 0","8.38 167.0536 72.78001 190.9452 0 270 0","8.42 166.4536 72.78001 190.9452 0 270 0","8.46 165.8536 72.78 190.9452 0 270 0","8.5 165.2536 72.78001 190.9452 0 270 0","8.54 164.6536 72.78001 190.9452 0 270 0","8.58 164.0536 72.78001 190.9452 0 270 0","8.62 163.4536 72.78001 190.9452 0 270 0","8.66 162.8536 72.78001 190.9452 0 270 0","8.7 162.2536 72.78 190.9452 0 270 0","8.74 161.6618 72.78001 191.0389 0 282 0","8.78 161.0912 72.78001 191.2243 0 288 0","8.82 160.5206 72.78001 191.4097 0 288 0","8.86 159.9499 72.78001 191.5951 0 288 0","8.9 159.3793 72.78 191.7805 0 288 0","8.94 158.8087 72.78001 191.966 0 288 0","8.98 158.238 72.78001 192.1514 0 288 0","9.02 157.6674 72.78001 192.3368 0 288 0","9.059999 157.0968 72.78001 192.5222 0 288 0","9.099999 156.5033 72.78001 192.5846 0 270 0","9.139999 155.9033 72.78 192.5846 0 270 0","9.179999 155.3033 72.78001 192.5846 0 270 0","9.22 154.7033 72.78001 192.5846 0 270 0","9.26 154.1033 72.78001 192.5846 0 270 0","9.3 153.5033 72.78001 192.5846 0 270 0","9.34 152.9033 72.78001 192.5846 0 270 0","9.38 152.3033 72.78 192.5846 0 270 0","9.42 151.7033 72.78001 192.5846 0 270 0","9.46 151.1033 72.78001 192.5846 0 270 0","9.5 150.5033 72.78001 192.5846 0 270 0","9.54 149.9033 72.78001 192.5846 0 270 0","9.58 149.3033 72.78001 192.5846 0 270 0","9.62 148.7033 72.78 192.5846 0 270 0","9.66 148.1033 72.78001 192.5846 0 270 0","9.7 147.5033 72.78001 192.5846 0 270 0","9.74 146.9033 72.78001 192.5846 0 270 0","9.78 146.3033 72.78001 192.5846 0 270 0","9.82 145.7033 72.78001 192.5846 0 270 0","9.86 145.1033 72.78 192.5846 0 270 0","9.9 144.5033 72.78001 192.5846 0 270 0","9.94 143.9033 72.78001 192.5846 0 270 0","9.98 143.3033 72.78001 192.5846 0 270 0","10.02 142.7033 72.78001 192.5846 0 270 0","10.06 142.1033 72.78 192.5846 0 270 0","10.1 141.5033 72.78 192.5846 0 270 0","10.14 140.9033 72.78001 192.5846 0 270 0","10.18 140.3033 72.78001 192.5846 0 270 0","10.22 139.7033 72.78001 192.5846 0 270 0","10.26 139.1033 72.78001 192.5846 0 270 0","10.3 138.5033 72.78 192.5846 0 270 0","10.34 137.9033 72.78001 192.5846 0 270 0","10.38 137.3033 72.78001 192.5846 0 270 0","10.42 136.7033 72.78001 192.5846 0 270 0","10.46 136.1033 72.78001 192.5846 0 270 0","10.5 135.5033 72.78001 192.5846 0 270 0","10.54 134.9033 72.78 192.5846 0 270 0","10.58 134.3033 72.78001 192.5846 0 270 0","10.62 133.7033 72.78001 192.5846 0 270 0","10.66 133.1033 72.78001 192.5846 0 270 0","10.7 132.5033 72.78001 192.5846 0 270 0","10.74 131.9033 72.78001 192.5846 0 270 0","10.78 131.3033 72.78 192.5846 0 270 0","10.82 130.7033 72.78001 192.5846 0 270 0","10.86 130.1033 72.78001 192.5846 0 270 0","10.9 129.5033 72.78001 192.5846 0 270 0","10.94 128.9033 72.78001 192.5846 0 270 0","10.98 128.3033 72.78001 192.5846 0 270 0","11.02 127.7033 72.78 192.5846 0 270 0","11.06 127.1033 72.78001 192.5846 0 270 0","11.1 126.5033 72.78001 192.5846 0 270 0","11.14 125.9033 72.78001 192.5846 0 270 0","11.18 125.3033 72.78001 192.5846 0 270 0","11.22 124.7033 72.78001 192.5846 0 270 0","11.26 124.1033 72.78 192.5846 0 270 0","11.3 123.5033 72.78001 192.5846 0 270 0","11.34 122.9033 72.78001 192.5846 0 270 0","11.38 122.3033 72.78001 192.5846 0 270 0","11.42 121.7033 72.78001 192.5846 0 270 0","11.46 121.1033 72.78 192.5846 0 270 0","11.5 120.5033 72.78001 192.5846 0 270 0","11.54 119.9033 72.78001 192.5846 0 270 0","11.58 119.3033 72.78001 192.5846 0 270 0","11.62 118.7033 72.78001 192.5846 0 270 0","11.66 118.1033 72.78001 192.5846 0 270 0",