{"participantData":{"id":"ttbtb"},"allTrialData":[{"trialNumber":0,"mapIndex":0,"mapName":"Persistent","maxMovementTime":0.0,"firstMovementTime":0.0,"totalMovementTime":0.0,"FLAG_trialTimeout":false,"FLAG_trialError":false,"stateTransitions":[],"timeStepTrackingData":[]},{"trialNumber":1,"mapIndex":1,"mapName":"StartScreen","maxMovementTime":0.0,"firstMovementTime":0.0,"totalMovementTime":0.0,"FLAG_trialTimeout":false,"FLAG_trialError":false,"stateTransitions":[],"timeStepTrackingData":[]},{"trialNumber":2,"mapIndex":2,"mapName":"tartarus1","maxMovementTime":0.0,"firstMovementTime":0.01634502410888672,"totalMovementTime":0.01634502410888672,"FLAG_trialTimeout":false,"FLAG_trialError":false,"stateTransitions":["Game State","1","2","3","3","3","3","3","3","3","3","3","3","3","3","3","3","3","3","3","3","3","3","3","3","3","3","3","3","3","3","3","3","3","3","3","3","3","3","3","3","5","8","8","8","8","8","8","8","8","8","8","8","8","8","8","8","8","8","8","8","8","8","8","8","8","8","8","8","8","8","8","8","8","8","8","8","8","8","9"],"timeStepTrackingData":["Time x-position y-position z-position x-rotation y-rotation z-rotation","2.879516 175 72.5 165 0 0 0","2.9 175 72.5 165 0 0 0","2.94 175 72.5 165 0 0 0","2.98 175 72.5 165 0 0 0","3.02 175 72.5 165 0 0 0","3.06 175 72.5 165 0 0 0","3.1 175 72.5 165 0 0 0","3.14 175 72.5 165 0 0 0","3.18 175 72.5 165 0 0 0","3.22 175 72.5 165 0 0 0","3.26 175 72.5 165 0 0 0","3.3 175 72.5 165 0 0 0","3.34 175 72.5 165 0 0 0","3.38 175 72.5 165 0 0 0","3.42 175 72.5 165 0 0 0","3.46 175 72.5 165 0 0 0","3.5 175 72.5 165 0 0 0","3.54 175 72.5 165 0 0 0","3.58 175 72.5 165 0 0 0","3.62 175 72.5 165 0 0 0","3.66 175 72.5 165 0 0 0","3.7 175 72.5 165 0 0 0","3.74 175 72.5 165 0 0 0","3.78 175 72.5 165 0 0 0","3.82 175 72.5 165 0 0 0","3.86 175 72.5 165 0 0 0","3.9 175 72.5 165 0 0 0","3.94 175 72.5 165 0 0 0","3.98 175 72.5 165 0 0 0","4.02 175 72.5 165 0 0 0","4.06 175 72.5 165 0 0 0","4.1 175 72.5 165 0 0 0","4.14 175 72.5 165 0 0 0","4.18 175 72.5 165 0 0 0","4.22 175 72.5 165 0 0 0","4.26 175 72.5 165 0 0 0","4.3 175 72.5 165 0 0 0","4.34 175 72.5 165 0 0 0","4.38 175 72.5 165 0 0 0","4.42 175 72.78001 165 0 0 0","4.46 175 72.78001 165 0 0 0","4.5 175 72.78001 165 0 0 0","4.54 175 72.78001 165 0 0 0","4.58 175 72.78001 165 0 0 0","4.62 175 72.78001 165 0 0 0","4.66 175 72.78001 165 0 0 0","4.7 175 72.78001 165 0 0 0","4.74 175 72.78001 165 0 0 0","4.78 175 72.78001 165 0 0 0","4.82 175 72.78001 165 0 0 0","4.86 175 72.78001 165 0 0 0","4.9 175 72.78001 165 0 0 0","4.94 175 72.78001 165 0 0 0","4.98 175 72.78001 165 0 0 0","5.02 175 72.78001 165 0 0 0","5.06 175 72.78001 165 0 0 0","5.1 175 72.78001 165 0 0 0","5.14 175 72.78001 165 0 0 0","5.18 175 72.78001 165 0 0 0","5.22 175 72.78001 165 0 0 0","5.26 175 72.78001 165 0 0 0","5.3 175 72.78001 165 0 0 0","5.34 175 72.78001 165 0 0 0","5.38 175 72.78001 165 0 0 0","5.42 175 72.78001 165 0 0 0","5.46 175 72.78001 165 0 0 0","5.5 175 72.78001 165 0 0 0","5.54 175 72.78001 165 0 0 0","5.58 175 72.78001 165 0 0 0","5.62 175 72.78001 165 0 0 0","5.66 175 72.78001 165 0 0 0","5.7 175 72.78001 165 0 0 0","5.74 175 72.78001 165 0 0 0","5.78 175 72.78001 165 0 0 0","5.82 175 72.78001 165 0 0 0","5.86 175 72.78001 165 0 0 0","5.9 175 72.78001 165 0 0 0","5.94 175 72.78001 165 0 0 0"]},{"trialNumber":0,"mapIndex":0,"mapName":"","maxMovementTime":0.0,"firstMovementTime":0.0,"totalMovementTime":0.0,"FLAG_trialTimeout":false,"FLAG_trialError":false,"stateTransitions":[],"timeStepTrackingData":[]},{"trialNumber":0,"mapIndex":0,"mapName":"","maxMovementTime":0.0,"firstMovementTime":0.0,"totalMovementTime":0.0,"FLAG_trialTimeout":false,"FLAG_trialError":false,"stateTransitions":[],"timeStepTrackingData":[]},{"trialNumber":0,"mapIndex":0,"mapName":"","maxMovementTime":0.0,"firstMovementTime":0.0,"totalMovementTime":0.0,"FLAG_trialTimeout":false,"FLAG_trialError":false,"stateTransitions":[],"timeStepTrackingData":[]},{"trialNumber":0,"mapIndex":0,"mapName":"","maxMovementTime":0.0,"firstMovementTime":0.0,"totalMovementTime":0.0,"FLAG_trialTimeout":false,"FLAG_trialError":false,"stateTransitions":[],"timeStepTrackingData":[]},{"trialNumber":0,"mapIndex":0,"mapName":"","maxMovementTime":0.0,"firstMovementTime":0.0,"totalMovementTime":0.0,"FLAG_trialTimeout":false,"FLAG_trialError":false,"stateTransitions":[],"timeStepTrackingData":[]},{"trialNumber":0,"mapIndex":0,"mapName":"","maxMovementTime":0.0,"firstMovementTime":0.0,"totalMovementTime":0.0,"FLAG_trialTimeout":false,"FLAG_trialError":false,"stateTransitions":[],"timeStepTrackingData":[]},{"trialNumber":0,"mapIndex":0,"mapName":"","maxMovementTime":0.0,"firstMovementTime":0.0,"totalMovementTime":0.0,"FLAG_trialTimeout":false,"FLAG_trialError":false,"stateTransitions":[],"timeStepTrackingData":[]},{"trialNumber":0,"mapIndex":0,"mapName":"","maxMovementTime":0.0,"firstMovementTime":0.0,"totalMovementTime":0.0,"FLAG_trialTimeout":false,"FLAG_trialError":false,"stateTransitions":[],"timeStepTrackingData":[]},{"trialNumber":0,"mapIndex":0,"mapName":"","maxMovementTime":0.0,"firstMovementTime":0.0,"totalMovementTime":0.0,"FLAG_trialTimeout":false,"FLAG_trialError":false,"stateTransitions":[],"timeStepTrackingData":[]},{"trialNumber":0,"mapIndex":0,"mapName":"","maxMovementTime":0.0,"firstMovementTime":0.0,"totalMovementTime":0.0,"FLAG_trialTimeout":false,"FLAG_trialError":false,"stateTransitions":[],"timeStepTrackingData":[]},{"trialNumber":0,"mapIndex":0,"mapName":"","maxMovementTime":0.0,"firstMovementTime":0.0,"totalMovementTime":0.0,"FLAG_trialTimeout":false,"FLAG_trialError":false,"stateTransitions":[],"timeStepTrackingData":[]},{"trialNumber":0,"mapIndex":0,"mapName":"","maxMovementTime":0.0,"firstMovementTime":0.0,"totalMovementTime":0.0,"FLAG_trialTimeout":false,"FLAG_trialError":false,"stateTransitions":[],"timeStepTrackingData":[]},{"trialNumber":0,"mapIndex":0,"mapName":"","maxMovementTime":0.0,"firstMovementTime":0.0,"totalMovementTime":0.0,"FLAG_trialTimeout":false,"FLAG_trialError":false,"stateTransitions":[],"timeStepTrackingData":[]},{"trialNumber":0,"mapIndex":0,"mapName":"","maxMovementTime":0.0,"firstMovementTime":0.0,"totalMovementTime":0.0,"FLAG_trialTimeout":false,"FLAG_trialError":false,"stateTransitions":[],"timeStepTrackingData":[]},{"trialNumber":0,"mapIndex":0,"mapName":"","maxMovementTime":0.0,"firstMovementTime":0.0,"totalMovementTime":0.0,"FLAG_trialTimeout":false,"FLAG_trialError":false,"stateTransitions":[],"timeStepTrackingData":[]},{"trialNumber":0,"mapIndex":0,"mapName":"","maxMovementTime":0.0,"firstMovementTime":0.0,"totalMovementTime":0.0,"FLAG_trialTimeout":false,"FLAG_trialError":false,"stateTransitions":[],"timeStepTrackingData":[]},{"trialNumber":0,"mapIndex":0,"mapName":"","maxMovementTime":0.0,"firstMovementTime":0.0,"totalMovementTime":0.0,"FLAG_trialTimeout":false,"FLAG_trialError":false,"stateTransitions":[],"timeStepTrackingData":[]},{"trialNumber":0,"mapIndex":0,"mapName":"","maxMovementTime":0.0,"firstMovementTime":0.0,"totalMovementTime":0.0,"FLAG_trialTimeout":false,"FLAG_trialError":false,"stateTransitions":[],"timeStepTrackingData":[]},{"trialNumber":0,"mapIndex":0,"mapName":"","maxMovementTime":0.0,"firstMovementTime":0.0,"totalMovementTime":0.0,"FLAG_trialTimeout":false,"FLAG_trialError":false,"stateTransitions":[],"timeStepTrackingData":[]},{"trialNumber":0,"mapIndex":0,"mapName":"","maxMovementTime":0.0,"firstMovementTime":0.0,"totalMovementTime":0.0,"FLAG_trialTimeout":false,"FLAG_trialError":false,"stateTransitions":[],"timeStepTrackingData":[]},{"trialNumber":0,"mapIndex":0,"mapName":"","maxMovementTime":0.0,"firstMovementTime":0.0,"totalMovementTime":0.0,"FLAG_trialTimeout":false,"FLAG_trialError":false,"stateTransitions":[],"timeStepTrackingData":[]},{"trialNumber":0,"mapIndex":0,"mapName":"","maxMovementTime":0.0,"firstMovementTime":0.0,"totalMovementTime":0.0,"FLAG_trialTimeout":false,"FLAG_trialError":false,"stateTransitions":[],