{"participantData":{"id":"example"},"allTrialData":[{"trialNumber":0,"mapIndex":0,"mapName":"Persistent","maxTrialDuration":0.0,"movementTime":0.0,"trialError":false,"timeStepTrackingData":[]},{"trialNumber":1,"mapIndex":1,"mapName":"StartScreen","maxTrialDuration":0.0,"movementTime":0.0,"trialError":false,"timeStepTrackingData":[]},{"trialNumber":2,"mapIndex":2,"mapName":"tartarus1","maxTrialDuration":0.0,"movementTime":0.0,"trialError":false,"timeStepTrackingData":["Time x-position y-position z-position x-rotation y-rotation z-rotation","1.98 175 72.49215 145 0 0 0","2 175 72.47646 145 0 0 0","2.04 175 72.42152 145 0 0 0","2.08 175 72.33519 145 0 0 0","2.12 175 72.21747 145 0 0 0","2.16 175 72.06836 145 0 0 0","2.2 175 71.88786 145 0 0 0","2.24 175 71.67596 145 0 0 0","2.28 175 71.43267 145 0 0 0","2.32 175 71.15799 145 0 0 0","2.36 175 70.85192 145 0 0 0","2.4 175 70.51446 145 0 0 0","2.44 175 70.1456 145 0 0 0","2.48 175 69.74535 145 0 0 0","2.52 175 69.31371 145 0 0 0","2.56 175 68.85068 145 0 0 0","2.6 175 68.35625 145 0 0 0","2.64 175 67.83044 145 0 0 0","2.68 175 67.27323 145 0 0 0","2.72 175 66.68463 145 0 0 0","2.76 175 66.06464 145 0 0 0","2.8 175 65.41326 145 0 0 0","2.84 175 64.73048 145 0 0 0","2.88 175 64.01631 145 0 0 0","2.92 175 63.27076 145 0 0 0","2.96 175 62.4938 145 0 0 0","3 175 61.68546 145 0 0 0","3.04 175 60.84572 145 0 0 0","3.08 175 59.97459 145 0 0 0","3.12 175 59.07207 145 0 0 0","3.16 175 58.13816 145 0 0 0","3.2 175 57.17286 145 0 0 0","3.24 175 56.17616 145 0 0 0","3.28 175 55.14807 145 0 0 0","3.32 175 54.08859 145 0 0 0","3.36 175 52.99772 145 0 0 0","3.4 175 51.87545 145 0 0 0","3.44 175 50.7218 145 0 0 0","3.48 175 49.53675 145 0 0 0","3.52 175 48.32031 145 0 0 0","3.56 175 47.07248 145 0 0 0","3.6 175 45.79325 145 0 342 0","3.64 175 44.48264 145 0 330 0","3.68 175 43.14063 145 0 312 0","3.72 175 41.76722 145 0 312 0","3.76 175 40.36243 145 0 312 0","3.8 175 38.92625 145 0 312 0","3.84 175 37.45867 145 0 312 0","3.88 175 35.9597 145 0 312 0","3.92 175 34.42934 145 0 312 0","3.96 175 32.86759 145 0 312 0","4 175 31.27445 145 0 312 0","4.04 175 29.64991 145 0 312 0","4.08 175 27.99398 145 0 306 0","4.12 175 26.30666 145 0 294 0","4.16 175 24.58795 145 0 276 0","4.2 175 22.83785 145 0 264 0","4.24 175 21.05635 145 0 252 0","4.28 175 19.24347 145 0 234 0","4.32 175 17.39919 145 0 228 0","4.36 175 15.52352 145 0 228 0","4.4 175 13.61645 145 0 228 0","4.44 175 11.678 145 0 228 0","4.48 175 9.708151 145 0 228 0","4.52 175 7.706912 145 0 228 0","4.56 175 5.674281 145 0 228 0","4.6 175 3.610259 145 0 228 0","4.64 175 1.514844 145 0 228 0","4.68 175 -0.6119623 145 0 228 0","4.72 175 -2.77016 145 0 228 0","4.76 175 -4.959751 145 0 228 0","4.8 175 -7.180733 145 0 228 0","4.84 175 -9.433106 145 0 228 0","4.88 175 -11.71687 145 0 228 0","4.92 175 -14.03203 145 0 228 0"]},{"trialNumber":0,"mapIndex":0,"mapName":"","maxTrialDuration":0.0,"movementTime":0.0,"trialError":false,"timeStepTrackingData":[]},{"trialNumber":0,"mapIndex":0,"mapName":"","maxTrialDuration":0.0,"movementTime":0.0,"trialError":false,"timeStepTrackingData":[]},{"trialNumber":0,"mapIndex":0,"mapName":"","maxTrialDuration":0.0,"movementTime":0.0,"trialError":false,"timeStepTrackingData":[]},{"trialNumber":0,"mapIndex":0,"mapName":"","maxTrialDuration":0.0,"movementTime":0.0,"trialError":false,"timeStepTrackingData":[]},{"trialNumber":0,"mapIndex":0,"mapName":"","maxTrialDuration":0.0,"movementTime":0.0,"trialError":false,"timeStepTrackingData":[]},{"trialNumber":0,"mapIndex":0,"mapName":"","maxTrialDuration":0.0,"movementTime":0.0,"trialError":false,"timeStepTrackingData":[]},{"trialNumber":0,"mapIndex":0,"mapName":"","maxTrialDuration":0.0,"movementTime":0.0,"trialError":false,"timeStepTrackingData":[]},{"trialNumber":0,"mapIndex":0,"mapName":"","maxTrialDuration":0.0,"movementTime":0.0,"trialError":false,"timeStepTrackingData":[]},{"trialNumber":0,"mapIndex":0,"mapName":"","maxTrialDuration":0.0,"movementTime":0.0,"trialError":false,"timeStepTrackingData":[]},{"trialNumber":0,"mapIndex":0,"mapName":"","maxTrialDuration":0.0,"movementTime":0.0,"trialError":false,"timeStepTrackingData":[]},{"trialNumber":0,"mapIndex":0,"mapName":"","maxTrialDuration":0.0,"movementTime":0.0,"trialError":false,"timeStepTrackingData":[]},{"trialNumber":0,"mapIndex":0,"mapName":"","maxTrialDuration":0.0,"movementTime":0.0,"trialError":false,"timeStepTrackingData":[]},{"trialNumber":0,"mapIndex":0,"mapName":"","maxTrialDuration":0.0,"movementTime":0.0,"trialError":false,"timeStepTrackingData":[]},{"trialNumber":0,"mapIndex":0,"mapName":"","maxTrialDuration":0.0,"movementTime":0.0,"trialError":false,"timeStepTrackingData":[]},{"trialNumber":0,"mapIndex":0,"mapName":"","maxTrialDuration":0.0,"movementTime":0.0,"trialError":false,"timeStepTrackingData":[]},{"trialNumber":0,"mapIndex":0,"mapName":"","maxTrialDuration":0.0,"movementTime":0.0,"trialError":false,"timeStepTrackingData":[]},{"trialNumber":0,"mapIndex":0,"mapName":"","maxTrialDuration":0.0,"movementTime":0.0,"trialError":false,"timeStepTrackingData":[]},{"trialNumber":0,"mapIndex":0,"mapName":"","maxTrialDuration":0.0,"movementTime":0.0,"trialError":false,"timeStepTrackingData":[]},{"trialNumber":0,"mapIndex":0,"mapName":"","maxTrialDuration":0.0,"movementTime":0.0,"trialError":false,"timeStepTrackingData":[]},{"trialNumber":0,"mapIndex":0,"mapName":"","maxTrialDuration":0.0,"movementTime":0.0,"trialError":false,"timeStepTrackingData":[]},{"trialNumber":0,"mapIndex":0,"mapName":"","maxTrialDuration":0.0,"movementTime":0.0,"trialError":false,"timeStepTrackingData":[]},{"trialNumber":0,"mapIndex":0,"mapName":"","maxTrialDuration":0.0,"movementTime":0.0,"trialError":false,"timeStepTrackingData":[]},{"trialNumber":0,"mapIndex":0,"mapName":"","maxTrialDuration":0.0,"movementTime":0.0,"trialError":false,"timeStepTrackingData":[]},{"trialNumber":0,"mapIndex":0,"mapName":"","maxTrialDuration":0.0,"movementTime":0.0,"trialError":false,"timeStepTrackingData":[]},{"trialNumber":0,"mapIndex":0,"mapName":"","maxTrialDuration":0.0,"movementTime":0.0,"trialError":false,"timeStepTrackingData":[]},{"trialNumber":0,"mapIndex":0,"mapName":"","maxTrialDuration":0.0,"movementTime":0.0,"trialError":false,"timeStepTrackingData":[]},{"trialNumber":0,"mapIndex":0,"mapName":"","maxTrialDuration":0.0,"movementTime":0.0,"trialError":false,"timeStepTrackingData":[]},{"trialNumber":0,"mapIndex":0,"mapName":"","maxTrialDuration":0.0,"movementTime":0.0,"trialError":false,"timeStepTrackingData":[]},{"trialNumber":0,"mapIndex":0,"mapName":"","maxTrialDuration":0.0,"movementTime":0.0,"trialError":false,"timeStepTrackingData":[]},{"trialNumber":0,"mapIndex":0,"mapName":"","maxTrialDuration":0.0,"movementTime":0.0,"trialError":false,"timeStepTrackingData":[]},{"trialNumber":0,"mapIndex":0,"mapName":"","maxTrialDuration":0.0,"movementTime":0.0,"trialError":false,"timeStepTrackingData":[]},{"trialNumber":0,"mapIndex":0,"mapName":"","maxTrialDuration":0.0,"movementTime":0.0,"trialError":false,"timeStepTrackingData":[]},{"trialNumber":0,"mapIndex":0,"mapName":"","maxTrialDuration":0.0,"movementTime":0.0,"trialError":false,"timeStepTrackingData":[]},{"trialNumber":0,"mapIndex":0,"mapName":"","maxTrialDuration":0.0,"movementTime":0.0,"trialError":false,"timeStepTrackingData":[]},{"trialNumber":0,"mapIndex":0,"mapName":"","maxTrialDuration":0.0,"movementTime":0.0,"trialError":false,"timeStepTrackingData":[]},{"trialNumber":0,"mapIndex":0,"mapName":"","maxTrialDuration":0.0,"movementTime":0.0,"trialError":false,"timeStepTrackingData":[]},{"trialNumber":0,"mapIndex":0,"mapName":"","maxTrialDuration":0.0,"movementTime":0.0,"trialError":false,"timeStepTrackingData":[]},{"trialNumber":0,"mapIndex":0,"mapName":"","maxTrialDuration":0.0,"movementTime":0.0,"trialError":false,"timeStepTrackingData":[]},{"trialNumber":0,"mapIndex":0,"mapName":"","maxTrialDuration":0.0,"movementTime":0.0,"trialError":false,"timeStepTrackingData":[]},{"trialNumber":0,"mapIndex":0,"mapName":"",