{"participantData":{"id":"Hannah"},"allTrialData":[{"trialNumber":0,"mapIndex":0,"mapName":"Persistent","maxTrialDuration":0.0,"movementTime":0.0,"trialError":false,"timeStepTrackingData":[]},{"trialNumber":1,"mapIndex":1,"mapName":"StartScreen","maxTrialDuration":0.0,"movementTime":0.0,"trialError":false,"timeStepTrackingData":[]},{"trialNumber":2,"mapIndex":2,"mapName":"tartarus1","maxTrialDuration":0.0,"movementTime":7.109707832336426,"trialError":false,"timeStepTrackingData":["Time x-position y-position z-position x-rotation y-rotation z-rotation","4.316898 115 72.5 195 0 0 0","4.34 115 72.78001 195 0 0 0","4.38 115 72.78001 195 0 0 0","4.42 115 72.78001 195 0 0 0","4.46 115 72.78001 195 0 0 0","4.5 115 72.78001 195 0 0 0","4.54 115 72.78001 195 0 0 0","4.58 115 72.78001 195 0 0 0","4.62 115 72.78001 195 0 0 0","4.66 115 72.78001 195 0 0 0","4.7 115 72.78001 195 0 0 0","4.74 115 72.78001 195 0 0 0","4.78 115 72.78001 195 0 0 0","4.82 115 72.78001 195 0 0 0","4.86 115 72.78001 195 0 0 0","4.9 115 72.78001 195 0 0 0","4.94 115 72.78001 195 0 0 0","4.98 115 72.78001 195 0 0 0","5.02 115 72.78001 195 0 0 0","5.06 115 72.78001 195 0 0 0","5.1 115 72.78001 195 0 0 0","5.14 115 72.78001 195 0 0 0","5.18 115 72.78001 195 0 8 0","5.22 115 72.78001 195 0 20 0","5.26 115 72.78001 195 0 28 0","5.3 115 72.78001 195 0 36 0","5.34 115 72.78001 195 0 48 0","5.38 115 72.78001 195 0 55.99999 0","5.42 115 72.78001 195 0 67.99999 0","5.46 115 72.78001 195 0 75.99998 0","5.5 115 72.78001 195 0 87.99998 0","5.54 115 72.78001 195 0 95.99998 0","5.58 115 72.78001 195 0 104 0","5.62 115 72.78001 195 0 116 0","5.66 115 72.78001 195 0 124 0","5.7 115 72.78001 195 0 124 0","5.74 115 72.78001 195 0 124 0","5.78 115 72.78001 195 0 124 0","5.82 115 72.78001 195 0 124 0","5.86 115 72.78001 195 0 124 0","5.9 115 72.78001 195 0 124 0","5.94 115 72.78001 195 0 124 0","5.98 115 72.78001 195 0 124 0","6.02 115 72.78001 195 0 124 0","6.06 115 72.78001 195 0 124 0","6.1 115 72.78001 195 0 112 0","6.14 115 72.78001 195 0 104 0","6.18 115 72.78001 195 0 95.99999 0","6.22 115 72.78001 195 0 95.99999 0","6.26 115 72.78001 195 0 95.99999 0","6.3 115 72.78001 195 0 95.99999 0","6.34 115 72.78001 195 0 95.99999 0","6.38 115 72.78001 195 0 95.99999 0","6.42 115 72.78001 195 0 95.99999 0","6.46 115.5172 72.78 194.9456 0 95.99999 0","6.5 116.0343 72.78001 194.8913 0 95.99999 0","6.54 116.5515 72.78001 194.8369 0 95.99999 0","6.58 117.0686 72.78001 194.7826 0 95.99999 0","6.62 117.5858 72.78001 194.7282 0 95.99999 0","6.66 118.1029 72.78001 194.6739 0 95.99999 0","6.7 118.6201 72.78 194.6195 0 95.99999 0","6.74 119.1372 72.78001 194.5652 0 95.99999 0","6.78 119.6544 72.78001 194.5108 0 95.99999 0","6.82 120.1715 72.78001 194.4565 0 95.99999 0","6.86 120.6887 72.78001 194.4021 0 95.99999 0","6.9 121.2058 72.78001 194.3477 0 95.99999 0","6.94 121.723 72.78 194.2934 0 95.99999 0","6.98 122.2401 72.78001 194.239 0 95.99999 0","7.02 122.7573 72.78001 194.1847 0 95.99999 0","7.06 123.2744 72.78001 194.1303 0 95.99999 0","7.1 123.7916 72.78001 194.076 0 95.99999 0","7.14 124.2949 72.78001 193.9505 0 108 0","7.18 124.7697 72.78 193.7391 0 116 0","7.22 125.2104 72.78001 193.4637 0 124 0","7.26 125.6415 72.78001 193.1729 0 124 0","7.3 126.0726 72.78001 192.8822 0 124 0","7.34 126.5037 72.78001 192.5914 0 124 0","7.38 126.9348 72.78 192.3006 0 124 0","7.42 127.3659 72.78 192.0098 0 124 0","7.46 127.797 72.78001 191.719 0 124 0","7.5 128.2281 72.78001 191.4283 0 124 0","7.54 128.6592 72.78001 191.1375 0 124 0","7.58 129.0903 72.78001 190.8467 0 124 0","7.62 129.5214 72.78 190.5559 0 124 0","7.66 129.9525 72.78001 190.2651 0 124 0","7.7 130.3836 72.78001 189.9743 0 124 0","7.74 130.8328 72.78001 189.715 0 116 0","7.78 131.3002 72.78001 189.487 0 116 0","7.82 131.7675 72.78001 189.2591 0 116 0","7.86 132.2349 72.78 189.0311 0 116 0","7.9 132.7023 72.78001 188.8032 0 116 0","7.94 133.1697 72.78001 188.5752 0 116 0","7.98 133.637 72.78001 188.3473 0 116 0","8.02 134.1044 72.78001 188.1193 0 116 0","8.059999 134.5718 72.78001 187.8914 0 116 0","8.099999 135.0392 72.78 187.6634 0 116 0","8.139999 135.5275 72.78001 187.4857 0 108 0","8.179999 136.0358 72.78001 187.3776 0 99.99999 0","8.22 136.5479 72.78001 187.2873 0 99.99999 0","8.26 137.06 72.78001 187.197 0 99.99999 0","8.3 137.5721 72.78001 187.1067 0 99.99999 0","8.34 138.0842 72.78 187.0164 0 99.99999 0","8.38 138.5963 72.78001 186.9261 0 99.99999 0","8.42 139.1084 72.78001 186.8358 0 99.99999 0","8.46 139.6205 72.78001 186.7455 0 99.99999 0","8.5 140.1326 72.78001 186.6552 0 99.99999 0","8.54 140.6447 72.78001 186.5649 0 99.99999 0","8.58 141.1593 72.78 186.4926 0 95.99999 0","8.62 141.6778 72.78001 186.5289 0 84 0","8.66 142.1949 72.78001 186.5832 0 84 0","8.7 142.7121 72.78001 186.6376 0 84 0","8.74 143.2292 72.78001 186.6919 0 84 0","8.78 143.7464 72.78001 186.7463 0 84 0","8.82 144.2635 72.78001 186.8006 0 84 0","8.86 144.7807 72.78001 186.855 0 84 0","8.9 145.2978 72.78001 186.9094 0 84 0","8.94 145.815 72.78 186.9637 0 84 0","8.98 146.3321 72.78001 187.0181 0 84 0","9.02 146.8493 72.78001 187.0724 0 84 0","9.059999 147.3664 72.78001 187.1268 0 84 0","9.099999 147.8836 72.78 187.1811 0 84 0","9.139999 148.4007 72.78001 187.2355 0 84 0","9.179999 148.9179 72.78001 187.2898 0 84 0","9.22 149.435 72.78001 187.3442 0 84 0","9.26 149.9522 72.78 187.3985 0 84 0","9.3 150.4693 72.78001 187.4529 0 84 0","9.34 150.9865 72.78001 187.5073 0 84 0","9.38 151.5036 72.78001 187.5616 0 84 0","9.42 152.0208 72.78001 187.616 0 84 0","9.46 152.5379 72.78 187.6703 0 84 0","9.5 153.0551 72.78001 187.7247 0 84 0","9.54 153.5723 72.78001 187.779 0 84 0","9.58 154.0894 72.78001 187.8334 0 84 0","9.62 154.6066 72.78 187.8877 0 84 0","9.66 155.1237 72.78001 187.9421 0 84 0","9.7 155.6409 72.78001 187.9965 0 84 0","9.74 156.158 72.78001 188.0508 0 84 0","9.78 156.6752 72.78 188.1052 0 84 0","9.82 157.1923 72.78001 188.1595 0 84 0","9.86 157.7095 72.78001 188.2139 0 84 0","9.9 158.2266 72.78001 188.2682 0 84 0","9.94 158.7438 72.78001 188.3226 0 84 0","9.98 159.2609 72.78001 188.3769 0 84 0","10.02 159.7781 72.78001 188.4313 0 84 0","10.06 160.2952 72.78001 188.4856 0 84 0","10.1 160.8124 72.78001 188.54 0 84 0","10.14 161.3295 72.78 188.5944 0 84 0","10.18 161.8467 72.78001 188.6487 0 84 0","10.22 162.3638 72.78001 188.7031 0 84 0","10.26 162.881 72.78001 188.7574 0 84 0","10.3 163.3981 72.78 188.8118 0 84 0","10.34 163.9153 72.78001 188.8661 0 84 0","10.38 164.4324 72.78001 188.9205 0 84 0","10.42 164.9496 72.78001 188.9748 0 84 0","10.46 165.4667 72.78 189.0292 0 84 0","10.5 165.9839 72.78001 189.0836 0 84 0","10.54 166.501 72.78001 189.1379 0 84 0","10.58 167.0182 72.78001 189.1923 0 84 0","10.62 167.5353 72.78001 189.2466 0 84 0","10.66 168.0525 72.78001 189.301 0 84 0","10.7 168.5696 72.78001 189.3553 0 84 0","10.74 169.0868 72.78001 189.4097 0 84 0","10.78 169.6039 72.78001 189.464 0 84 0","10.82 170.1211 72.78 189.5184 0 84 0","10.86 170.6382 72.78001 189.5727 0 84 0","10.9 171.1554 72.78001 189.6271 0 84 0","10.94 171.6637 72.78001 189.7352 0 76 0","10.98 172.1521 72.78 189.9129 0 68 0","11.02 172.6342 72.78001 190.1077 0 68 0","11.06 173.1163 72.78001 190.3025 0 68 0","11.1 173.5985 72.78001 190.4973 0 68 0","11.14 174.0806 72.78 190.6921 0 68 0","11.18 174.5627 72.78001 190.8869 0 68 0","11.22 175.0623 72.78001 191.0301 0 75.99999 0","11.26 175.5769 72.78001 191.1024 0 84 0","11.3 176.0941 72.78001 191.1568 0 84 0","11.34 176.6112 72.78001 191.2112 0 84 0","11.38 177.1284 72.78001 191.2655 0 84 0","11.42 177.6455 72.78001 191.3199 0 84 0","11.46 178.1627 72.78001 191.3742 0 84 0","11.5 178.6798 72.78 191.4286 0 84 0","11.54 179.197 72.78001 191.4829 0 84 0","11.58 179.7141 72.78001 191.5373 0 84 0","11.62 180.2313 72.78001 191.5916 0 84 0","11.66 180.7484 72.78 191.646 0 84 0","11.7 181.2656 72.78001 191.7003 0 84 0","11.74 181.7827 72.78001 191.7547 0 84 0","11.78 182.2974 72.78001 191.827 0 80.00002 0","11.82 182.7969 72.78 191.9703 0 72.00001 0","11.86 183.2915 