{"participantData":{"id":"r"},"allTrialData":[{"trialNumber":0,"mapIndex":0,"mapName":"Persistent","maxTrialDuration":0.0,"movementTime":0.0,"timeStepTrackingData":[]},{"trialNumber":1,"mapIndex":1,"mapName":"StartScreen","maxTrialDuration":0.0,"movementTime":0.0,"timeStepTrackingData":[]},{"trialNumber":2,"mapIndex":3,"mapName":"tartarus1","maxTrialDuration":0.0,"movementTime":0.0,"timeStepTrackingData":["Time x-position y-position z-position x-rotation y-rotation z-rotation","2.22 195 72.78001 195 0 0 0","2.24 195 72.78001 195 0 0 0","2.28 195 72.78001 195 0 0 0","2.32 195 72.78001 195 0 0 0","2.36 195 72.78001 195 0 0 0","2.4 195 72.78001 195 0 0 0","2.44 195 72.78001 195 0 0 0","2.48 195 72.78001 195 0 0 0","2.52 195 72.78001 195 0 0 0","2.56 195 72.78001 195 0 0 0","2.6 195 72.78001 195 0 0 0","2.64 195 72.78001 195 0 0 0","2.68 195 72.78001 195 0 0 0","2.72 195 72.78001 195 0 0 0","2.76 195 72.78001 195 0 0 0","2.8 195 72.78001 195 0 0 0","2.84 195 72.78001 195 0 0 0","2.88 195 72.78001 195 0 6 0","2.92 195 72.78001 195 0 24 0","2.96 195 72.78001 195 0 36 0","3 195 72.78001 195 0 48 0","3.04 195 72.78001 195 0 66 0","3.08 195 72.78001 195 0 78.00001 0","3.12 195 72.78001 195 0 96.00001 0","3.16 195 72.78001 195 0 108 0","3.2 195 72.78001 195 0 126 0","3.24 195 72.78001 195 0 138 0","3.28 195 72.78001 195 0 150 0","3.32 195 72.78001 195 0 168 0","3.36 195 72.78001 195 0 174 0","3.4 195 72.78001 195 0 174 0","3.44 195 72.78001 195 0 174 0","3.48 195 72.78001 195 0 174 0","3.52 195 72.78001 195 0 186 0","3.56 195 72.78001 195 0 198 0","3.6 195 72.78001 195 0 216 0","3.64 195 72.78001 195 0 216 0","3.68 195 72.78001 195 0 216 0","3.72 195 72.78001 195 0 216 0","3.76 195 72.78001 195 0 216 0","3.8 195 72.78001 195 0 216 0","3.84 195 72.78001 195 0 216 0","3.88 195 72.78001 195 0 216 0","3.92 195 72.78001 195 0 216 0","3.96 195 72.78001 195 0 210 0","4 195 72.78001 195 0 192 0","4.04 195 72.78001 195 0 186 0","4.08 195 72.78001 195 0 186 0","4.12 195 72.78001 195 0 186 0","4.16 195 72.78001 195 0 186 0","4.2 195 72.78001 195 0 186 0","4.24 195 72.78001 195 0 186 0","4.28 195 72.78001 195 0 186 0","4.32 195 72.78001 195 0 186 0","4.36 195 72.78001 195 0 186 0","4.4 195 72.78001 195 0 186 0","4.44 195 72.78001 195 0 186 0","4.48 194.9373 72.78 194.4033 0 186 0","4.52 194.8746 72.78001 193.8066 0 186 0","4.56 194.8118 72.78001 193.2099 0 186 0","4.6 194.7491 72.78001 192.6131 0 186 0","4.64 194.6864 72.78001 192.0164 0 186 0","4.68 194.6237 72.78001 191.4197 0 186 0","4.72 194.561 72.78 190.823 0 186 0","4.76 194.4983 72.78001 190.2263 0 186 0","4.8 194.4355 72.78001 189.6296 0 186 0","4.84 194.3728 72.78001 189.0329 0 186 0","4.88 194.3101 72.78001 188.4362 0 186 0","4.92 194.2474 72.78001 187.8394 0 186 0","4.96 194.1847 72.78 187.2427 0 186 0","5 194.122 72.78001 186.646 0 186 0","5.04 194.0592 72.78001 186.0493 0 186 0","5.08 193.9965 72.78001 185.4526 0 186 0","5.12 193.9338 72.78001 184.8559 0 186 0","5.16 193.8711 72.78001 184.2592 0 186 0","5.2 193.8084 72.78 183.6624 0 186 0","5.24 193.7457 72.78001 183.0657 0 186 0","5.28 193.6829 72.78001 182.469 0 186 0","5.32 193.6202 72.78001 181.8723 0 186 0","5.36 193.5575 72.78001 181.2756 0 186 0","5.4 193.4948 72.78 180.6789 0 186 0","5.44 193.4321 72.78 180.0822 0 186 0","5.48 193.3694 72.78001 179.4855 0 186 0","5.52 193.3066 72.78001 178.8887 0 186 0","5.56 193.2439 72.78001 178.292 0 186 0","5.6 193.1812 72.78001 177.6953 0 186 0","5.64 193.1185 72.78 177.0986 0 186 0","5.68 193.0558 72.78001 176.5019 0 186 0","5.72 192.993 72.78001 175.9052 0 186 0","5.76 192.9303 72.78001 175.3085 0 186 0","5.8 192.8676 72.78001 174.7118 0 186 0","5.84 192.8049 72.78001 174.115 0 186 0","5.88 192.7422 72.78 173.5183 0 186 0","5.92 192.6795 72.78001 172.9216 0 186 0","5.96 192.6167 72.78001 172.3249 0 186 0","6 192.554 72.78001 171.7282 0 186 0","6.04 192.4913 72.78001 171.1315 0 186 0","6.08 192.4286 72.78001 170.5348 0 186 0","6.12 192.3659 72.78 169.938 0 186 0","6.16 192.3032 72.78001 169.3413 0 186 0","6.2 192.2404 72.78001 168.7446 0 186 0","6.24 192.1777 72.78001 168.1479 0 186 0","6.28 192.115 72.78001 167.5512 0 186 0","6.32 192.0523 72.78001 166.9545 0 186 0","6.36 191.9896 72.78 166.3578 0 186 0","6.4 191.9268 72.78001 165.7611 0 186 0","6.44 191.8641 72.78001 165.1643 0 186 0","6.48 191.8014 72.78001 164.5676 0 186 0","6.52 191.7387 72.78001 163.9709 0 186 0","6.56 191.676 72.78001 163.3742 0 186 0","6.6 191.6133 72.78 162.7775 0 186 0","6.64 191.5506 72.78001 162.1808 0 186 0","6.68 191.4878 72.78001 161.5841 0 186 0","6.72 191.4251 72.78001 160.9874 0 186 0","6.76 191.3624 72.78001 160.3906 0 186 0","6.8 191.2997 72.78 159.7939 0 186 0","6.84 191.237 72.78001 159.1972 0 186 0","6.88 191.1743 72.78001 158.6005 0 186 0","6.92 191.1115 72.78001 158.0038 0 186 0","6.96 191.0488 72.78001 157.4071 0 186 0","7 190.9861 72.78001 156.8104 0 186 0","7.04 190.9234 72.78 156.2137 0 186 0","7.08 190.8607 72.78001 155.6169 0 186 0","7.12 190.7979 72.78001 155.0202 0 186 0","7.16 190.7352 72.78001 154.4235 0 186 0","7.2 190.6725 72.78001 153.8268 0 186 0","7.24 190.6098 72.78001 153.2301 0 186 0","7.28 190.5471 72.78 152.6334 0 186 0","7.32 190.4844 72.78001 152.0367 0 186 0","7.36 190.4216 72.78001 151.4399 0 186 0","7.4 190.453 72.78001 150.8416 0 174 0","7.44 190.6081 72.78001 150.2628 0 162 0","7.48 190.8521 72.57969 149.7147 0 156 0","7.52 191.0962 72.55614 149.1666 0 156 0","7.56 191.3402 72.50121 148.6184 0 156 0","7.6 191.5842 72.41489 148.0703 0 156 0","7.64 191.8283 72.29716 147.5222 0 156 0","7.68 192.0723 72.14805 146.9741 0 156 0","7.72 192.3164 71.96754 146.4259 0 156 0","7.76 192.5604 71.75565 145.8778 0 156 0","7.8 192.8045 71.51236 145.3297 0 156 0","7.84 193.0485 71.23769 144.7816 0 156 0","7.88 193.2925 70.93161 144.2334 0 156 0","7.92 193.5366 70.59415 143.6853 0 156 0","7.96 193.8629 70.22529 143.1828 0 144 0","8 194.2866 69.82504 142.7591 0 132 0","8.04 194.8034 69.3934 142.4607 0 114 0","8.08 195.374 68.93037 142.2753 0 108 0","8.12 195.9446 68.43595 142.0899 0 108 0","8.16 196.5153 67.91013 141.9045 0 108 0","8.2 197.0859 67.35293 141.7191 0 108 0","8.24 197.6565 66.76433 141.5337 0 108 0","8.28 198.2272 66.14433 141.3483 0 108 0","8.32 198.7978 65.49295 141.1629 0 108 0","8.36 199.3684 64.81017 140.9775 0 108 0","8.4 199.9391 64.09601 140.7921 0 108 0","8.44 200.5097 63.35044 140.6066 0 108 0","8.48 201.0803 62.57349 140.4212 0 108 0","8.52 201.651 61.76515 140.2358 0 108 0","8.559999 202.2216 60.92542 140.0504 0 108 0","8.599999 202.7922 60.05429 139.865 0 108 0","8.639999 203.3629 59.15176 139.6796 0 108 0","8.679999 203.9335 58.21785 139.4942 0 108 0","8.72 203.9335 57.25255 139.4942 0 108 0","8.76 203.9335 56.25585 139.4942 0 108 0","8.8 203.9335 55.22776 139.4942 0 108 0","8.84 203.9335 54.16828 139.4942 0 108 0","8.88 203.9335 53.07741 139.4942 0 108 0","8.92 203.9335 51.95515 139.4942 0 108 0","8.96 203.9335 50.80149 139.4942 0 108 0","9 203.9335 49.61644 139.4942 0 108 0","9.04 203.9335 48.4 139.4942 0 108 0","9.08 203.9335 47.15217 139.4942 0 108 0","9.12 203.9335 45.87294 139.4942 0 108 0","9.16 203.9335 44.56232 139.4942 0 108 0","9.2 203.9335 43.22032 139.4942 0 108 0","9.24 203.9335 41.84692 139.4942 0 108 0","9.28 203.9335 40.44212 139.4942 0 108 0","9.32 203.9335 39.00594 139.4942 0 108 0","9.36 203.9335 37.53836 139.4942 0 108 0","9.4 203.9335 36.03939 139.4942 0 108 0","9.44 203.9335 34.50903 139.4942 0 108 0"]},{"trialNumber":0,"mapIndex":0,"mapName":"","maxTrialDuration":0.0,"movementTime":0.0,"timeStepTrackingData":[]},{"trialNumber":0,"mapIndex":0,"mapName":"","maxTrialDuration":0.0,"movementTime":0.0,"timeStepTrackingData":[]},{"trialNumber":0,"mapIndex":0,"mapName":"","maxTrialDuration":0.0,"movementTime":0.0,"timeStepTrackingData":[]},{"trialNumber":0,"mapIndex":0,"mapName":"","maxTrialDuration":0.0,"movementTime":0.0,"timeStepTrackingData":[]},{"trialNumber":0,"mapIndex":0,"mapName":"","maxTrialDuration":0.0,"movementTime":0.0,