{"participantData":{"id":"Hannah"},"allTrialData":[{"trialNumber":0,"mapIndex":0,"mapName":"Persistent","maxTrialDuration":0.0,"movementTime":0.0,"trialError":false,"timeStepTrackingData":[]},{"trialNumber":1,"mapIndex":1,"mapName":"StartScreen","maxTrialDuration":0.0,"movementTime":0.0,"trialError":false,"timeStepTrackingData":[]},{"trialNumber":2,"mapIndex":2,"mapName":"tartarus1","maxTrialDuration":0.0,"movementTime":7.172481536865234,"trialError":false,"timeStepTrackingData":["Time x-position y-position z-position x-rotation y-rotation z-rotation","8.36 135 72.78001 115 0 0 0","8.38 135 72.78001 115 0 0 0","8.42 135 72.78001 115 0 0 0","8.46 135 72.78001 115 0 0 0","8.5 135 72.78001 115 0 0 0","8.54 135 72.78001 115 0 0 0","8.58 135 72.78001 115 0 0 0","8.62 135 72.78001 115 0 0 0","8.66 135 72.78001 115 0 0 0","8.7 135 72.78001 115 0 0 0","8.74 135 72.78001 115 0 0 0","8.78 135 72.78001 115 0 0 0","8.82 135 72.78001 115 0 0 0","8.86 135 72.78001 115 0 0 0","8.9 135 72.78001 115 0 0 0","8.94 135 72.78001 115 0 0 0","8.98 135 72.78001 115 0 0 0","9.02 135 72.78001 115 0 0 0","9.059999 135 72.78001 115 0 0 0","9.099999 135 72.78001 115 0 0 0","9.139999 135 72.78001 115 0 0 0","9.179999 135 72.78001 115 0 0 0","9.22 135 72.78001 115 0 0 0","9.26 135 72.78001 115 0 0 0","9.3 135 72.78001 115 0 0 0","9.34 135 72.78001 115 0 0 0","9.38 135 72.78001 115 0 0 0","9.42 135 72.78001 115 0 0 0","9.46 135 72.78001 115 0 348 0","9.5 135 72.78001 115 0 330 0","9.54 135 72.78001 115 0 318 0","9.58 135 72.78001 115 0 300 0","9.62 135 72.78001 115 0 288 0","9.66 135 72.78001 115 0 276 0","9.7 134.4082 72.78 114.9063 0 258 0","9.74 133.8213 72.78001 114.7815 0 258 0","9.78 133.2344 72.78001 114.6568 0 258 0","9.82 132.6475 72.78001 114.532 0 258 0","9.86 132.0606 72.78001 114.4073 0 258 0","9.9 131.4738 72.78001 114.2825 0 258 0","9.94 130.8754 72.78 114.2512 0 270 0","9.98 130.2966 72.78001 114.4063 0 288 0","10.02 129.7628 72.78001 114.6783 0 300 0","10.06 129.2774 72.78001 115.0309 0 306 0","10.1 128.7919 72.78001 115.3836 0 306 0","10.14 128.3065 72.78001 115.7363 0 306 0","10.18 127.8211 72.78 116.089 0 306 0","10.22 127.3357 72.78001 116.4416 0 306 0","10.26 126.8503 72.78001 116.7943 0 306 0","10.3 126.3649 72.78001 117.147 0 306 0","10.34 125.8795 72.78001 117.4996 0 306 0","10.38 125.3941 72.78001 117.8523 0 306 0","10.42 124.9087 72.78 118.205 0 306 0","10.46 124.4233 72.78001 118.5577 0 306 0","10.5 123.9378 72.78001 118.9103 0 306 0","10.54 123.4524 72.78001 119.263 0 306 0","10.58 122.967 72.78001 119.6157 0 306 0","10.62 122.4816 72.78 119.9683 0 306 0","10.66 121.9962 72.78 120.321 0 306 0","10.7 121.5108 72.78001 120.6737 0 306 0","10.74 121.0254 72.78001 121.0264 0 306 0","10.78 120.54 72.78001 121.379 0 306 0","10.82 120.0546 72.78 121.7317 0 306 0","10.86 119.5692 72.78001 122.0844 0 306 0","10.9 119.0837 72.78001 122.437 0 306 0","10.94 118.5983 72.78001 122.7897 0 306 0","10.98 118.1129 72.78001 123.1424 0 306 0","11.02 117.6275 72.78001 123.495 0 306 0","11.06 117.1421 72.78 123.8477 0 306 0","11.1 116.6567 72.78001 124.2004 0 306 0","11.14 116.1713 72.78001 124.5531 0 306 0","11.18 115.6859 72.78001 124.9057 0 306 0","11.22 115.2005 72.78001 125.2584 0 306 0","11.26 114.715 72.78001 125.6111 0 306 0","11.3 114.2296 72.78 125.9637 0 306 0","11.34 113.7442 72.78001 126.3164 0 306 0","11.38 113.2588 72.78001 126.6691 0 306 0","11.42 112.7734 72.78001 127.0218 0 306 0","11.46 112.288 72.78001 127.3744 0 306 0","11.5 111.8026 72.78001 127.7271 0 306 0","11.54 111.3172 72.78 128.0798 0 306 0","11.58 110.8318 72.78001 128.4324 0 306 0","11.62 110.3661 72.78001 128.8095 0 312 0","11.66 109.989 72.78001 129.2752 0 324 0","11.7 109.689 72.78001 129.7948 0 330 0","11.74 109.389 72.78001 130.3144 0 330 0","11.78 109.089 72.78 130.834 0 330 0","11.82 108.789 72.78001 131.3536 0 330 0","11.86 108.489 72.78001 131.8732 0 330 0","11.9 108.189 72.78001 132.3929 0 330 0","11.94 107.889 72.78001 132.9125 0 330 0","11.98 107.589 72.78 133.4321 0 330 0","12.02 107.317 72.78 133.966 0 336 0","12.06 107.1619 72.78001 134.5447 0 348 0","12.1 107.1933 72.78001 135.1431 0 5.999997 0","12.14 107.318 72.78001 135.73 0 12 0","12.18 107.4428 72.78001 136.3169 0 12 0","12.22 107.5675 72.78 136.9037 0 12 0","12.26 107.6923 72.78001 137.4906 0 12 0","12.3 107.817 72.78001 138.0775 0 12 0","12.34 107.9418 72.78001 138.6644 0 12 0","12.38 108.0665 72.78001 139.2513 0 12 0","12.42 108.1913 72.78001 139.8382 0 12 0","12.46 108.316 72.78 140.4251 0 12 0","12.5 108.4408 72.78001 141.012 0 12 0","12.54 108.5655 72.78001 141.5988 0 12 0","12.58 108.5342 72.78001 142.1972 0 354 0","12.62 108.3791 72.78001 142.776 0 342 0","12.66 108.0807 72.78001 143.2927 0 324 0","12.7 107.7281 72.78 143.7782 0 324 0","12.74 107.3754 72.78001 144.2636 0 324 0","12.78 107.0227 72.78001 144.749 0 324 0","12.82 106.67 72.78001 145.2344 0 324 0","12.86 106.3174 72.78001 145.7198 0 324 0","12.9 105.9647 72.78001 146.2052 0 324 0","12.94 105.722 72.78 146.7503 0 342 0","12.98 105.6283 72.78001 147.3421 0 354 0","13.02 105.6283 72.78001 147.9421 0 -4.440531E-06 0","13.06 105.6283 72.78001 148.5421 0 -4.440531E-06 0","13.1 105.6283 72.78001 149.1421 0 -4.440531E-06 0","13.14 105.6283 72.78001 149.7421 0 -4.440531E-06 0","13.18 105.6283 72.78 150.3421 0 -4.440531E-06 0","13.22 105.6283 72.78001 150.9421 0 -4.440531E-06 0","13.26 105.6283 72.78001 151.5421 0 -4.440531E-06 0","13.3 105.722 72.78001 152.1339 0 12 0","13.34 105.9647 72.78001 152.679 0 30 0","13.38 106.3418 72.78001 153.1447 0 42 0","13.42 106.8245 72.78001 153.4954 0 60 0","13.46 107.3441 72.78001 153.7954 0 60 0","13.5 107.8638 72.78001 154.0954 0 60 0","13.54 108.3834 72.78001 154.3954 0 60 0","13.58 108.903 72.78 154.6954 0 60 0","13.62 109.4226 72.78001 154.9954 0 60 0","13.66 109.9422 72.78001 155.2954 0 60 0","13.7 110.4618 72.78001 155.5954 0 60 0","13.74 110.9814 72.78 155.8954 0 60 0","13.78 111.5011 72.78001 156.1954 0 60 0","13.82 112.0207 72.78001 156.4954 0 60 0","13.86 112.5403 72.78001 156.7954 0 60 0","13.9 113.0599 72.78 157.0954 0 60 0","13.94 113.5795 72.78001 157.3954 0 60 0","13.98 114.0991 72.78001 157.6954 0 60 0","14.02 114.6585 72.78001 157.9102 0 72 0","14.06 115.2454 72.78001 158.0349 0 78 0","14.1 115.8323 72.78001 158.1597 0 78 0","14.14 116.4192 72.78001 158.2844 0 78 0","14.18 117.0061 72.78 158.4091 0 78 0","14.22 117.593 72.78001 158.5339 0 78 0","14.26 118.1798 72.78001 158.6586 0 78 0","14.3 118.7667 72.77966 158.7834 0 78 0","14.34 119.3536 72.78001 158.9081 0 78 0","14.38 119.9324 72.78001 159.0632 0 72 0","14.42 120.4349 72.78 159.3896 0 54 0","14.46 120.9203 72.78001 159.7422 0 54 0","14.5 121.4057 72.78001 160.0949 0 54 0","14.54 121.8911 72.78001 160.4476 0 54 0","14.58 122.3765 72.78 160.8002 0 54 0","14.62 122.862 72.78001 161.1529 0 54 0","14.66 123.3474 72.78001 161.5056 0 54 0","14.7 123.8812 72.78001 161.7776 0 66 0","14.74 124.4519 72.78001 161.963 0 72 0","14.78 125.0225 72.78001 162.1484 0 72 0","14.82 125.5931 72.78001 162.3338 0 72 0","14.86 126.1638 72.78001 162.5192 0 72 0","14.9 126.7344 72.78001 162.7047 0 72 0","14.94 127.305 72.78 162.8901 0 72 0","14.98 127.8757 72.78001 163.0755 0 72 0","15.02 128.4463 72.78001 163.2609 0 72 0","15.06 129.0169 72.78001 163.4463 0 72 0","15.1 129.5876 72.78 163.6317 0 72 0","15.14 130.1582 72.78001 163.8171 0 72 0","15.18 130.7288 72.78001 164.0025 0 72 0","15.22 131.2995 72.78001 164.1879 0 72 0","15.26 131.8701 72.78 164.3734 0 72 0","15.3 132.4407 72.78001 164.5588 0 72 0","15.34 133.0114 72.78001 164.7442 0 72 0","15.38 133.582 72.78001 164.9296 0 72 0","15.42 134.1526 72.78001 165.115 0 72 0","15.46 134.7233 72.78001 165.3004 0 72 0","15.5 135.2939 72.78001 165.4858 0 72 0","15.54 135.8645 72.78001 165.6712 0 72 0","15.58 136.4352 72.78001 165.8566 0 72 0","15.62 137.0058 72.78 166.042 0 72 0","15.66 137.5764 72.78001 166.2274 0 72 0","15.7 138.1471 72.78001 166.4129 0 72 0","15.74 138.7177 72.78001 166.5983 0 72 0","15.78 139.003 72.78 166.691 0 