{"participantData":{"id":"efefe"},"allTrialData":[{"trialNumber":0,"mapIndex":0,"mapName":"Persistent","maxTrialDuration":0.0,"movementTime":0.0,"timeStepTrackingData":[]},{"trialNumber":1,"mapIndex":1,"mapName":"StartScreen","maxTrialDuration":0.0,"movementTime":0.0,"timeStepTrackingData":[]},{"trialNumber":2,"mapIndex":3,"mapName":"tartarus1","maxTrialDuration":0.0,"movementTime":8.987135887145996,"timeStepTrackingData":["Time x-position y-position z-position x-rotation y-rotation z-rotation","2.94 105 72.78001 115 0 0 0","2.96 105 72.78001 115 0 0 0","3 105 72.78001 115 0 0 0","3.04 105 72.78001 115 0 0 0","3.08 105 72.78001 115 0 0 0","3.12 105 72.78001 115 0 0 0","3.16 105 72.78001 115 0 0 0","3.2 105 72.78001 115 0 0 0","3.24 105 72.78001 115 0 0 0","3.28 105 72.78001 115 0 0 0","3.32 105 72.78001 115 0 0 0","3.36 105 72.78001 115 0 0 0","3.4 105 72.78001 115 0 0 0","3.44 105 72.78001 115 0 0 0","3.48 105 72.78001 115 0 0 0","3.52 105 72.78001 115 0 0 0","3.56 105 72.78001 115 0 0 0","3.6 105 72.78001 115 0 0 0","3.64 105 72.78001 115 0 0 0","3.68 105 72.78001 115 0 0 0","3.72 105 72.78001 115 0 0 0","3.76 105 72.78001 115 0 0 0","3.8 105 72.78001 115 0 0 0","3.84 105 72.78001 115 0 0 0","3.88 105 72.78001 115 0 0 0","3.92 105 72.78001 115 0 0 0","3.96 105 72.78001 115 0 0 0","4 105 72.78001 115 0 0 0","4.04 105 72.78001 115 0 0 0","4.08 105 72.78001 115 0 0 0","4.12 105 72.78001 115 0 0 0","4.16 105 72.78001 115 0 0 0","4.2 105 72.78001 115 0 0 0","4.24 105 72.78001 115 0 0 0","4.28 105 72.78001 115 0 0 0","4.32 105 72.78001 115 0 0 0","4.36 105 72.78001 115 0 0 0","4.4 105 72.78001 115 0 0 0","4.44 105 72.78001 115 0 0 0","4.48 105 72.78001 115 0 0 0","4.52 105 72.78001 115 0 0 0","4.56 105 72.78001 115 0 0 0","4.6 105 72.78001 115 0 0 0","4.64 105 72.78001 115 0 0 0","4.68 105 72.78001 115 0 0 0","4.72 105 72.78001 115 0 0 0","4.76 105 72.78001 115 0 0 0","4.8 105 72.78001 115 0 0 0","4.84 105 72.78001 115 0 0 0","4.88 105 72.78001 115 0 0 0","4.92 105 72.78001 115 0 0 0","4.96 105 72.78001 115 0 0 0","5 105 72.78001 115 0 0 0","5.04 105 72.78001 115 0 0 0","5.08 105 72.78001 115 0 0 0","5.12 105 72.78001 115 0 6 0","5.16 105 72.78001 115 0 6 0","5.2 105 72.78001 115 0 6 0","5.24 105 72.78001 115 0 6 0","5.28 105 72.78001 115 0 6 0","5.32 105 72.78001 115 0 6 0","5.36 105 72.78001 115 0 6 0","5.4 105 72.78001 115 0 6 0","5.44 105 72.78001 115 0 24 0","5.48 105 72.78001 115 0 36 0","5.52 105 72.78001 115 0 48 0","5.56 105 72.78001 115 0 48 0","5.6 105 72.78001 115 0 48 0","5.64 105 72.78001 115 0 48 0","5.68 105 72.78001 115 0 48 0","5.72 105 72.78001 115 0 48 0","5.76 105 72.78001 115 0 48 0","5.8 105 72.78001 115 0 42 0","5.84 105 72.78001 115 0 30 0","5.88 105 72.78001 115 0 18 0","5.92 105 72.78001 115 0 -1.554255E-06 0","5.96 105 72.78001 115 0 348 0","6 105 72.78001 115 0 348 0","6.04 105 72.78001 115 0 348 0","6.08 104.9376 72.78001 115.2934 0 348 0","6.12 104.8129 72.78001 115.8803 0 348 0","6.16 104.6881 72.78001 116.4672 0 348 0","6.2 104.5634 72.78001 117.0541 0 348 0","6.24 104.4386 72.78 117.641 0 348 0","6.28 104.3139 72.78001 118.2279 0 348 0","6.32 104.1891 72.78001 118.8148 0 348 0","6.36 104.0644 72.78001 119.4017 0 348 0","6.4 103.9397 72.78001 119.9886 0 348 0","6.44 103.8149 72.78 120.5754 0 348 0","6.48 103.6902 72.78001 121.1623 0 348 0","6.52 103.6588 72.78001 121.7607 0 -1.718486E-06 0","6.56 103.7525 72.78001 122.3525 0 12 0","6.6 103.9379 72.78001 122.9231 0 18 0","6.64 104.1234 72.78 123.4938 0 18 0","6.68 104.3088 72.78001 124.0644 0 18 0","6.72 104.4942 72.78001 124.635 0 18 0","6.76 104.6796 72.78001 125.2057 0 18 0","6.8 104.865 72.78 125.7763 0 18 0","6.84 105.0504 72.78001 126.3469 0 18 0","6.88 105.2358 72.78001 126.9176 0 18 0","6.92 105.4212 72.78001 127.4882 0 18 0","6.96 105.6066 72.78001 128.0588 0 18 0","7 105.792 72.78001 128.6295 0 18 0","7.04 105.9775 72.78001 129.2001 0 18 0","7.08 106.1629 72.78001 129.7707 0 18 0","7.12 106.3483 72.78001 130.3414 0 18 0","7.16 106.5337 72.78 130.912 0 18 0","7.2 106.7191 72.78001 131.4826 0 18 0","7.24 106.7815 72.78001 132.0761 0 -1.829605E-06 0","7.28 106.6877 72.78 132.6679 0 348 0","7.32 106.5023 72.78001 133.2385 0 342 0","7.36 106.3169 72.78001 133.8091 0 342 0","7.4 106.1315 72.78001 134.3798 0 342 0","7.44 105.9461 72.78001 134.9504 0 342 0","7.48 105.7607 72.78001 135.521 0 342 0","7.52 105.5753 72.78 136.0917 0 342 0","7.56 105.3899 72.78001 136.6623 0 342 0","7.6 105.2045 72.78001 137.2329 0 342 0","7.64 105.019 72.78001 137.8036 0 342 0","7.68 104.8336 72.78001 138.3742 0 342 0","7.72 104.6482 72.78 138.9449 0 342 0","7.76 104.6169 72.78001 139.5432 0 -1.869439E-06 0","7.8 104.6169 72.78001 140.1432 0 -1.869439E-06 0","7.84 104.6169 72.78001 140.7432 0 -1.869439E-06 0","7.88 104.6169 72.78001 141.3432 0 -1.869439E-06 0","7.92 104.6169 72.78001 141.9432 0 -1.869439E-06 0","7.96 104.6169 72.78 142.5432 0 -1.869439E-06 0","8 104.6169 72.78001 143.1432 0 -1.869439E-06 0","8.04 104.6169 72.78001 143.7432 0 -1.869439E-06 0","8.08 104.6169 72.78001 144.3432 0 -1.869439E-06 0","8.12 104.6169 72.78001 144.9432 0 -1.869439E-06 0","8.16 104.6169 72.78001 145.5432 0 -1.869439E-06 0","8.2 104.6169 72.78 146.1432 0 -1.869439E-06 0","8.24 104.6169 72.78001 146.7432 0 -1.869439E-06 0","8.28 104.6169 72.78001 147.3432 0 -1.869439E-06 0","8.32 104.6169 72.78001 147.9432 0 -1.869439E-06 0","8.36 104.6169 72.78001 148.5432 0 -1.869439E-06 0","8.4 104.6169 72.78001 149.1432 0 -1.869439E-06 0","8.44 104.7106 72.78 149.735 0 12 0","8.48 104.9253 72.78001 150.2944 0 24 0","8.52 105.3024 72.78001 150.76 0 42 0","8.559999 105.7483 72.78001 151.1615 0 48 0","8.599999 106.1942 72.78001 151.563 0 48 0","8.639999 106.6401 72.78001 151.9645 0 48 0","8.679999 107.0859 72.78001 152.366 0 48 0","8.72 107.5318 72.78001 152.7674 0 48 0","8.76 107.9777 72.78001 153.1689 0 48 0","8.8 108.4236 72.78 153.5704 0 48 0","8.84 108.8695 72.78001 153.9719 0 48 0","8.88 109.3154 72.78001 154.3733 0 48 0","8.92 109.7613 72.78001 154.7748 0 48 0","8.96 110.2072 72.78 155.1763 0 48 0","9 110.653 72.78001 155.5778 0 48 0","9.04 111.0989 72.78001 155.9792 0 48 0","9.08 111.5448 72.78001 156.3807 0 48 0","9.12 111.9907 72.78 156.7822 0 48 0","9.16 112.4366 72.78001 157.1837 0 48 0","9.2 112.8825 72.78001 157.5852 0 48 0","9.24 113.3284 72.78001 157.9866 0 48 0","9.28 113.7742 72.78001 158.3881 0 48 0","9.32 114.2201 72.78001 158.7896 0 48 0","9.36 114.666 72.78001 159.1911 0 48 0","9.4 115.1119 72.78001 159.5926 0 48 0","9.44 115.5578 72.78001 159.994 0 48 0","9.48 116.0234 72.78 160.3711 0 54.00001 0","9.52 116.5573 72.78001 160.6431 0 66 0","9.559999 117.141 72.78001 160.7672 0 84.00001 0","9.599999 117.7393 72.78001 160.7358 0 96.00001 0","9.639999 118.3262 72.78 160.6111 0 102 0","9.679999 118.9131 72.78001 160.4863 0 102 0","9.719999 119.5 72.78001 160.3616 0 102 0","9.76 119.5 72.78001 160.3616 0 102 0","9.8 119.5 72.78001 160.3616 0 102 0","9.84 119.5 72.78001 160.3616 0 102 0","9.88 119.5 72.78001 160.3616 0 102 0","9.92 119.5 72.78001 160.3616 0 102 0","9.96 119.5 72.78001 160.3616 0 102 0","10 119.7935 72.78001 160.2992 0 102 0","10.04 120.3803 72.78001 160.1745 0 102 0","10.08 120.9672 72.78001 160.0497 0 102 0","10.12 121.5541 72.78001 159.925 0 102 0","10.16 122.141 72.78 159.8002 0 102 0","10.2 122.7279 72.78001 159.6755 0 102 0","10.24 123.3148 72.78001 159.5507 0 102 0","10.28 123.9017 72.78001 159.426 0 102 0","10.32 124.4886 72.78001 159.3012 0 102 0","10.36 125.0755 72.78001 159.1765 0 102 0","10.4 125.6623 72.78 159.0518 0 102 0","10.44 126.2492 72.78001 158.927 0 102 0","10.48 126.8361 72.78001 158.8023 0 102 0","10.52 127.423 72.78001 158.6775 0 102 0","10.56 128.0099 72.78001 158.5528 0 102 0","10.6 128.5968 72.78 158.428 0 102 0","10.64 129.1837 72.78 158.3033 0 102 0","10.68 129.1837 72.78 158.3033 0 102 0","10.72 129.1837 72.78 158.3033 0 90 0","10.76 129.1837 72.78 158.3033 0 72 0","10.8 129.1837 72.78 158.3033 0 60.00001 0","10.84 129.1837 72.78 158.3033 0 42 0","10.88 