{"participantData":{"id":"example"},"allTrialData":[{"trialNumber":0,"mapIndex":0,"mapName":"Persistent","maxTrialDuration":0.0,"movementTime":0.0,"trialError":false,"timeStepTrackingData":[]},{"trialNumber":1,"mapIndex":1,"mapName":"StartScreen","maxTrialDuration":0.0,"movementTime":0.0,"trialError":false,"timeStepTrackingData":[]},{"trialNumber":2,"mapIndex":2,"mapName":"tartarus1","maxTrialDuration":0.0,"movementTime":0.0,"trialError":false,"timeStepTrackingData":["Time x-position y-position z-position x-rotation y-rotation z-rotation","3.3 155 72.78001 195 0 0 0","3.32 155 72.78001 195 0 0 0","3.36 155 72.78001 195 0 0 0","3.4 155 72.78001 195 0 0 0","3.44 155 72.78001 195 0 0 0","3.48 155 72.78001 195 0 0 0","3.52 155 72.78001 195 0 0 0","3.56 155 72.78001 195 0 0 0","3.6 155 72.78001 195 0 0 0","3.64 155 72.78001 195 0 0 0","3.68 155 72.78001 195 0 0 0","3.72 155 72.78001 195 0 0 0","3.76 155 72.78001 195 0 0 0","3.8 155 72.78001 195 0 0 0","3.84 155 72.78001 195 0 0 0","3.88 155 72.78001 195 0 0 0","3.92 155 72.78001 195 0 0 0","3.96 155 72.78001 195 0 0 0","4 155 72.78001 195 0 0 0","4.04 155 72.78001 195 0 0 0","4.08 155 72.78001 195 0 0 0","4.12 155 72.78001 195 0 0 0","4.16 155 72.78001 195 0 0 0","4.2 155 72.78001 195 0 0 0","4.24 155 72.78001 195 0 0 0","4.28 155 72.78001 195 0 0 0"]},{"trialNumber":3,"mapIndex":2,"mapName":"tartarus1","maxTrialDuration":0.0,"movementTime":0.0,"trialError":false,"timeStepTrackingData":["Time x-position y-position z-position x-rotation y-rotation z-rotation","3.3 155 72.78001 195 0 0 0","3.32 155 72.78001 195 0 0 0","3.36 155 72.78001 195 0 0 0","3.4 155 72.78001 195 0 0 0","3.44 155 72.78001 195 0 0 0","3.48 155 72.78001 195 0 0 0","3.52 155 72.78001 195 0 0 0","3.56 155 72.78001 195 0 0 0","3.6 155 72.78001 195 0 0 0","3.64 155 72.78001 195 0 0 0","3.68 155 72.78001 195 0 0 0","3.72 155 72.78001 195 0 0 0","3.76 155 72.78001 195 0 0 0","3.8 155 72.78001 195 0 0 0","3.84 155 72.78001 195 0 0 0","3.88 155 72.78001 195 0 0 0","3.92 155 72.78001 195 0 0 0","3.96 155 72.78001 195 0 0 0","4 155 72.78001 195 0 0 0","4.04 155 72.78001 195 0 0 0","4.08 155 72.78001 195 0 0 0","4.12 155 72.78001 195 0 0 0","4.16 155 72.78001 195 0 0 0","4.2 155 72.78001 195 0 0 0","4.24 155 72.78001 195 0 0 0","4.28 155 72.78001 195 0 0 0","4.32 155 72.78001 195 0 0 0","4.36 155 72.78001 195 0 0 0","4.4 155 72.78001 195 0 0 0","4.44 155 72.78001 195 0 0 0","4.48 155 72.78001 195 0 0 0","4.52 155 72.78001 195 0 0 0","4.56 155 72.78001 195 0 0 0","4.6 155 72.78001 195 0 0 0","4.64 155 72.78001 195 0 0 0","4.68 155 72.78001 195 0 0 0","4.72 155 72.78001 195 0 0 0","4.76 155 72.78001 195 0 0 0","4.8 155 72.78001 195 0 0 0","4.84 155 72.78001 195 0 0 0","4.88 155 72.78001 195 0 0 0","4.92 155 72.78001 195 0 0 0","4.96 155 72.78001 195 0 12 0","5 155 72.78001 195 0 30 0","5.04 155 72.78001 195 0 42 0","5.08 155 72.78001 195 0 54 0","5.12 155 72.78001 195 0 72 0","5.16 155 72.78001 195 0 84 0","5.2 155 72.78001 195 0 102 0","5.24 155 72.78001 195 0 114 0","5.28 155 72.78001 195 0 126 0","5.32 155 72.78001 195 0 144 0","5.36 155 72.78001 195 0 144 0","5.4 155 72.78001 195 0 144 0","5.44 155 72.78001 195 0 144 0","5.48 155 72.78001 195 0 144 0","5.52 155 72.78001 195 0 144 0","5.56 155 72.78001 195 0 144 0","5.6 155 72.78001 195 0 144 0","5.64 155 72.78001 195 0 144 0","5.68 155 72.78001 195 0 156 0","5.72 155 72.78001 195 0 168 0","5.76 155 72.78001 195 0 180 0","5.8 155 72.78001 195 0 198 0","5.84 155 72.78001 195 0 204 0","5.88 155 72.78001 195 0 204 0","5.92 155 72.78001 195 0 204 0","5.96 155 72.78001 195 0 204 0","6 155 72.78001 195 0 204 0","6.04 155 72.78001 195 0 204 0","6.08 155 72.78001 195 0 204 0","6.12 155 72.78001 195 0 204 0","6.16 155 72.78001 195 0 204 0","6.2 155 72.78001 195 0 204 0","6.24 155 72.78001 195 0 204 0","6.28 155 72.78001 195 0 204 0","6.32 155 72.78001 195 0 192 0","6.36 155 72.78001 195 0 174 0","6.4 155 72.78001 195 0 162 0","6.44 155 72.78001 195 0 162 0","6.48 155 72.78001 195 0 162 0","6.52 155 72.78001 195 0 162 0","6.56 155.1854 72.78 194.4294 0 162 0","6.6 155.3708 72.78001 193.8587 0 162 0","6.64 155.5562 72.78001 193.2881 0 162 0","6.68 155.7416 72.78001 192.7175 0 162 0","6.72 155.927 72.78001 192.1468 0 162 0","6.76 156.1125 72.78001 191.5762 0 162 0","6.8 156.2979 72.78 191.0056 0 162 0","6.84 156.4833 72.78001 190.4349 0 162 0","6.88 156.6687 72.78001 189.8643 0 162 0","6.92 156.8541 72.78001 189.2937 0 162 0","6.96 157.0395 72.78001 188.723 0 162 0","7 157.2249 72.78001 188.1524 0 162 0","7.04 157.4103 72.78 187.5818 0 162 0","7.08 157.5041 72.78001 186.99 0 174 0","7.12 157.4417 72.78001 186.3965 0 192 0","7.16 157.227 72.78001 185.8371 0 204 0","7.2 156.9006 72.78001 185.3346 0 216 0","7.24 156.6777 72.78001 185.1339 0 234 0","7.28 156.6777 72.78 185.1339 0 246 0","7.32 156.6777 72.78 185.1339 0 264 0","7.36 156.6777 72.78 185.1339 0 270 0","7.4 156.6777 72.78 185.1339 0 270 0","7.44 156.6777 72.78 185.1339 0 270 0","7.48 156.6777 72.78 185.1339 0 270 0","7.52 156.6777 72.78 185.1339 0 270 0","7.56 156.6777 72.78 185.1339 0 270 0","7.6 156.6777 72.78 185.1339 0 270 0","7.64 156.6777 72.78 185.1339 0 270 0","7.68 156.6777 72.78 185.1339 0 270 0","7.72 156.6777 72.78 185.1339 0 270 0","7.76 156.6777 72.78 185.1339 0 270 0","7.8 156.6777 72.78 185.1339 0 270 0","7.84 156.6777 72.78 185.1339 0 270 0","7.88 156.6777 72.78 185.1339 0 270 0","7.92 156.6777 72.78 185.1339 0 270 0","7.96 156.6777 72.78 185.1339 0 270 0","8 156.6777 72.78 185.1339 0 270 0","8.04 156.6777 72.78 185.1339 0 270 0","8.08 156.6777 72.78 185.1339 0 270 0","8.12 156.6777 72.78 185.1339 0 270 0","8.16 156.6777 72.78 185.1339 0 270 0","8.2 156.6777 72.78 185.1339 0 270 0","8.24 156.6777 72.78 185.1339 0 270 0","8.28 156.6777 72.78 185.1339 0 270 0","8.32 156.6777 72.78 185.1339 0 270 0","8.36 156.6777 72.78 185.1339 0 270 0","8.4 156.6777 72.78 185.1339 0 270 0","8.44 156.6777 72.78 185.1339 0 270 0","8.48 156.6777 72.78 185.1339 0 270 0","8.52 156.6777 72.78 185.1339 0 270 0","8.559999 156.6777 72.78 185.1339 0 270 0","8.599999 156.6777 72.78 185.1339 0 270 0","8.639999 156.6777 72.78 185.1339 0 270 0","8.679999 156.6777 72.78 185.1339 0 270 0","8.72 156.6777 72.78 185.1339 0 270 0","8.76 156.6777 72.78 185.1339 0 270 0","8.8 156.6777 72.78 185.1339 0 270 0","8.84 156.6777 72.78 185.1339 0 270 0","8.88 156.6777 72.78 185.1339 0 270 0","8.92 156.6777 72.78 185.1339 0 270 0"]},{"trialNumber":4,"mapIndex":2,"mapName":"tartarus1","maxTrialDuration":0.0,"movementTime":0.0,"trialError":false,"timeStepTrackingData":["Time x-position y-position z-position x-rotation y-rotation z-rotation","8.96 115 72.78001 155 0 0 0","8.98 115 72.78001 155 0 0 0","9.02 115 72.78001 155 0 0 0","9.059999 115 72.78001 155 0 0 0","9.099999 115 72.78001 155 0 0 0","9.139999 115 72.78001 155 0 0 0","9.179999 115 72.78001 155 0 0 0","9.22 115 72.78001 155 0 0 0","9.26 115 72.78001 155 0 0 0","9.3 115 72.78001 155 0 0 0","9.34 115 72.78001 155 0 0 0","9.38 115 72.78001 155 0 0 0","9.42 115 72.78001 155 0 0 0","9.46 115 72.78001 155 0 0 0","9.5 115 72.78001 155 0 0 0","9.54 115 72.78001 155 0 0 0","9.58 115 72.78001 155 0 0 0","9.62 115 72.78001 155 0 0 0","9.66 115 72.78001 155 0 0 0","9.7 115 72.78001 155 0 0 0","9.74 115 72.78001 155 0 0 0","9.78 115 72.78001 155 0 0 0","9.82 115 72.78001 155 0 0 0"]},{"trialNumber":5,"mapIndex":2,"mapName":"tartarus1","maxTrialDuration":0.0,"movementTime":0.0,"trialError":false,"timeStepTrackingData":["Time x-position y-position z-position x-rotation y-rotation z-rotation","9.86 145 72.49215 125 0 0 0","9.88 145 72.47646 125 0 0 0","9.92 145 72.42152 125 0 0 0","9.96 145 72.33519 125 0 0 0"]},{"trialNumber":0,"mapIndex":0,"mapName":"","maxTrialDuration":0.0,"movementTime":0.0,"trialError":false,"timeStepTrackingData":[]},{"trialNumber":0,"mapIndex":0,"mapName":"","maxTrialDuration":0.0,"movementTime":0.0,"trialError":false,"timeStepTrackingData":[]},{"trialNumber":0,"mapIndex":0,"mapName":"","maxTrialDuration":0.0,