{"participantData":{"id":"grgrg"},"allTrialData":[{"trialNumber":0,"mapIndex":0,"mapName":"Persistent","maxTrialDuration":0.0,"movementTime":0.0,"trialError":false,"timeStepTrackingData":[]},{"trialNumber":1,"mapIndex":1,"mapName":"StartScreen","maxTrialDuration":0.0,"movementTime":0.0,"trialError":false,"timeStepTrackingData":[]},{"trialNumber":2,"mapIndex":2,"mapName":"tartarus1","maxTrialDuration":0.0,"movementTime":8.085553169250489,"trialError":false,"timeStepTrackingData":["Time x-position y-position z-position x-rotation y-rotation z-rotation","2.078077 135 72.5 155 0 0 0","2.1 135 72.78001 155 0 0 0","2.14 135 72.78001 155 0 0 0","2.18 135 72.78001 155 0 0 0","2.22 135 72.78001 155 0 0 0","2.26 135 72.78001 155 0 0 0","2.3 135 72.78001 155 0 0 0","2.34 135 72.78001 155 0 0 0","2.38 135 72.78001 155 0 0 0","2.42 135 72.78001 155 0 0 0","2.46 135 72.78001 155 0 0 0","2.5 135 72.78001 155 0 0 0","2.54 135 72.78001 155 0 0 0","2.58 135 72.78001 155 0 8 0","2.62 135 72.78001 155 0 16 0","2.66 135 72.78001 155 0 24 0","2.7 135 72.78001 155 0 36 0","2.74 135 72.78001 155 0 44 0","2.78 135 72.78001 155 0 51.99999 0","2.82 135 72.78001 155 0 51.99999 0","2.86 135 72.78001 155 0 51.99999 0","2.9 135 72.78001 155 0 51.99999 0","2.94 135 72.78001 155 0 51.99999 0","2.98 135.2049 72.78001 155.1601 0 51.99999 0","3.02 135.6147 72.78 155.4802 0 51.99999 0","3.06 136.0244 72.78001 155.8004 0 51.99999 0","3.1 136.4342 72.78001 156.1205 0 51.99999 0","3.14 136.8439 72.78001 156.4406 0 51.99999 0","3.18 137.2537 72.78 156.7608 0 51.99999 0","3.22 137.2537 72.78 156.7608 0 43.99999 0","3.26 137.2537 72.78 156.7608 0 31.99999 0","3.3 137.2537 72.78 156.7608 0 23.99999 0","3.34 137.2537 72.78 156.7608 0 15.99999 0","3.38 137.2537 72.78 156.7608 0 3.99999 0","3.42 137.2537 72.78 156.7608 0 356 0","3.46 137.182 72.78001 157.0107 0 344 0","3.5 136.9874 72.78001 157.4926 0 336 0","3.54 136.7759 72.78 157.9676 0 336 0","3.58 136.5644 72.78001 158.4426 0 336 0","3.62 136.3529 72.78001 158.9177 0 336 0","3.66 136.1414 72.78001 159.3927 0 336 0","3.7 135.9299 72.78001 159.8678 0 336 0","3.74 135.7352 72.78001 160.3496 0 340 0","3.78 135.6095 72.78 160.8539 0 348 0","3.82 135.5551 72.78001 161.3707 0 356 0","3.86 135.5189 72.78001 161.8894 0 356 0","3.9 135.4826 72.78001 162.4082 0 356 0","3.94 135.4463 72.78001 162.9269 0 356 0","3.98 135.41 72.78001 163.4456 0 356 0","4.02 135.3738 72.78 163.9644 0 356 0","4.06 135.3375 72.78001 164.4831 0 356 0","4.1 135.3012 72.78001 165.0018 0 356 0","4.14 135.2649 72.78001 165.5206 0 356 0","4.18 135.2287 72.78001 166.0393 0 356 0","4.22 135.1924 72.78001 166.558 0 356 0","4.26 135.1561 72.78 167.0768 0 356 0","4.3 135.1198 72.78001 167.5955 0 356 0","4.34 135.0836 72.78001 168.1142 0 356 0","4.38 135.0473 72.78001 168.633 0 356 0","4.42 135.011 72.78001 169.1517 0 356 0","4.46 134.9748 72.78001 169.6704 0 356 0","4.5 134.9385 72.78 170.1892 0 356 0","4.54 134.9022 72.78001 170.7079 0 356 0","4.58 134.8659 72.78001 171.2266 0 356 0","4.62 134.8297 72.78001 171.7454 0 356 0","4.66 134.7934 72.78001 172.2641 0 356 0","4.7 134.7571 72.78 172.7828 0 356 0","4.74 134.7208 72.78 173.3016 0 356 0","4.78 134.6846 72.78001 173.8203 0 356 0","4.82 134.6483 72.78001 174.339 0 356 0","4.86 134.612 72.78001 174.8578 0 356 0","4.9 134.5939 72.78001 175.3771 0 -1.003858E-05 0","4.94 134.6482 72.78001 175.894 0 7.99999 0","4.98 134.7739 72.78001 176.3982 0 15.99999 0","5.02 134.9518 72.78001 176.8869 0 19.99999 0","5.06 135.1296 72.78001 177.3755 0 19.99999 0","5.1 135.3075 72.78001 177.8641 0 19.99999 0","5.14 135.4853 72.78001 178.3528 0 19.99999 0","5.18 135.6632 72.78 178.8414 0 19.99999 0","5.22 135.841 72.78001 179.3301 0 19.99999 0","5.26 136.0189 72.78001 179.8187 0 19.99999 0","5.3 136.1967 72.78001 180.3073 0 19.99999 0","5.34 136.4245 72.78 180.7744 0 27.99999 0","5.38 136.7294 72.78001 181.1941 0 39.99999 0","5.42 137.1033 72.78001 181.5551 0 47.99999 0","5.46 137.5237 72.78001 181.8606 0 55.99999 0","5.5 137.974 72.78 182.1206 0 60 0","5.54 138.4244 72.78001 182.3806 0 60 0","5.58 138.8747 72.78001 182.6406 0 60 0","5.62 139.325 72.78001 182.9006 0 60 0","5.66 139.7754 72.78001 183.1606 0 60 0","5.7 140.2257 72.78001 183.4206 0 60 0","5.74 140.676 72.78001 183.6806 0 60 0","5.78 141.1349 72.78001 183.9245 0 63.99999 0","5.82 141.6232 72.78001 184.1023 0 71.99999 0","5.86 142.1316 72.78 184.2103 0 79.99998 0","5.9 142.6437 72.78001 184.3006 0 79.99998 0","5.94 143.1558 72.78001 184.3909 0 79.99998 0","5.98 143.6679 72.78001 184.4812 0 79.99998 0","6.02 144.18 72.78 184.5715 0 79.99998 0","6.06 144.6921 72.78001 184.6618 0 79.99998 0","6.1 145.2042 72.78001 184.7521 0 79.99998 0","6.14 145.7163 72.78001 184.8424 0 79.99998 0","6.18 146.2284 72.78 184.9327 0 79.99998 0","6.22 146.7405 72.78001 185.023 0 79.99998 0","6.26 147.2526 72.78001 185.1133 0 79.99998 0","6.3 147.7647 72.78001 185.2036 0 79.99998 0","6.34 148.2768 72.78001 185.2939 0 79.99998 0","6.38 148.7889 72.78001 185.3842 0 79.99998 0","6.42 149.301 72.78001 185.4745 0 79.99998 0","6.46 149.8131 72.78001 185.5648 0 79.99998 0","6.5 150.3252 72.78001 185.6551 0 79.99998 0","6.54 150.8373 72.78 185.7454 0 79.99998 0","6.58 151.3494 72.78001 185.8357 0 79.99998 0","6.62 151.8615 72.78001 185.926 0 79.99998 0","6.66 152.3736 72.78001 186.0163 0 79.99998 0","6.7 152.8857 72.78 186.1066 0 79.99998 0","6.74 153.3978 72.78001 186.1969 0 79.99998 0","6.78 153.9099 72.78001 186.2872 0 79.99998 0","6.82 154.422 72.78001 186.3775 0 79.99998 0","6.86 154.9341 72.78 186.4678 0 79.99998 0","6.9 155.4462 72.78001 186.558 0 79.99998 0","6.94 155.9583 72.78001 186.6483 0 79.99998 0","6.98 156.4704 72.78001 186.7386 0 79.99998 0","7.02 156.9825 72.78001 186.8289 0 79.99998 0","7.06 157.4946 72.78 186.9192 0 79.99998 0","7.1 158.0067 72.78001 187.0095 0 79.99998 0","7.14 158.5188 72.78001 187.0998 0 79.99998 0","7.18 159.0309 72.78001 187.1901 0 79.99998 0","7.22 159.543 72.78 187.2804 0 79.99998 0","7.26 160.0551 72.78001 187.3707 0 79.99998 0","7.3 160.5672 72.78001 187.461 0 79.99998 0","7.34 161.0793 72.78001 187.5513 0 79.99998 0","7.38 161.5914 72.78 187.6416 0 79.99998 0","7.42 162.1035 72.78001 187.7319 0 79.99998 0","7.46 162.6156 72.78001 187.8222 0 79.99998 0","7.5 163.1277 72.78001 187.9125 0 79.99998 0","7.54 163.6398 72.78001 188.0028 0 79.99998 0","7.58 164.1519 72.78001 188.0931 0 79.99998 0","7.62 164.664 72.78001 188.1834 0 79.99998 0","7.66 165.1761 72.78001 188.2737 0 79.99998 0","7.7 165.6882 72.78001 188.364 0 79.99998 0","7.74 166.2003 72.78 188.4543 0 79.99998 0","7.78 166.7124 72.78001 188.5446 0 79.99998 0","7.82 167.2245 72.78001 188.6349 0 79.99998 0","7.86 167.7366 72.78001 188.7252 0 79.99998 0","7.9 168.2487 72.78 188.8155 0 79.99998 0","7.94 168.7608 72.78001 188.9058 0 79.99998 0","7.98 169.2729 72.78001 188.9961 0 79.99998 0","8.02 169.785 72.78001 189.0864 0 79.99998 0","8.059999 170.2971 72.78 189.1767 0 79.99998 0","8.099999 170.8092 72.78001 189.267 0 79.99998 0","8.139999 171.3213 72.78001 189.3573 0 79.99998 0","8.179999 171.8334 72.78001 189.4476 0 79.99998 0","8.22 172.3455 72.78001 189.5379 0 79.99998 0","8.26 172.8576 72.78001 189.6282 0 79.99998 0","8.3 173.3697 72.78001 189.7185 0 79.99998 0","8.34 173.8818 72.78001 189.8087 0 79.99998 0","8.38 174.3939 72.78001 189.899 0 79.99998 0","8.42 174.906 72.78 189.9893 0 79.99998 0","8.46 175.4181 72.78001 190.0796 0 79.99998 0","8.5 175.9302 72.78001 190.1699 0 79.99998 0","8.54 176.4423 72.78001 190.2602 0 79.99998 0","8.58 176.9544 72.78 190.3505 0 79.99998 0","8.62 177.4665 72.78001 190.4408 0 79.99998 0","8.66 177.9786 72.78001 190.5311 0 79.99998 0","8.7 178.4907 72.78001 190.6214 0 79.99998 0","8.74 179.0028 72.78 190.7117 0 79.99998 0","8.78 179.5149 72.78001 190.802 0 79.99998 0","8.82 180.027 72.78001 190.8923 0 79.99998 0","8.86 180.5203 72.78001 191.0526 0 67.99999 0","8.9 180.9792 72.78001 191.2966 0 60 0","8.94 181.4295 72.78001 191.5566 0 60 0","8.98 181.8798 72.78001 191.8166 0 60 0","9.02 