{"participantData":{"id":"H"},"allTrialData":[{"trialNumber":0,"mapIndex":0,"mapName":"Persistent","maxTrialDuration":0.0,"timeStepTrackingData":[]},{"trialNumber":1,"mapIndex":1,"mapName":"StartScreen","maxTrialDuration":0.0,"timeStepTrackingData":[]},{"trialNumber":2,"mapIndex":3,"mapName":"tartarus1","maxTrialDuration":0.0,"timeStepTrackingData":["Time x-position y-position z-position x-rotation y-rotation z-rotation","1.78 195 72.78001 195 0 0 0","1.8 195 72.78001 195 0 0 0","1.84 195 72.78001 195 0 0 0","1.88 195 72.78001 195 0 0 0","1.92 195 72.78001 195 0 0 0","1.96 195 72.78001 195 0 0 0","2 195 72.78001 195 0 0 0","2.04 195 72.78001 195 0 0 0","2.08 195 72.78001 195 0 0 0","2.12 195 72.78001 195 0 0 0","2.16 195 72.78001 195 0 0 0","2.2 195 72.78001 195 0 0 0","2.24 195 72.78001 195 0 0 0","2.28 195 72.78001 195 0 0 0","2.32 195 72.78001 195 0 0 0","2.36 195 72.78001 195 0 6 0","2.4 195 72.78001 195 0 24 0","2.44 195 72.78001 195 0 36 0","2.48 195 72.78001 195 0 54 0","2.52 195 72.78001 195 0 66 0","2.56 195 72.78001 195 0 78.00001 0","2.6 195 72.78001 195 0 96.00001 0","2.64 195 72.78001 195 0 108 0","2.68 195 72.78001 195 0 126 0","2.72 195 72.78001 195 0 138 0","2.76 195 72.78001 195 0 150 0","2.8 195.0624 72.78001 194.7066 0 168 0","2.84 195.0937 72.78001 194.1082 0 180 0","2.88 195.031 72.78001 193.5115 0 186 0","2.92 194.9683 72.78001 192.9148 0 186 0","2.96 194.9056 72.78 192.3181 0 186 0","3 194.8429 72.78001 191.7213 0 186 0","3.04 194.7802 72.78001 191.1246 0 186 0","3.08 194.7174 72.78001 190.5279 0 186 0","3.12 194.6547 72.78001 189.9312 0 186 0","3.16 194.592 72.78 189.3345 0 186 0","3.2 194.5293 72.78001 188.7378 0 186 0","3.24 194.4666 72.78001 188.1411 0 186 0","3.28 194.4038 72.78001 187.5444 0 186 0","3.32 194.3411 72.78001 186.9476 0 186 0","3.36 194.2784 72.78001 186.3509 0 186 0","3.4 194.2157 72.78 185.7542 0 186 0","3.44 194.153 72.78001 185.1575 0 186 0","3.48 194.1216 72.78001 184.8591 0 186 0","3.52 194.1216 72.78001 184.8591 0 186 0"]},{"trialNumber":3,"mapIndex":4,"mapName":"tartarus2","maxTrialDuration":0.0,"timeStepTrackingData":["Time x-position y-position z-position x-rotation y-rotation z-rotation","3.538743 195 72.5 195 0 0 0","3.56 195 72.78001 195 0 12 0","3.6 195 72.78 195 0 24 0","3.64 195 72.78 195 0 36 0","3.68 195 72.78 195 0 54 0","3.72 195 72.78 195 0 66 0","3.76 195 72.78 195 0 84 0","3.8 195 72.78 195 0 96.00001 0","3.84 195 72.78 195 0 108 0","3.88 195 72.78 195 0 126 0","3.92 195 72.78 195 0 138 0","3.96 195.1763 72.78001 194.7573 0 144 0","4 195.529 72.78001 194.2719 0 144 0","4.04 195.8817 72.78 193.7865 0 144 0","4.08 196.2343 72.78001 193.3011 0 144 0","4.12 196.587 72.78001 192.8157 0 144 0","4.16 196.9397 72.78001 192.3302 0 144 0","4.2 197.2924 72.78001 191.8448 0 144 0","4.24 197.645 72.78001 191.3594 0 144 0","4.28 197.9977 72.78 190.874 0 144 0","4.32 198.2697 72.78001 190.3401 0 156 0","4.36 198.3634 72.78001 189.7483 0 174 0","4.4 198.3634 72.78001 189.1483 0 180 0","4.44 198.3634 72.78001 188.5483 0 180 0","4.48 198.3634 72.78001 187.9483 0 180 0","4.52 198.3634 72.78 187.3483 0 180 0","4.56 198.3634 72.78001 186.7483 0 180 0","4.6 198.3634 72.78001 186.1483 0 180 0","4.64 198.3634 72.78001 185.5483 0 180 0","4.68 198.3634 72.78001 184.9483 0 180 0","4.72 198.3634 72.78001 184.3483 0 180 0","4.76 198.3634 72.78 183.7483 0 180 0","4.8 198.3634 72.78001 183.1483 0 180 0","4.84 198.3634 72.78001 182.5483 0 180 0","4.88 198.3634 72.78001 181.9483 0 180 0","4.92 198.3634 72.78001 181.3483 0 180 0","4.96 198.3634 72.78001 180.7483 0 180 0","5 198.3634 72.78 180.1483 0 180 0","5.04 198.3634 72.78001 179.5483 0 180 0","5.08 198.3634 72.78001 178.9483 0 180 0","5.12 198.3634 72.78001 178.3483 0 180 0","5.16 198.3634 72.78001 177.7483 0 180 0","5.2 198.3634 72.78 177.1483 0 180 0","5.24 198.3634 72.78001 176.5483 0 180 0","5.28 198.3634 72.78001 175.9483 0 180 0","5.32 198.3634 72.78001 175.3483 0 180 0"]},{"trialNumber":0,"mapIndex":0,"mapName":"","maxTrialDuration":0.0,"timeStepTrackingData":[]},{"trialNumber":0,"mapIndex":0,"mapName":"","maxTrialDuration":0.0,"timeStepTrackingData":[]},{"trialNumber":0,"mapIndex":0,"mapName":"","maxTrialDuration":0.0,"timeStepTrackingData":[]},{"trialNumber":0,"mapIndex":0,"mapName":"","maxTrialDuration":0.0,"timeStepTrackingData":[]},{"trialNumber":0,"mapIndex":0,"mapName":"","maxTrialDuration":0.0,"timeStepTrackingData":[]},{"trialNumber":0,"mapIndex":0,"mapName":"","maxTrialDuration":0.0,"timeStepTrackingData":[]},{"trialNumber":0,"mapIndex":0,"mapName":"","maxTrialDuration":0.0,"timeStepTrackingData":[]},{"trialNumber":0,"mapIndex":0,"mapName":"","maxTrialDuration":0.0,"timeStepTrackingData":[]},{"trialNumber":0,"mapIndex":0,"mapName":"","maxTrialDuration":0.0,"timeStepTrackingData":[]},{"trialNumber":0,"mapIndex":0,"mapName":"","maxTrialDuration":0.0,"timeStepTrackingData":[]},{"trialNumber":0,"mapIndex":0,"mapName":"","maxTrialDuration":0.0,"timeStepTrackingData":[]},{"trialNumber":0,"mapIndex":0,"mapName":"","maxTrialDuration":0.0,"timeStepTrackingData":[]},{"trialNumber":0,"mapIndex":0,"mapName":"","maxTrialDuration":0.0,"timeStepTrackingData":[]},{"trialNumber":0,"mapIndex":0,"mapName":"","maxTrialDuration":0.0,"timeStepTrackingData":[]},{"trialNumber":0,"mapIndex":0,"mapName":"","maxTrialDuration":0.0,"timeStepTrackingData":[]},{"trialNumber":0,"mapIndex":0,"mapName":"","maxTrialDuration":0.0,"timeStepTrackingData":[]}]}