{"participantData":{"id":"Hannah"},"allTrialData":[{"trialNumber":0,"mapIndex":0,"mapName":"Persistent","maxTrialDuration":0.0,"timeStepTrackingData":[]},{"trialNumber":1,"mapIndex":1,"mapName":"StartScreen","maxTrialDuration":0.0,"timeStepTrackingData":[]},{"trialNumber":2,"mapIndex":3,"mapName":"tartarus1","maxTrialDuration":0.0,"timeStepTrackingData":["Time x-position y-position z-position x-rotation y-rotation z-rotation","3.12 195 72.78001 195 0 0 0","3.14 195 72.78001 195 0 0 0","3.18 195 72.78001 195 0 0 0","3.22 195 72.78001 195 0 0 0","3.26 195 72.78001 195 0 0 0","3.3 195 72.78001 195 0 0 0","3.34 195 72.78001 195 0 0 0","3.38 195 72.78001 195 0 0 0","3.42 195 72.78001 195 0 0 0","3.46 195 72.78001 195 0 0 0","3.5 195 72.78001 195 0 0 0","3.54 195 72.78001 195 0 0 0","3.58 195 72.78001 195 0 0 0","3.62 195 72.78001 195 0 0 0","3.66 195 72.78001 195 0 0 0","3.7 195 72.78001 195 0 0 0","3.74 195 72.78001 195 0 0 0","3.78 195 72.78001 195 0 0 0","3.82 195 72.78001 195 0 0 0","3.86 195 72.78001 195 0 18 0","3.9 195 72.78001 195 0 30 0","3.94 195 72.78001 195 0 42 0","3.98 195 72.78001 195 0 60.00001 0","4.02 195 72.78001 195 0 72 0","4.06 195 72.78001 195 0 90 0","4.1 195 72.78001 195 0 102 0","4.14 195 72.78001 195 0 114 0","4.18 195 72.78001 195 0 132 0","4.22 195 72.78001 195 0 144 0","4.26 195 72.78001 195 0 162 0","4.3 195 72.78001 195 0 174 0","4.34 195 72.78001 195 0 192 0","4.38 195 72.78001 195 0 204 0","4.42 195 72.78001 195 0 210 0","4.46 195 72.78001 195 0 210 0","4.5 195 72.78001 195 0 210 0","4.54 194.85 72.78001 194.7402 0 210 0","4.58 194.55 72.78 194.2206 0 210 0","4.62 194.25 72.78001 193.701 0 210 0","4.66 193.95 72.78001 193.1814 0 210 0","4.7 193.5729 72.78001 192.7157 0 222 0","4.74 193.0704 72.78 192.3894 0 240 0","4.78 192.511 72.78001 192.1746 0 252 0","4.82 191.9176 72.78 192.1123 0 270 0","4.86 191.3176 72.78001 192.1123 0 270 0","4.9 190.7176 72.78001 192.1123 0 270 0","4.94 190.1176 72.78001 192.1123 0 270 0","4.98 189.5176 72.78001 192.1123 0 270 0","5.02 188.9176 72.78001 192.1123 0 270 0","5.06 188.3176 72.78 192.1123 0 270 0","5.1 187.7176 72.78001 192.1123 0 270 0","5.14 187.1176 72.78001 192.1123 0 270 0","5.18 186.5176 72.78001 192.1123 0 270 0","5.22 185.9176 72.78001 192.1123 0 270 0","5.26 185.3176 72.78001 192.1123 0 270 0","5.3 184.7176 72.78 192.1123 0 270 0","5.34 184.1176 72.78001 192.1123 0 270 0","5.38 183.5176 72.78001 192.1123 0 270 0","5.42 182.9176 72.78001 192.1123 0 270 0","5.46 182.3176 72.78001 192.1123 0 270 0","5.5 181.7176 72.78001 192.1123 0 270 0","5.54 181.1176 72.78 192.1123 0 270 0","5.58 180.5176 72.78001 192.1123 0 270 0","5.62 179.9176 72.78001 192.1123 0 270 0","5.66 179.3176 72.78001 192.1123 0 270 0","5.7 178.7176 72.78001 192.1123 0 270 0","5.74 178.1176 72.78001 192.1123 0 270 0","5.78 177.5176 72.78 192.1123 0 270 0","5.82 176.9176 72.78001 192.1123 0 270 0","5.86 176.3176 72.78001 192.1123 0 270 0","5.9 175.7176 72.78001 192.1123 0 270 0","5.94 175.1176 72.78001 192.1123 0 270 0","5.98 174.5176 72.78 192.1123 0 270 0","6.02 173.9176 72.78001 192.1123 0 270 0","6.06 173.3176 72.78001 192.1123 0 270 0","6.1 172.7176 72.78001 192.1123 0 270 0","6.14 172.1176 72.78001 192.1123 0 270 0","6.18 171.5176 72.78001 192.1123 0 270 0","6.22 170.9176 72.78 192.1123 0 270 0","6.26 170.3176 72.78001 192.1123 0 270 0","6.3 169.7176 72.78001 192.1123 0 270 0","6.34 169.1176 72.78001 192.1123 0 270 0","6.38 168.5176 72.78001 192.1123 0 270 0","6.42 167.9176 72.78001 192.1123 0 270 0","6.46 167.3176 72.78 192.1123 0 270 0","6.5 166.7176 72.78001 192.1123 0 270 0","6.54 166.1176 72.78001 192.1123 0 270 0","6.58 165.5176 72.78001 192.1123 0 270 0","6.62 164.9176 72.78001 192.1123 0 270 0","6.66 164.3176 72.78001 192.1123 0 270 0","6.7 163.7176 72.78 192.1123 0 270 0","6.74 163.1176 72.78001 192.1123 0 270 0","6.78 162.5176 72.78001 192.1123 0 270 0","6.82 161.9176 72.78001 192.1123 0 270 0","6.86 161.3176 72.78001 192.1123 0 270 0","6.9 160.7176 72.78001 192.1123 0 270 0","6.94 160.1176 72.78 192.1123 0 270 0","6.98 159.5176 72.78001 192.1123 0 270 0","7.02 158.9176 72.78001 192.1123 0 270 0","7.06 158.3176 72.78001 192.1123 0 270 0","7.1 157.7176 72.78001 192.1123 0 270 0","7.14 157.1176 72.78 192.1123 0 270 0","7.18 156.5176 72.78 192.1123 0 270 0","7.22 155.9176 72.78001 192.1123 0 270 0","7.26 155.3176 72.78001 192.1123 0 270 0","7.3 154.7176 72.78001 192.1123 0 270 0","7.34 154.1176 72.78001 192.1123 0 270 0","7.38 153.5176 72.78 192.1123 0 270 0","7.42 152.9176 72.78001 192.1123 0 270 0","7.46 152.3176 72.78001 192.1123 0 270 0","7.5 151.7176 72.78001 192.1123 0 270 0","7.54 151.1176 72.78001 192.1123 0 270 0","7.58 150.5176 72.78001 192.1123 0 270 0","7.62 149.9176 72.78 192.1123 0 270 0","7.66 149.3176 72.78001 192.1123 0 270 0","7.7 148.7176 72.78001 192.1123 0 270 0","7.74 148.1176 72.78001 192.1123 0 270 0","7.78 147.5176 72.78001 192.1123 0 270 0","7.82 146.9176 72.78001 192.1123 0 270 0","7.86 146.3176 72.78 192.1123 0 270 0","7.9 145.7176 72.78001 192.1123 0 270 0","7.94 145.1176 72.78001 192.1123 0 270 0","7.98 144.5176 72.78001 192.1123 0 270 0","8.02 143.9176 72.78001 192.1123 0 270 0","8.059999 143.3176 72.78001 192.1123 0 270 0","8.099999 142.7176 72.78 192.1123 0 270 0","8.139999 142.1176 72.78001 192.1123 0 270 0","8.179999 141.5176 72.78001 192.1123 0 270 0","8.22 140.9176 72.78001 192.1123 0 270 0","8.26 140.3176 72.78001 192.1123 0 270 0","8.3 139.7176 72.78001 192.1123 0 270 0","8.34 139.1176 72.78 192.1123 0 270 0","8.38 138.5176 72.78001 192.1123 0 270 0","8.42 137.9176 72.78001 192.1123 0 270 0","8.46 137.3176 72.78001 192.1123 0 270 0","8.5 136.7176 72.78001 192.1123 0 270 0","8.54 136.1176 72.78 192.1123 0 270 0","8.58 135.5176 72.78001 192.1123 0 270 0","8.62 134.9176 72.78001 192.1123 0 270 0","8.66 134.3176 72.78001 192.1123 0 270 0","8.7 133.7176 72.78001 192.1123 0 270 0","8.74 133.1176 72.78001 192.1123 0 270 0","8.78 132.5176 72.78 192.1123 0 270 0","8.82 131.9176 72.78001 192.1123 0 270 0","8.86 131.3176 72.78001 192.1123 0 270 0","8.9 130.7176 72.78001 192.1123 0 270 0","8.94 130.1176 72.78001 192.1123 0 270 0","8.98 129.5176 72.78001 192.1123 0 270 0","9.02 128.9176 72.78 192.1123 0 270 0","9.059999 128.3176 72.78001 192.1123 0 270 0","9.099999 127.7176 72.78001 192.1123 0 270 0","9.139999 127.1176 72.78001 192.1123 0 270 0","9.179999 126.5176 72.78001 192.1123 0 270 0","9.22 125.9176 72.78001 192.1123 0 270 0","9.26 125.3176 72.78 192.1123 0 270 0","9.3 124.7176 72.78001 192.1123 0 270 0","9.34 124.1176 72.78001 192.1123 0 270 0","9.38 123.5176 72.78001 192.1123 0 270 0","9.42 122.9176 72.78001 192.1123 0 270 0","9.46 122.3176 72.78001 192.1123 0 270 0","9.5 121.7176 72.78 192.1123 0 270 0","9.54 121.1176 72.78001 192.1123 0 270 0","9.58 120.5176 72.78001 192.1123 0 270 0","9.62 119.9176 72.78001 192.1123 0 270 0","9.66 119.3176 72.78001 192.1123 0 270 0","9.7 118.7176 72.78 192.1123 0 270 0","9.74 118.1176 72.78 192.1123 0 270 0","9.78 117.5176 72.78001 192.1123 0 270 0","9.82 116.9176 72.78001 192.1123 0 270 0","9.86 116.3176 72.78001 192.1123 0 270 0","9.9 115.7176 72.78001 192.1123 0 270 0","9.94 115.1176 72.78 192.1123 0 270 0","9.98 114.5176 72.78001 192.1123 0 270 0","10.02 113.9176 72.78001 192.1123 0 270 0","10.06 113.3176 72.78001 192.1123 0 270 0","10.1 112.7176 72.78001 192.1123 0 270 0","10.14 112.1176 72.78001 192.1123 0 270 0","10.18 111.5176 72.78 192.1123 0 270 0","10.22 110.9176 72.78001 192.1123 0 270 0","10.26 110.3388 72.78001 191.9572 0 252 0","10.3 109.805 72.78001 191.6852 0 240 0","10.34 109.3615 72.78001 191.2859 0 222 0","10.38 109.0088 72.78001 190.8005 0 216 0","10.42 108.6562 72.78001 190.3151 0 216 0","10.46 108.3035 72.78 189.8297 0 216 0","10.5 107.9508 72.78001 189.3443 0 216 0","10.54 107.5982 72.78001 188.8589 0 216 0","10.58 107.2455 72.78001 188.3735 0 216 0","10.62 106.8928 72.78 187.888 0 216 0","10.66 106.5401 72.78001 187.4026 0 216 0","10.7 106.1875 72.78001 186.9172 0 216 0","10.74 105.8348 72.78001 186.4318 