{"participantData":{"id":"test"},"allTrialData":[{"trialNumber":0,"mapIndex":0,"mapName":"Persistent","maxTrialDuration":0.0,"movementTime":0.0,"trialError":false,"timeStepTrackingData":[]},{"trialNumber":1,"mapIndex":1,"mapName":"StartScreen","maxTrialDuration":0.0,"movementTime":0.0,"trialError":false,"timeStepTrackingData":[]},{"trialNumber":2,"mapIndex":2,"mapName":"tartarus1","maxTrialDuration":0.0,"movementTime":6.228796482086182,"trialError":false,"timeStepTrackingData":["Time x-position y-position z-position x-rotation y-rotation z-rotation","2.38 175 72.78001 155 0 0 0","2.4 175 72.78001 155 0 0 0","2.44 175 72.78001 155 0 0 0","2.48 175 72.78001 155 0 0 0","2.52 175 72.78001 155 0 0 0","2.56 175 72.78001 155 0 0 0","2.6 175 72.78001 155 0 0 0","2.64 175 72.78001 155 0 0 0","2.68 175 72.78001 155 0 0 0","2.72 175 72.78001 155 0 0 0","2.76 175 72.78001 155 0 0 0","2.8 175 72.78001 155 0 0 0","2.84 175 72.78001 155 0 0 0","2.88 175 72.78001 155 0 0 0","2.92 175 72.78001 155 0 0 0","2.96 175 72.78001 155 0 0 0","3 175 72.78001 155 0 0 0","3.04 175 72.78001 155 0 6 0","3.08 175 72.78001 155 0 15 0","3.12 175 72.78001 155 0 21 0","3.16 175 72.78001 155 0 30 0","3.2 175 72.78001 155 0 36 0","3.24 175 72.78001 155 0 45 0","3.28 175 72.78001 155 0 45 0","3.32 175 72.78001 155 0 45 0","3.36 175 72.78001 155 0 45 0","3.4 175 72.78001 155 0 45 0","3.44 175 72.78001 155 0 39.00001 0","3.48 175 72.78001 155 0 33 0","3.52 175 72.78001 155 0 27 0","3.56 175 72.78001 155 0 18 0","3.6 175 72.78001 155 0 12 0","3.64 175 72.78001 155 0 9 0","3.68 175.0313 72.78001 155.1975 0 9 0","3.72 175.0939 72.78001 155.5926 0 9 0","3.76 175.1564 72.78001 155.9877 0 9 0","3.8 175.219 72.78001 156.3828 0 9 0","3.84 175.2816 72.78 156.7778 0 9 0","3.88 175.3442 72.78001 157.1729 0 9 0","3.92 175.4067 72.78001 157.568 0 9 0","3.96 175.4693 72.78001 157.9631 0 9 0","4 175.5319 72.78001 158.3581 0 9 0","4.04 175.5945 72.78 158.7532 0 9 0","4.08 175.657 72.78001 159.1483 0 9 0","4.12 175.7196 72.78001 159.5434 0 9 0","4.16 175.7822 72.78001 159.9384 0 9 0","4.2 175.8447 72.78001 160.3335 0 9 0","4.24 175.9073 72.78001 160.7286 0 9 0","4.28 175.9699 72.78 161.1237 0 9 0","4.32 176.0325 72.78001 161.5187 0 9 0","4.36 176.095 72.78001 161.9138 0 9 0","4.4 176.1576 72.78001 162.3089 0 9 0","4.44 176.2202 72.78001 162.704 0 9 0","4.48 176.2828 72.78001 163.099 0 9 0","4.52 176.3453 72.78 163.4941 0 9 0","4.56 176.4079 72.78001 163.8892 0 9 0","4.6 176.4705 72.78001 164.2843 0 9 0","4.64 176.5331 72.78001 164.6794 0 9 0","4.68 176.5956 72.78001 165.0744 0 9 0","4.72 176.6582 72.78001 165.4695 0 9 0","4.76 176.7208 72.78 165.8646 0 9 0","4.8 176.7834 72.78001 166.2596 0 9 0","4.84 176.8459 72.78001 166.6547 0 9 0","4.88 176.8773 72.78001 167.0533 0 3 0","4.92 176.8459 72.78001 167.452 0 354 0","4.96 176.7834 72.78 167.8471 0 351 0","5 176.7208 72.78001 168.2421 0 351 0","5.04 176.6582 72.78001 168.6372 0 351 0","5.08 176.5956 72.78001 169.0323 0 351 0","5.12 176.5331 72.78001 169.4274 0 351 0","5.16 176.4705 72.78 169.8224 0 351 0","5.2 176.4079 72.78001 170.2175 0 351 0","5.24 176.3453 72.78001 170.6126 0 351 0","5.28 176.2828 72.78001 171.0077 0 351 0","5.32 176.2202 72.78001 171.4027 0 351 0","5.36 176.1473 72.78001 171.7959 0 348 0","5.4 176.0138 72.78001 172.1728 0 339 0","5.44 175.8417 72.78001 172.5337 0 333 0","5.48 175.6417 72.78001 172.8802 0 330 0","5.52 175.4417 72.78001 173.2266 0 330 0","5.56 175.2417 72.78001 173.573 0 330 0","5.6 175.0417 72.78001 173.9194 0 330 0","5.64 174.8417 72.78 174.2658 0 330 0","5.68 174.6417 72.78001 174.6122 0 330 0","5.72 174.4417 72.78001 174.9586 0 330 0","5.76 174.2509 72.78001 175.31 0 333 0","5.8 174.0979 72.78 175.6794 0 339 0","5.84 173.9843 72.78 176.0628 0 345 0","5.88 173.9321 72.78 176.4593 0 354 0","5.92 173.9216 72.78 176.859 0 2.249251E-06 0","5.96 173.9634 72.78001 177.2563 0 9.000003 0","6 174.0567 72.78001 177.6451 0 15 0","6.04 174.1902 72.78001 178.022 0 21.00001 0","6.08 174.381 72.78001 178.3734 0 30 0","6.12 174.581 72.78 178.7198 0 30 0","6.16 174.781 72.78001 179.0662 0 30 0","6.2 174.981 72.78001 179.4126 0 30 0","6.24 175.181 72.78001 179.7591 0 30 0","6.28 175.381 72.78 180.1055 0 30 0","6.32 175.581 72.78001 180.4519 0 30 0","6.36 175.781 72.78001 180.7983 0 30 0","6.4 175.981 72.78001 181.1447 0 30 0","6.44 176.19 72.78001 181.4856 0 33 0","6.48 176.4334 72.78 181.8029 0 39.00001 0","6.52 176.7086 72.78001 182.0929 0 45 0","6.56 177.0258 72.78001 182.3363 0 54 0","6.6 177.3495 72.78001 182.5715 0 54 0","6.64 177.6731 72.78001 182.8066 0 54 0","6.68 177.9967 72.78 183.0417 0 54 0","6.72 178.3203 72.78001 183.2768 0 54 0","6.76 178.6439 72.78001 183.5119 0 54 0","6.8 178.9675 72.78001 183.747 0 54 0","6.84 179.2911 72.78 183.9821 0 54 0","6.88 179.6147 72.78001 184.2173 0 54 0","6.92 179.9383 72.78001 184.4524 0 54 0","6.96 180.2619 72.78001 184.6875 0 54 0","7 180.5855 72.78 184.9226 0 54 0","7.04 180.9091 72.78001 185.1577 0 54 0","7.08 181.2327 72.78001 185.3928 0 54 0","7.12 181.5564 72.78001 185.6279 0 54 0","7.16 181.88 72.78001 185.8631 0 54 0","7.2 182.2036 72.78001 186.0982 0 54 0","7.24 182.5272 72.78001 186.3333 0 54 0","7.28 182.8508 72.78001 186.5684 0 54 0","7.32 183.1744 72.78001 186.8035 0 54 0","7.36 183.498 72.78 187.0386 0 54 0","7.4 183.8216 72.78001 187.2737 0 54 0","7.44 184.1452 72.78001 187.5089 0 54 0","7.48 184.4688 72.78001 187.744 0 54 0","7.52 184.7924 72.78 187.9791 0 54 0","7.56 185.116 72.78001 188.2142 0 54 0","7.6 185.4396 72.78001 188.4493 0 54 0","7.64 185.7632 72.78001 188.6844 0 54 0","7.68 186.0869 72.78 188.9195 0 54 0","7.72 186.4104 72.78001 189.1546 0 54 0","7.76 186.7341 72.78001 189.3898 0 54 0","7.8 187.0577 72.78001 189.6249 0 54 0","7.84 187.3813 72.78001 189.86 0 54 0","7.88 187.7049 72.78001 190.0951 0 54 0","7.92 188.0285 72.78001 190.3302 0 54 0","7.96 188.3521 72.78001 190.5653 0 54 0","8 188.6757 72.78001 190.8004 0 54 0","8.04 188.9993 72.78 191.0356 0 54 0","8.08 189.3229 72.78001 191.2707 0 54 0","8.12 189.6465 72.78001 191.5058 0 54 0","8.16 189.9701 72.78001 191.7409 0 54 0","8.2 190.2937 72.78 191.976 0 54 0","8.24 190.6347 72.78 192.185 0 60 0","8.28 190.9996 72.78 192.3474 0 69.00001 0","8.32 191.38 72.78001 192.471 0 72 0","8.36 191.7604 72.78001 192.5946 0 72 0","8.4 192.1409 72.78001 192.7182 0 72 0","8.44 192.5213 72.78 192.8418 0 72 0","8.48 192.9017 72.78001 192.9655 0 72 0","8.52 193.2821 72.78001 193.0891 0 72 0","8.559999 193.6626 72.78001 193.2127 0 72 0","8.599999 194.043 72.78 193.3363 0 72 0","8.639999 194.4234 72.78001 193.4599 0 72 0","8.679999 194.8038 72.78001 193.5835 0 72 0","8.72 195.1842 72.78001 193.7071 0 72 0","8.76 195.5572 72.78001 193.8503 0 66 0","8.8 195.9086 72.78001 194.041 0 60 0","8.84 196.2317 72.78001 194.2758 0 50.99999 0","8.88 196.5218 72.78001 194.5511 0 45 0","8.92 196.7815 72.78001 194.8551 0 38.99999 0","8.96 196.9904 72.78001 195.1961 0 29.99999 0","9 197.1626 72.78001 195.557 0 23.99999 0","9.04 197.286 72.78001 195.9369 0 14.99999 0","9.08 197.3589 72.78001 196.3301 0 8.99999 0","9.12 197.3902 72.78001 196.7287 0 2.999989 0","9.16 197.3589 72.78 197.1273 0 354 0","9.2 197.286 72.78001 197.5205 0 348 0","9.24 197.1625 72.78001 197.9004 0 339 0","9.28 196.9904 72.78001 198.2613 0 333 0","9.32 196.7815 72.78001 198.6022 0 327 0","9.36 196.7815 72.78 198.6022 0 318 0","9.4 196.7815 72.78 198.6022 0 312 0","9.44 196.7815 72.78 198.6022 0 303 0","9.48 196.7815 72.78 198.6022 0 297 0","9.52 196.7815 72.78 198.6022 0 288 0","9.559999 196.7815 72.78 198.6022 0 282 0","9.599999 196.7815 72.78 198.6022 0 279 0","9.639999 196.7815 72.78 198.6022 0 279 0","9.679999 196.7815 72.78 198.6022 0 276 0","9.719999 196.7815 72.78 198.6022 0 267 0","9.76 196.7815 72.78 198.6022 0 261 0","9.8 196.7815 72.78 198.6022 0 255 0","9.84 196.7815 72.78 198.6022 0 246 0","9.88 196.7815 72.78 198.6022 0 240 0","9.92 196.7815 72.78 198.6022 0 231 0","9.96 196.7815 72.78 198.6022 0 231 0","10 196.7815 72.78 198.6022 0 231 0","10.04 196.7815 