{"participantData":{"id":"g"},"allTrialData":[{"trialNumber":0,"mapIndex":0,"mapName":"Persistent","maxTrialDuration":0.0,"movementTime":0.0,"timeStepTrackingData":[]},{"trialNumber":1,"mapIndex":1,"mapName":"StartScreen","maxTrialDuration":0.0,"movementTime":0.0,"timeStepTrackingData":[]},{"trialNumber":2,"mapIndex":3,"mapName":"tartarus1","maxTrialDuration":0.0,"movementTime":0.0,"timeStepTrackingData":["Time x-position y-position z-position x-rotation y-rotation z-rotation","3.4 195 72.78001 195 0 0 0","3.42 195 72.78001 195 0 0 0","3.46 195 72.78001 195 0 0 0","3.5 195 72.78001 195 0 0 0","3.54 195 72.78001 195 0 0 0","3.58 195 72.78001 195 0 0 0","3.62 195 72.78001 195 0 0 0","3.66 195 72.78001 195 0 0 0","3.7 195 72.78001 195 0 0 0","3.74 195 72.78001 195 0 0 0","3.78 195 72.78001 195 0 0 0","3.82 195 72.78001 195 0 0 0","3.86 195 72.78001 195 0 0 0","3.9 195 72.78001 195 0 0 0","3.94 195 72.78001 195 0 0 0","3.98 195 72.78001 195 0 0 0","4.02 195 72.78001 195 0 0 0","4.06 195 72.78001 195 0 0 0","4.1 195 72.78001 195 0 0 0","4.14 195 72.78001 195 0 0 0","4.18 195 72.78001 195 0 0 0","4.22 195 72.78001 195 0 0 0","4.26 195 72.78001 195 0 0 0","4.3 195 72.78001 195 0 0 0","4.34 195 72.78001 195 0 0 0","4.38 195 72.78001 195 0 0 0","4.42 195 72.78001 195 0 0 0","4.46 195 72.78001 195 0 0 0","4.5 195 72.78001 195 0 0 0","4.54 195 72.78001 195 0 0 0","4.58 195 72.78001 195 0 0 0","4.62 195 72.78001 195 0 12 0","4.66 195 72.78001 195 0 24 0","4.7 195 72.78001 195 0 36 0","4.74 195 72.78001 195 0 54 0","4.78 195 72.78001 195 0 66 0","4.82 195 72.78001 195 0 84 0","4.86 195 72.78001 195 0 96.00001 0","4.9 195 72.78001 195 0 114 0","4.94 195 72.78001 195 0 126 0","4.98 195 72.78001 195 0 138 0","5.02 195.3 72.78 194.4804 0 150 0","5.06 195.6 72.78001 193.9608 0 150 0","5.1 195.9 72.78001 193.4411 0 150 0","5.14 196.2 72.78001 192.9215 0 150 0","5.18 196.5 72.78001 192.4019 0 150 0","5.22 196.8 72.78001 191.8823 0 150 0","5.26 197.1 72.78 191.3627 0 150 0","5.3 197.2551 72.78001 190.7839 0 168 0","5.34 197.2864 72.78001 190.1856 0 180 0","5.38 197.2237 72.78001 189.5889 0 186 0","5.42 197.161 72.78001 188.9921 0 186 0","5.46 197.0983 72.78001 188.3954 0 186 0","5.5 197.0356 72.78 187.7987 0 186 0","5.54 196.9729 72.78001 187.202 0 186 0","5.58 196.9101 72.78001 186.6053 0 186 0","5.62 196.8474 72.78001 186.0086 0 186 0","5.66 196.7847 72.78001 185.4119 0 186 0","5.7 196.722 72.78001 184.8152 0 186 0","5.74 196.6593 72.78 184.2184 0 186 0","5.78 196.5965 72.78001 183.6217 0 186 0","5.82 196.5338 72.78001 183.025 0 186 0","5.86 196.4711 72.78001 182.4283 0 186 0","5.9 196.4084 72.78001 181.8316 0 186 0","5.94 196.3457 72.78 181.2349 0 186 0","5.98 196.283 72.78 180.6382 0 186 0","6.02 196.2202 72.78001 180.0415 0 186 0","6.06 196.1575 72.78001 179.4447 0 186 0","6.1 196.0948 72.78001 178.848 0 186 0","6.14 196.0321 72.78001 178.2513 0 186 0","6.18 195.9694 72.78 177.6546 0 186 0","6.22 195.9067 72.78001 177.0579 0 186 0","6.26 195.8439 72.78001 176.4612 0 186 0","6.3 195.7812 72.78001 175.8645 0 186 0","6.34 195.7185 72.78001 175.2677 0 186 0","6.38 195.6558 72.78001 174.671 0 186 0","6.42 195.5931 72.78 174.0743 0 186 0","6.46 195.5303 72.78001 173.4776 0 186 0","6.5 195.4676 72.78001 172.8809 0 186 0","6.54 195.4049 72.78001 172.2842 0 186 0","6.58 195.3422 72.78001 171.6875 0 186 0","6.62 195.2795 72.78001 171.0908 0 186 0","6.66 195.2168 72.78 170.494 0 186 0","6.7 195.1541 72.78001 169.8973 0 186 0","6.74 195.0913 72.78001 169.3006 0 186 0","6.78 195.0286 72.78001 168.7039 0 186 0","6.82 194.9659 72.78001 168.1072 0 186 0","6.86 194.9032 72.78001 167.5105 0 186 0","6.9 194.8405 72.78 166.9138 0 186 0","6.94 194.7777 72.78001 166.317 0 186 0","6.98 194.715 72.78001 165.7203 0 186 0","7.02 194.6523 72.78001 165.1236 0 186 0","7.06 194.5896 72.78001 164.5269 0 186 0","7.1 194.5269 72.78001 163.9302 0 186 0","7.14 194.4642 72.78 163.3335 0 186 0","7.18 194.4014 72.78001 162.7368 0 186 0","7.22 194.3387 72.78001 162.1401 0 186 0","7.26 194.276 72.78001 161.5434 0 186 0","7.3 194.2133 72.78001 160.9466 0 186 0","7.34 194.1506 72.78 160.3499 0 186 0","7.38 194.0879 72.78001 159.7532 0 186 0","7.42 194.0251 72.78001 159.1565 0 186 0","7.46 193.9624 72.78001 158.5598 0 186 0","7.5 193.8997 72.78001 157.9631 0 186 0","7.54 193.837 72.78001 157.3664 0 186 0","7.58 193.7743 72.78 156.7696 0 186 0","7.62 193.7115 72.78001 156.1729 0 186 0","7.66 193.6488 72.78001 155.5762 0 186 0","7.7 193.5861 72.78001 154.9795 0 186 0","7.74 193.5234 72.78001 154.3828 0 186 0","7.78 193.4607 72.78001 153.7861 0 186 0","7.82 193.398 72.78 153.1894 0 186 0","7.86 193.3353 72.78001 152.5927 0 186 0","7.9 193.2725 72.78001 151.9959 0 186 0","7.94 193.2098 72.78001 151.3992 0 186 0","7.98 193.1471 72.78001 150.8025 0 186 0","8.02 193.0844 72.78001 150.2058 0 186 0","8.059999 193.1157 72.55643 149.6074 0 174 0","8.099999 193.3001 72.53289 149.0399 0 156 0","8.139999 193.6001 72.47795 148.5203 0 150 0","8.179999 193.9001 72.39162 148.0007 0 150 0","8.22 194.2001 72.2739 147.4811 0 150 0","8.26 194.5001 72.12479 146.9615 0 150 0","8.3 194.8001 71.94429 146.4419 0 150 0","8.34 195.1001 71.73239 145.9222 0 150 0","8.38 195.2501 71.48911 145.6624 0 150 0","8.42 195.2501 71.21442 145.6624 0 150 0","8.46 195.2501 70.90836 145.6624 0 150 0","8.5 195.2501 70.57089 145.6624 0 150 0","8.54 195.2501 70.20203 145.6624 0 150 0","8.58 195.2501 69.80179 145.6624 0 150 0","8.62 195.2501 69.37015 145.6624 0 150 0","8.66 195.2501 68.90711 145.6624 0 150 0","8.7 195.2501 68.41269 145.6624 0 150 0","8.74 195.2501 67.88687 145.6624 0 150 0","8.78 195.2501 67.32967 145.6624 0 150 0","8.82 195.2501 66.74107 145.6624 0 150 0","8.86 195.2501 66.12108 145.6624 0 150 0","8.9 195.2501 65.46969 145.6624 0 150 0","8.94 195.2501 64.78692 145.6624 0 150 0","8.98 195.2501 64.07275 145.6624 0 150 0","9.02 195.2501 63.32719 145.6624 0 150 0","9.059999 195.2501 62.55024 145.6624 0 150 0","9.099999 195.2501 61.74189 145.6624 0 150 0","9.139999 195.2501 60.90216 145.6624 0 150 0","9.179999 195.2501 60.03103 145.6624 0 150 0","9.22 195.2501 59.12851 145.6624 0 150 0","9.26 195.2501 58.1946 145.6624 0 150 0","9.3 195.2501 57.22929 145.6624 0 150 0","9.34 195.2501 56.23259 145.6624 0 150 0","9.38 195.2501 55.20451 145.6624 0 150 0","9.42 195.2501 54.14502 145.6624 0 150 0","9.46 195.2501 53.05415 145.6624 0 150 0","9.5 195.2501 51.93189 145.6624 0 150 0","9.54 195.2501 50.77823 145.6624 0 150 0","9.58 195.2501 49.59318 145.6624 0 150 0","9.62 195.2501 48.37674 145.6624 0 150 0","9.66 195.2501 47.12891 145.6624 0 150 0","9.7 195.2501 45.84968 145.6624 0 150 0","9.74 195.2501 44.53907 145.6624 0 150 0","9.78 195.2501 43.19706 145.6624 0 150 0","9.82 195.2501 41.82366 145.6624 0 150 0","9.86 195.2501 40.41887 145.6624 0 150 0","9.9 195.2501 38.98268 145.6624 0 150 0","9.94 195.2501 37.5151 145.6624 0 150 0","9.98 195.2501 36.01614 145.6624 0 150 0","10.02 195.2501 34.48577 145.6624 0 150 0","10.06 195.2501 32.92402 145.6624 0 150 0","10.1 195.2501 31.33088 145.6624 0 150 0","10.14 195.2501 29.70634 145.6624 0 150 0","10.18 195.2501 28.05042 145.6624 0 150 0","10.22 195.2501 26.3631 145.6624 0 150 0","10.26 195.2501 24.64438 145.6624 0 150 0","10.3 195.2501 22.89428 145.6624 0 150 0","10.34 195.2501 21.11279 145.6624 0 150 0","10.38 195.2501 19.2999 145.6624 0 150 0"]},{"trialNumber":3,"mapIndex":3,"mapName":"tartarus1","maxTrialDuration":0.0,"movementTime":0.0,