{"participantData":{"id":"Hannah"},"allTrialData":[{"trialNumber":0,"mapIndex":0,"mapName":"Persistent","maxTrialDuration":0.0,"movementTime":0.0,"timeStepTrackingData":[]},{"trialNumber":1,"mapIndex":1,"mapName":"StartScreen","maxTrialDuration":0.0,"movementTime":0.0,"timeStepTrackingData":[]},{"trialNumber":2,"mapIndex":3,"mapName":"tartarus1","maxTrialDuration":0.0,"movementTime":13.012454986572266,"timeStepTrackingData":["Time x-position y-position z-position x-rotation y-rotation z-rotation","3.54 105 72.78001 105 0 0 0","3.56 105 72.78001 105 0 0 0","3.6 105 72.78001 105 0 0 0","3.64 105 72.78001 105 0 0 0","3.68 105 72.78001 105 0 0 0","3.72 105 72.78001 105 0 0 0","3.76 105 72.78001 105 0 0 0","3.8 105 72.78001 105 0 0 0","3.84 105 72.78001 105 0 0 0","3.88 105 72.78001 105 0 0 0","3.92 105 72.78001 105 0 0 0","3.96 105 72.78001 105 0 0 0","4 105 72.78001 105 0 0 0","4.04 105 72.78001 105 0 0 0","4.08 105 72.78001 105 0 0 0","4.12 105 72.78001 105 0 0 0","4.16 105 72.78001 105 0 0 0","4.2 105 72.78001 105 0 0 0","4.24 105 72.78001 105 0 0 0","4.28 105 72.78001 105 0 0 0","4.32 105 72.78001 105 0 0 0","4.36 105 72.78001 105 0 0 0","4.4 105 72.78001 105 0 0 0","4.44 105 72.78001 105 0 0 0","4.48 105 72.78001 105 0 0 0","4.52 105 72.78001 105 0 0 0","4.56 105 72.78001 105 0 0 0","4.6 105 72.78001 105 0 0 0","4.64 105 72.78001 105 0 0 0","4.68 105 72.78001 105 0 0 0","4.72 105 72.78001 105 0 0 0","4.76 105 72.78001 105 0 0 0","4.8 105 72.78001 105 0 0 0","4.84 105 72.78001 105 0 0 0","4.88 105 72.78001 105 0 0 0","4.92 105 72.78001 105 0 0 0","4.96 105 72.78001 105 0 0 0","5 105 72.78001 105 0 0 0","5.04 105 72.78001 105 0 0 0","5.08 105 72.78001 105 0 0 0","5.12 105 72.78001 105 0 18 0","5.16 105 72.78001 105 0 30 0","5.2 105 72.78001 105 0 48 0","5.24 105 72.78001 105 0 60.00001 0","5.28 105 72.78001 105 0 72 0","5.32 105 72.78001 105 0 90 0","5.36 105 72.78001 105 0 102 0","5.4 105 72.78001 105 0 120 0","5.44 105 72.78001 105 0 132 0","5.48 105 72.78001 105 0 144 0","5.52 105 72.78001 105 0 150 0","5.56 105 72.78001 105 0 150 0","5.6 105 72.78001 105 0 150 0","5.64 105 72.78001 105 0 150 0","5.68 105 72.78001 105 0 150 0","5.72 105 72.78001 105 0 132 0","5.76 105 72.78001 105 0 120 0","5.8 105 72.78001 105 0 102 0","5.84 105 72.78001 105 0 90.00001 0","5.88 105 72.78001 105 0 72.00001 0","5.92 105 72.78001 105 0 66.00001 0","5.96 105 72.78001 105 0 66.00001 0","6 105 72.78001 105 0 66.00001 0","6.04 105 72.78001 105 0 66.00001 0","6.08 105 72.78001 105 0 66.00001 0","6.12 105 72.78001 105 0 66.00001 0","6.16 105 72.78001 105 0 66.00001 0","6.2 105 72.78001 105 0 66.00001 0","6.24 105 72.78001 105 0 54.00001 0","6.28 105 72.78001 105 0 36.00001 0","6.32 105 72.78001 105 0 24 0","6.36 105 72.78001 105 0 18 0","6.4 105 72.78001 105 0 18 0","6.44 105 72.78001 105 0 18 0","6.48 105 72.78001 105 0 18 0","6.52 105 72.78001 105 0 18 0","6.56 105 72.78001 105 0 18 0","6.6 105 72.78001 105 0 18 0","6.64 105 72.78001 105 0 18 0","6.68 105 72.78001 105 0 18 0","6.72 105 72.78001 105 0 18 0","6.76 105 72.78001 105 0 18 0","6.8 105 72.78001 105 0 6.000002 0","6.84 105 72.78001 105 0 354 0","6.88 105 72.78001 105 0 354 0","6.92 105 72.78001 105 0 354 0","6.96 105 72.78001 105 0 354 0","7 105 72.78001 105 0 354 0","7.04 105 72.78001 105 0 354 0","7.08 105 72.78001 105 0 354 0","7.12 105 72.78001 105 0 354 0","7.16 105 72.78001 105 0 354 0","7.2 105 72.78001 105 0 354 0","7.24 105 72.78001 105 0 6.000002 0","7.28 105 72.78001 105 0 18 0","7.32 105 72.78001 105 0 18 0","7.36 105 72.78001 105 0 18 0","7.4 105 72.78001 105 0 18 0","7.44 105 72.78001 105 0 18 0","7.48 105 72.78001 105 0 18 0","7.52 105 72.78001 105 0 18 0","7.56 105 72.78001 105 0 18 0","7.6 105 72.78001 105 0 6.000001 0","7.64 105 72.78001 105 0 354 0","7.68 105 72.78001 105 0 354 0","7.72 105 72.78001 105 0 354 0","7.76 105 72.78001 105 0 354 0","7.8 105 72.78001 105 0 354 0","7.84 105 72.78001 105 0 354 0","7.88 105 72.78001 105 0 354 0","7.92 105 72.78001 105 0 354 0","7.96 105 72.78001 105 0 354 0","8 104.9686 72.78001 105.2984 0 354 0","8.04 104.9059 72.78001 105.8951 0 354 0","8.08 104.8432 72.78001 106.4918 0 354 0","8.12 104.7805 72.78001 107.0885 0 354 0","8.16 104.7178 72.78 107.6852 0 354 0","8.2 104.6551 72.78001 108.2819 0 354 0","8.24 104.5923 72.78001 108.8786 0 354 0","8.28 104.5296 72.78001 109.4753 0 354 0","8.32 104.4669 72.78001 110.0721 0 354 0","8.36 104.4355 72.78 110.6704 0 5.929801E-07 0","8.4 104.5596 72.78001 111.2541 0 18 0","8.44 104.8316 72.78001 111.788 0 30 0","8.48 105.1316 72.78001 112.3076 0 30 0","8.52 105.4316 72.78001 112.8272 0 30 0","8.559999 105.7316 72.78 113.3468 0 30 0","8.599999 106.0316 72.78001 113.8664 0 30 0","8.639999 106.3316 72.78001 114.386 0 30 0","8.679999 106.6316 72.78001 114.9057 0 30 0","8.72 106.9316 72.78 115.4253 0 30 0","8.76 107.2316 72.78001 115.9449 0 30 0","8.8 107.3867 72.78001 116.5236 0 12 0","8.84 107.4494 72.78 117.1204 0 5.999997 0","8.88 107.5121 72.78001 117.7171 0 5.999997 0","8.92 107.5749 72.78001 118.3138 0 5.999997 0","8.96 107.6376 72.78001 118.9105 0 5.999997 0","9 107.7003 72.78001 119.5072 0 5.999997 0","9.04 107.763 72.78001 120.1039 0 5.999997 0","9.08 107.8257 72.78 120.7006 0 5.999997 0","9.12 107.8884 72.78001 121.2973 0 5.999997 0","9.16 107.9198 72.78001 121.8957 0 -3.426145E-06 0","9.2 107.8261 72.78001 122.4875 0 348 0","9.24 107.6113 72.78001 123.0469 0 336 0","9.28 107.3673 72.78001 123.595 0 336 0","9.32 107.1233 72.78 124.1431 0 336 0","9.36 106.8792 72.78001 124.6913 0 336 0","9.4 106.6352 72.78001 125.2394 0 336 0","9.44 106.3911 72.78001 125.7875 0 336 0","9.48 106.1471 72.78001 126.3357 0 336 0","9.52 105.9031 72.78001 126.8838 0 336 0","9.559999 105.8093 72.78 127.4756 0 354 0","9.599999 105.7466 72.78001 128.0723 0 354 0","9.639999 105.6839 72.78001 128.669 0 354 0","9.679999 105.6212 72.78001 129.2657 0 354 0","9.719999 105.5584 72.78001 129.8624 0 354 0","9.76 105.4957 72.78001 130.4592 0 354 0","9.8 105.433 72.78 131.0559 0 354 0","9.84 105.3703 72.78001 131.6526 0 354 0","9.88 105.3076 72.78001 132.2493 0 354 0","9.92 105.2449 72.78001 132.846 0 354 0","9.96 105.1822 72.78001 133.4427 0 354 0","10 105.1194 72.78 134.0394 0 354 0","10.04 105.0567 72.78 134.6361 0 354 0","10.08 104.994 72.78001 135.2328 0 354 0","10.12 104.9313 72.78001 135.8296 0 354 0","10.16 104.8686 72.78001 136.4263 0 354 0","10.2 104.8058 72.78001 137.023 0 354 0","10.24 104.7431 72.78 137.6197 0 354 0","10.28 104.6804 72.78001 138.2164 0 354 0","10.32 104.6177 72.78001 138.8131 0 354 0","10.36 104.555 72.78001 139.4098 0 354 0","10.4 104.4923 72.78001 140.0066 0 354 0","10.44 104.4295 72.78001 140.6033 0 354 0","10.48 104.3668 72.78 141.2 0 354 0","10.52 104.3041 72.78001 141.7967 0 354 0","10.56 104.2414 72.78001 142.3934 0 354 0","10.6 104.1787 72.78001 142.9901 0 354 0","10.64 104.116 72.78001 143.5868 0 354 0","10.68 104.0532 72.78001 144.1835 0 354 0","10.72 103.9905 72.78 144.7803 0 354 0","10.76 103.9278 72.78001 145.377 0 354 0","10.8 103.8651 72.78001 145.9737 0 354 0","10.84 103.8024 72.78001 146.5704 0 354 0","10.88 103.7397 72.78001 147.1671 0 354 0","10.92 103.6769 72.78001 147.7638 0 354 0","10.96 103.6142 72.78 148.3605 0 354 0","11 103.6766 72.78001 148.954 0 12 0","11.04 103.862 72.78 149.5246 0 18 0","11.08 104.0474 72.78001 150.0952 0 18 0","11.12 104.2328 72.78001 150.6659 0 18 0","11.16 104.4182 72.78001 151.2365 0 18 0","11.2 104.6036 72.78 151.8072 0 18 0","11.24 104.7891 72.78001 152.3778 0 18 0","11.28 104.9745 72.78001 152.9484 0 18 0","11.32 105.1599 72.78001 153.5191 0 18 0","11.36 105.4319 72.78001 154.0529 0 30 0","11.4 105.8556 72.78001 154.4766 0 48 0","11.44 106.3581 72.78001 154.8029 0 60 0","11.48 106.9256 72.78001 154.9873 0 78 0","11.52 107.524 72.78001 155.0187 0 90 0","11.56 108.1158 72.78 154.925 0 102 0","11.6 108.7026 72.78001 154.8002 0 102 0","11.64 109.2895 72.78001 154.6755 0 102 0","11.68 109.8764 72.78001 154.5507 0 102 0","11.72 110.4633 72.78001 154.426 0 102 0",