{"participantData":{"id":"f"},"allTrialData":[{"trialNumber":0,"mapIndex":0,"mapName":"Persistent","maxTrialDuration":0.0,"timeStepTrackingData":[]},{"trialNumber":1,"mapIndex":1,"mapName":"StartScreen","maxTrialDuration":0.0,"timeStepTrackingData":[]},{"trialNumber":2,"mapIndex":3,"mapName":"tartarus1","maxTrialDuration":0.0,"timeStepTrackingData":["Time x-position y-position z-position x-rotation y-rotation z-rotation","1.62 195 72.78001 195 0 0 0","1.64 195 72.78001 195 0 0 0","1.68 195 72.78001 195 0 0 0","1.72 195 72.78001 195 0 0 0","1.76 195 72.78001 195 0 0 0","1.8 195 72.78001 195 0 0 0","1.84 195 72.78001 195 0 0 0","1.88 195 72.78001 195 0 0 0","1.92 195 72.78001 195 0 0 0","1.96 195 72.78001 195 0 0 0","2 195 72.78001 195 0 0 0","2.04 195 72.78001 195 0 6 0","2.08 195 72.78001 195 0 24 0","2.12 195 72.78001 195 0 36 0","2.16 195 72.78001 195 0 54 0","2.2 195 72.78001 195 0 66 0","2.24 195 72.78001 195 0 78.00001 0","2.28 195 72.78001 195 0 96.00001 0","2.32 195 72.78001 195 0 108 0","2.36 195 72.78001 195 0 126 0","2.4 195 72.78001 195 0 138 0","2.44 195 72.78001 195 0 156 0","2.48 195.0624 72.78001 194.7066 0 168 0","2.52 195.1871 72.78001 194.1197 0 168 0","2.56 195.3119 72.78001 193.5328 0 168 0","2.6 195.4366 72.78001 192.9459 0 168 0","2.64 195.5614 72.78 192.359 0 168 0","2.68 195.6861 72.78001 191.7721 0 168 0","2.72 195.8109 72.78001 191.1852 0 168 0","2.76 195.9356 72.78001 190.5983 0 168 0","2.8 196.0603 72.78001 190.0114 0 168 0","2.84 196.1851 72.78 189.4246 0 168 0","2.88 196.3098 72.78001 188.8377 0 168 0","2.92 196.4346 72.78001 188.2508 0 168 0","2.96 196.5593 72.78001 187.6639 0 168 0","3 196.5593 72.78001 187.6639 0 168 0","3.04 196.5593 72.78001 187.6639 0 168 0","3.08 196.5593 72.78001 187.6639 0 168 0"]},{"trialNumber":3,"mapIndex":4,"mapName":"tartarus2","maxTrialDuration":0.0,"timeStepTrackingData":["Time x-position y-position z-position x-rotation y-rotation z-rotation","3.12 195 72.78001 195 0 0 0","3.14 195 72.78001 195 0 0 0","3.18 195 72.78 195 0 0 0","3.22 195 72.78 195 0 0 0","3.26 195 72.78 195 0 0 0","3.3 195 72.78 195 0 0 0","3.34 195 72.78 195 0 12 0","3.38 195 72.78 195 0 24 0","3.42 195 72.78 195 0 42 0","3.46 195 72.78 195 0 54 0","3.5 195 72.78 195 0 66 0","3.54 195 72.78 195 0 84 0","3.58 195 72.78 195 0 96.00001 0","3.62 195 72.78 195 0 114 0","3.66 195 72.78 195 0 126 0","3.7 195 72.78 195 0 138 0","3.74 195 72.78 195 0 156 0","3.78 195 72.78 195 0 168 0","3.82 194.9686 72.78001 194.7016 0 186 0","3.86 194.8136 72.78001 194.1229 0 198 0","3.9 194.6282 72.78001 193.5522 0 198 0","3.94 194.4427 72.78001 192.9816 0 198 0","3.98 194.2573 72.78001 192.411 0 198 0","4.02 194.0719 72.78001 191.8403 0 198 0","4.06 193.8865 72.78001 191.2697 0 198 0","4.1 193.7011 72.78001 190.6991 0 198 0","4.14 193.5157 72.78 190.1284 0 198 0","4.18 193.3303 72.78001 189.5578 0 198 0","4.22 193.1449 72.78001 188.9872 0 198 0","4.26 192.9595 72.78001 188.4165 0 198 0","4.3 192.774 72.78 187.8459 0 198 0","4.34 192.5886 72.78001 187.2753 0 198 0","4.38 192.4032 72.78001 186.7046 0 198 0","4.42 192.3105 72.78001 186.4193 0 198 0"]},{"trialNumber":0,"mapIndex":0,"mapName":"","maxTrialDuration":0.0,"timeStepTrackingData":[]},{"trialNumber":0,"mapIndex":0,"mapName":"","maxTrialDuration":0.0,"timeStepTrackingData":[]},{"trialNumber":0,"mapIndex":0,"mapName":"","maxTrialDuration":0.0,"timeStepTrackingData":[]},{"trialNumber":0,"mapIndex":0,"mapName":"","maxTrialDuration":0.0,"timeStepTrackingData":[]},{"trialNumber":0,"mapIndex":0,"mapName":"","maxTrialDuration":0.0,"timeStepTrackingData":[]},{"trialNumber":0,"mapIndex":0,"mapName":"","maxTrialDuration":0.0,"timeStepTrackingData":[]},{"trialNumber":0,"mapIndex":0,"mapName":"","maxTrialDuration":0.0,"timeStepTrackingData":[]},{"trialNumber":0,"mapIndex":0,"mapName":"","maxTrialDuration":0.0,"timeStepTrackingData":[]},{"trialNumber":0,"mapIndex":0,"mapName":"","maxTrialDuration":0.0,"timeStepTrackingData":[]},{"trialNumber":0,"mapIndex":0,"mapName":"","maxTrialDuration":0.0,"timeStepTrackingData":[]},{"trialNumber":0,"mapIndex":0,"mapName":"","maxTrialDuration":0.0,"timeStepTrackingData":[]},{"trialNumber":0,"mapIndex":0,"mapName":"","maxTrialDuration":0.0,"timeStepTrackingData":[]},{"trialNumber":0,"mapIndex":0,"mapName":"","maxTrialDuration":0.0,"timeStepTrackingData":[]},{"trialNumber":0,"mapIndex":0,"mapName":"","maxTrialDuration":0.0,"timeStepTrackingData":[]},{"trialNumber":0,"mapIndex":0,"mapName":"","maxTrialDuration":0.0,"timeStepTrackingData":[]},{"trialNumber":0,"mapIndex":0,"mapName":"","maxTrialDuration":0.0,"timeStepTrackingData":[]}]}