{"participantData":{"id":"r"},"allTrialData":[{"trialNumber":0,"mapIndex":0,"mapName":"Persistent","maxTrialDuration":0.0,"movementTime":0.0,"timeStepTrackingData":[]},{"trialNumber":1,"mapIndex":1,"mapName":"StartScreen","maxTrialDuration":0.0,"movementTime":0.0,"timeStepTrackingData":[]},{"trialNumber":2,"mapIndex":3,"mapName":"tartarus1","maxTrialDuration":0.0,"movementTime":0.0,"timeStepTrackingData":["Time x-position y-position z-position x-rotation y-rotation z-rotation","2.26 195 72.78001 195 0 0 0","2.28 195 72.78001 195 0 0 0","2.32 195 72.78001 195 0 0 0","2.36 195 72.78001 195 0 0 0","2.4 195 72.78001 195 0 0 0","2.44 195 72.78001 195 0 0 0","2.48 195 72.78001 195 0 0 0","2.52 195 72.78001 195 0 0 0","2.56 195 72.78001 195 0 0 0","2.6 195 72.78001 195 0 0 0","2.64 195 72.78001 195 0 0 0","2.68 195 72.78001 195 0 18 0","2.72 195 72.78001 195 0 30 0","2.76 195 72.78001 195 0 42 0","2.8 195 72.78001 195 0 60.00001 0","2.84 195 72.78001 195 0 72 0","2.88 195 72.78001 195 0 90 0","2.92 195 72.78001 195 0 102 0","2.96 195 72.78001 195 0 114 0","3 195 72.78001 195 0 132 0","3.04 195 72.78001 195 0 144 0","3.08 195 72.78001 195 0 162 0","3.12 195 72.78001 195 0 174 0","3.16 195 72.78001 195 0 192 0","3.2 194.7853 72.78001 194.4406 0 204 0","3.24 194.4853 72.78001 193.921 0 210 0","3.28 194.1853 72.78 193.4014 0 210 0","3.32 193.8853 72.78001 192.8818 0 210 0","3.36 193.5853 72.78001 192.3622 0 210 0","3.4 193.2853 72.78001 191.8425 0 210 0","3.44 192.9853 72.78001 191.3229 0 210 0","3.48 192.6853 72.78 190.8033 0 210 0","3.52 192.3853 72.78001 190.2837 0 210 0","3.56 192.0853 72.78001 189.7641 0 210 0","3.6 191.8132 72.78001 189.2302 0 204 0","3.64 191.6892 72.78001 188.6465 0 186 0","3.68 191.6892 72.78001 188.0465 0 180 0","3.72 191.6892 72.78001 187.4465 0 180 0","3.76 191.6892 72.78001 186.8465 0 180 0","3.8 191.6892 72.78001 186.2465 0 180 0","3.84 191.6892 72.78 185.6465 0 180 0","3.88 191.6892 72.78001 185.0465 0 180 0","3.92 191.6892 72.78001 184.4465 0 180 0","3.96 191.6892 72.78001 183.8465 0 180 0","4 191.6892 72.78001 183.2465 0 180 0","4.04 191.6892 72.78001 182.6465 0 180 0","4.08 191.6892 72.78 182.0465 0 180 0","4.12 191.6892 72.78001 181.4465 0 180 0","4.16 191.6892 72.78001 180.8465 0 180 0","4.2 191.6892 72.78001 180.2465 0 180 0","4.24 191.6892 72.78001 179.6465 0 180 0","4.28 191.6892 72.78 179.0465 0 180 0","4.32 191.6892 72.78001 178.4465 0 180 0","4.36 191.6892 72.78001 177.8465 0 180 0","4.4 191.6892 72.78001 177.2465 0 180 0","4.44 191.6892 72.78001 176.6465 0 180 0","4.48 191.6892 72.78001 176.0465 0 180 0","4.52 191.6892 72.78 175.4465 0 180 0","4.56 191.6892 72.78001 174.8465 0 180 0","4.6 191.6892 72.78001 174.2465 0 180 0","4.64 191.6892 72.78001 173.6465 0 180 0","4.68 191.6892 72.78001 173.0465 0 180 0","4.72 191.6892 72.78001 172.4465 0 180 0","4.76 191.6892 72.78 171.8465 0 180 0","4.8 191.6892 72.78001 171.2465 0 180 0","4.84 191.6892 72.78001 170.6465 0 180 0","4.88 191.6892 72.78001 170.0465 0 180 0","4.92 191.6892 72.78001 169.4465 0 180 0","4.96 191.6892 72.78001 168.8465 0 180 0","5 191.6892 72.78 168.2465 0 180 0","5.04 191.6892 72.78001 167.6465 0 180 0","5.08 191.6892 72.78001 167.0465 0 180 0","5.12 191.6892 72.78001 166.4465 0 180 0","5.16 191.6892 72.78001 165.8465 0 180 0","5.2 191.6892 72.78001 165.2465 0 180 0","5.24 191.6892 72.78 164.6465 0 180 0","5.28 191.6892 72.78001 164.0465 0 180 0","5.32 191.6892 72.78001 163.4465 0 180 0","5.36 191.6892 72.78001 162.8465 0 180 0","5.4 191.6892 72.78001 162.2465 0 180 0","5.44 191.6892 72.78 161.6465 0 180 0","5.48 191.6892 72.78 161.0465 0 180 0","5.52 191.6892 72.78001 160.4465 0 180 0","5.56 191.6892 72.78001 159.8465 0 180 0","5.6 191.6892 72.78001 159.2465 0 180 0","5.64 191.6892 72.78001 158.6465 0 180 0","5.68 191.6892 72.78 158.0465 0 180 0","5.72 191.6892 72.78001 157.4465 0 180 0","5.76 191.6892 72.78001 156.8465 0 180 0","5.8 191.6892 72.78001 156.2465 0 180 0","5.84 191.6892 72.78001 155.6465 0 180 0","5.88 191.6892 72.78001 155.0465 0 180 0","5.92 191.6892 72.78 154.4465 0 180 0","5.96 191.6892 72.78001 153.8465 0 180 0","6 191.6892 72.78001 153.2465 0 180 0","6.04 191.6892 72.78001 152.6465 0 180 0","6.08 191.6892 72.78001 152.0465 0 180 0","6.12 191.6892 72.78001 151.4465 0 180 0","6.16 191.6892 72.78 150.8465 0 180 0","6.2 191.6892 72.78001 150.2465 0 180 0","6.24 191.6892 72.57272 149.6465 0 180 0","6.28 191.6892 72.54918 149.0465 0 180 0","6.32 191.6892 72.49425 148.4465 0 180 0","6.36 191.7205 72.40792 147.8482 0 174 0","6.4 191.8756 72.2902 147.2694 0 162 0","6.44 192.1476 72.14109 146.7355 0 150 0","6.48 192.5713 71.96058 146.3119 0 132 0","6.52 193.0172 71.74869 145.9104 0 132 0","6.56 193.4631 71.5054 145.5089 0 132 0","6.6 193.909 71.23072 145.1074 0 132 0","6.64 194.1319 70.92464 144.9067 0 132 0","6.68 194.1319 70.58718 144.9067 0 132 0","6.72 194.1319 70.21833 144.9067 0 132 0","6.76 194.1319 69.81808 144.9067 0 132 0","6.8 194.1319 69.38644 144.9067 0 132 0","6.84 194.1319 68.92341 144.9067 0 132 0","6.88 194.1319 68.42899 144.9067 0 132 0","6.92 194.1319 67.90317 144.9067 0 132 0","6.96 194.1319 67.34596 144.9067 0 120 0","7 194.1319 66.75736 144.9067 0 108 0","7.04 194.1319 66.13737 144.9067 0 108 0","7.08 194.1319 65.48598 144.9067 0 108 0","7.12 194.1319 64.80321 144.9067 0 108 0","7.16 194.1319 64.08904 144.9067 0 108 0","7.2 194.1319 63.34348 144.9067 0 108 0","7.24 194.1319 62.56653 144.9067 0 108 0","7.28 194.1319 61.75819 144.9067 0 108 0","7.32 194.1319 60.91845 144.9067 0 108 0","7.36 194.1319 60.04732 144.9067 0 108 0","7.4 194.1319 59.1448 144.9067 0 108 0","7.44 194.1319 58.21089 144.9067 0 108 0","7.48 194.1319 57.24558 144.9067 0 108 0","7.52 194.1319 56.24889 144.9067 0 108 0","7.56 194.1319 55.2208 144.9067 0 108 0","7.6 194.1319 54.16132 144.9067 0 108 0","7.64 194.1319 53.07045 144.9067 0 108 0","7.68 194.1319 51.94818 144.9067 0 108 0","7.72 194.1319 50.79453 144.9067 0 108 0","7.76 194.1319 49.60947 144.9067 0 108 0","7.8 194.1319 48.39304 144.9067 0 108 0","7.84 194.1319 47.1452 144.9067 0 108 0","7.88 194.1319 45.86598 144.9067 0 108 0","7.92 194.1319 44.55536 144.9067 0 108 0","7.96 194.1319 43.21335 144.9067 0 108 0","8 194.1319 41.83995 144.9067 0 108 0","8.04 194.1319 40.43516 144.9067 0 108 0","8.08 194.1319 38.99897 144.9067 0 108 0","8.12 194.1319 37.5314 144.9067 0 108 0","8.16 194.1319 36.03243 144.9067 0 108 0","8.2 194.1319 34.50207 144.9067 0 108 0"]},{"trialNumber":0,"mapIndex":0,"mapName":"","maxTrialDuration":0.0,"movementTime":0.0,"timeStepTrackingData":[]},{"trialNumber":0,"mapIndex":0,"mapName":"","maxTrialDuration":0.0,"movementTime":0.0,"timeStepTrackingData":[]},{"trialNumber":0,"mapIndex":0,"mapName":"","maxTrialDuration":0.0,"movementTime":0.0,"timeStepTrackingData":[]},{"trialNumber":0,"mapIndex":0,"mapName":"","maxTrialDuration":0.0,"movementTime":0.0,"timeStepTrackingData":[]},{"trialNumber":0,"mapIndex":0,"mapName":"","maxTrialDuration":0.0,"movementTime":0.0,"timeStepTrackingData":[]},{"trialNumber":0,"mapIndex":0,"mapName":"","maxTrialDuration":0.0,"movementTime":0.0,"timeStepTrackingData":[]},{"trialNumber":0,"mapIndex":0,"mapName":"","maxTrialDuration":0.0,"movementTime":0.0,"timeStepTrackingData":[]},{"trialNumber":0,"mapIndex":0,"mapName":"","maxTrialDuration":0.0,"movementTime":0.0,"timeStepTrackingData":[]},{"trialNumber":0,"mapIndex":0,"mapName":"","maxTrialDuration":0.0,"movementTime":0.0,"timeStepTrackingData":[]},{"trialNumber":0,"mapIndex":0,"mapName":"","maxTrialDuration":0.0,"movementTime":0.0,"timeStepTrackingData":[]},{"trialNumber":0,"mapIndex":0,"mapName":"","maxTrialDuration":0.0,"movementTime":0.0,"timeStepTrackingData":[]},{"trialNumber":0,"mapIndex":0,"mapName":"","maxTrialDuration":0.0,"movementTime":0.0,"timeStepTrackingData":[]},{"trialNumber":0,"mapIndex":0,"mapName":"","maxTrialDuration":0.0,"movementTime":0.0,"timeStepTrackingData":[]},{"trialNumber":0,"mapIndex":0,"mapName":"","maxTrialDuration":0.0,"movementTime":0.0,