{"participantData":{"id":"Hannah"},"allTrialData":[{"trialNumber":0,"mapIndex":0,"mapName":"Persistent","maxMovementTime":0.0,"firstMovementTime":0.0,"totalMovementTime":0.0,"FLAG_trialTimeout":false,"FLAG_trialError":false,"stateTransitions":[],"timeStepTrackingData":[]},{"trialNumber":1,"mapIndex":1,"mapName":"StartScreen","maxMovementTime":0.0,"firstMovementTime":0.0,"totalMovementTime":0.0,"FLAG_trialTimeout":false,"FLAG_trialError":false,"stateTransitions":[],"timeStepTrackingData":[]},{"trialNumber":2,"mapIndex":2,"mapName":"tartarus1","maxMovementTime":0.0,"firstMovementTime":5.500226020812988,"totalMovementTime":5.500226020812988,"FLAG_trialTimeout":false,"FLAG_trialError":false,"stateTransitions":["Game State","1","2","3","3","3","3","3","3","3","3","3","3","3","3","3","3","3","3","3","3","3","3","3","3","3","3","3","3","3","3","3","3","3","3","3","3","3","3","3","3","4","5","5","5","5","5","5","5","5","5","5","5","5","5","5","5","5","5","5","5","5","5","5","5","5","5","5","5","5","5","5","5","5","5","5","5","5","5","5","5","5","5","5","5","5","5","5","5","5","5","5","5","5","5","5","5","5","5","5","5","5","5","5","5","5","5","5","5","5","5","5","5","5","5","5","5","5","5","5","5","5","5","5","5","5","5","5","5","5","5","5","5","5","5","5","5","5","5","5","5","5","5","5","5","5","5","5","5","5","5","5","5","5","5","5","5","5","5","5","5","5","5","5","5","5","5","5","5","5","5","5","5","5","5","5","5","5","5","8","8","8","8","8","8","8","8","8","8","8","8","8","8","8","8","8","8","8","8","8","8","8","8","8","8","8","8","8","8","8","8","8","8","8","8","8","8"],"timeStepTrackingData":["Time x-position y-position z-position x-rotation y-rotation z-rotation","10.04 125 72.78001 175 0 0 0","10.06 125 72.78001 175 0 0 0","10.1 125 72.78001 175 0 0 0","10.14 125 72.78001 175 0 0 0","10.18 125 72.78001 175 0 0 0","10.22 125 72.78001 175 0 0 0","10.26 125 72.78001 175 0 0 0","10.3 125 72.78001 175 0 0 0","10.34 125 72.78001 175 0 0 0","10.38 125 72.78001 175 0 0 0","10.42 125 72.78001 175 0 0 0","10.46 125 72.78001 175 0 0 0","10.5 125 72.78001 175 0 0 0","10.54 125 72.78001 175 0 0 0","10.58 125 72.78001 175 0 0 0","10.62 125 72.78001 175 0 0 0","10.66 125 72.78001 175 0 0 0","10.7 125 72.78001 175 0 0 0","10.74 125 72.78001 175 0 0 0","10.78 125 72.78001 175 0 0 0","10.82 125 72.78001 175 0 0 0","10.86 125 72.78001 175 0 0 0","10.9 125 72.78001 175 0 0 0","10.94 125 72.78001 175 0 0 0","10.98 125 72.78001 175 0 0 0","11.02 125 72.78001 175 0 0 0","11.06 125 72.78001 175 0 0 0","11.1 125 72.78001 175 0 0 0","11.14 125 72.78001 175 0 0 0","11.18 125 72.78001 175 0 0 0","11.22 125 72.78001 175 0 0 0","11.26 125 72.78001 175 0 0 0","11.3 125 72.78001 175 0 0 0","11.34 125 72.78001 175 0 0 0","11.38 125 72.78001 175 0 0 0","11.42 125 72.78001 175 0 0 0","11.46 125 72.78001 175 0 0 0","11.5 125 72.78001 175 0 0 0","11.54 125 72.78001 175 0 0 0","11.58 125 72.78001 175 0 0 0","11.62 125 72.78001 175 0 4 0","11.66 125 72.78001 175 0 12 0","11.7 125 72.78001 175 0 20 0","11.74 125 72.78001 175 0 32 0","11.78 125 72.78001 175 0 40 0","11.82 125 72.78001 175 0 48 0","11.86 125 72.78001 175 0 48 0","11.9 125 72.78001 175 0 51.99999 0","11.94 125 72.78001 175 0 60 0","11.98 125 72.78001 175 0 67.99999 0","12.02 125 72.78001 175 0 75.99998 0","12.06 125 72.78001 175 0 75.99998 0","12.1 125 72.78001 175 0 75.99998 0","12.14 125 72.78001 175 0 75.99998 0","12.18 125 72.78001 175 0 75.99998 0","12.22 125 72.78001 175 0 75.99998 0","12.26 125 72.78001 175 0 75.99998 0","12.3 125 72.78001 175 0 75.99998 0","12.34 125.5046 72.78001 175.1258 0 75.99998 0","12.38 126.0091 72.78001 175.2516 0 75.99998 0","12.42 126.5137 72.78 175.3774 0 75.99998 0","12.46 127.0182 72.78001 175.5032 0 75.99998 0","12.5 127.5228 72.78001 175.629 0 75.99998 0","12.54 128.0273 72.78001 175.7548 0 75.99998 0","12.58 128.5319 72.78001 175.8806 0 75.99998 0","12.62 129.0364 72.78 176.0064 0 75.99998 0","12.66 129.541 72.78001 176.1322 0 75.99998 0","12.7 130.0455 72.78001 176.258 0 75.99998 0","12.74 130.5501 72.78001 176.3838 0 75.99998 0","12.78 131.0609 72.78 176.4739 0 83.99998 0","12.82 131.5806 72.78001 176.4739 0 91.99998 0","12.86 132.0953 72.78 176.4016 0 99.99998 0","12.9 132.5836 72.78 176.2238 0 112 0","12.94 133.0424 72.78001 175.9798 0 120 0","12.98 133.0424 72.78 175.9798 0 132 0","13.02 133.0424 72.78 175.9798 0 140 0","13.06 133.0424 72.78 175.9798 0 152 0","13.1 133.0424 72.78 175.9798 0 160 0","13.14 133.0424 72.78 175.9798 0 168 0","13.18 133.0424 72.78 175.9798 0 180 0","13.22 133.0424 72.78 175.9798 0 188 0","13.26 133.0424 72.78 175.9798 0 196 0","13.3 133.0424 72.78 175.9798 0 196 0","13.34 133.0424 72.78 175.9798 0 196 0","13.38 133.0424 72.78 175.9798 0 196 0","13.42 133.0424 72.78 175.9798 0 196 0","13.46 133.0424 72.78 175.9798 0 196 0","13.5 133.0424 72.78 175.9798 0 200 0","13.54 133.0424 72.78 175.9798 0 208 0","13.58 133.0424 72.78 175.9798 0 220 0","13.62 133.0424 72.78 175.9798 0 228 0","13.66 133.0424 72.78 175.9798 0 240 0","13.7 133.0424 72.78 175.9798 0 248 0","13.74 133.0424 72.78 175.9798 0 260 0","13.78 133.0424 72.78 175.9798 0 268 0","13.82 133.0424 72.78 175.9798 0 276 0","13.86 133.0424 72.78 175.9798 0 288 0","13.9 133.0424 72.78 175.9798 0 296 0","13.94 133.0424 72.78 175.9798 0 308 0","13.98 133.0424 72.78 175.9798 0 316 0","14.02 133.0424 72.78 175.9798 0 316 0","14.06 133.0424 72.78 175.9798 0 312 0","14.1 133.0424 72.78 175.9798 0 304 0","14.14 133.0424 72.78 175.9798 0 292 0","14.18 133.0424 72.78 175.9798 0 284 0","14.22 133.0424 72.78 175.9798 0 272 0","14.26 133.0424 72.78 175.9798 0 264 0","14.3 133.0424 72.78 175.9798 0 260 0","14.34 133.0424 72.78 175.9798 0 260 0","14.38 133.0424 72.78 175.9798 0 260 0","14.42 133.0424 72.78 175.9798 0 260 0","14.46 133.0424 72.78 175.9798 0 260 0","14.5 133.0424 72.78 175.9798 0 260 0","14.54 133.0424 72.78 175.9798 0 260 0","14.58 133.0424 72.78 175.9798 0 260 0","14.62 133.0424 72.78 175.9798 0 260 0","14.66 133.0424 72.78 175.9798 0 260 0","14.7 133.0424 72.78 175.9798 0 260 0","14.74 133.0424 72.78 175.9798 0 260 0","14.78 132.5303 72.78001 175.8895 0 260 0","14.82 132.0182 72.78001 175.7992 0 260 0","14.86 131.5061 72.78001 175.7089 0 260 0","14.9 130.994 72.78 175.6186 0 260 0","14.94 130.4819 72.78001 175.5283 0 260 0","14.98 129.9698 72.78001 175.438 0 260 0","15.02 129.4577 72.78001 175.3477 0 260 0","15.06 128.9456 72.78001 175.2574 0 260 0","15.1 128.4272 72.78 175.2393 0 272 0","15.14 127.9126 72.78 175.3117 0 280 0","15.18 127.4005 72.78001 175.402 0 280 0","15.22 126.8884 72.78001 175.4923 0 280 0","15.26 126.3763 72.78001 175.5826 0 280 0","15.3 125.8642 72.78001 175.6729 0 280 0","15.34 125.3521 72.78 175.7632 0 280 0","15.38 124.84 72.78001 175.8535 0 280 0","15.42 124.3279 72.78001 175.9438 0 280 0","15.46 123.8158 72.78001 176.034 0 280 0","15.5 123.2974 72.78001 176.0703 0 272 0","15.54 122.779 72.78001 176.034 0 264 0","15.58 122.2618 72.78 175.9797 0 264 0","15.62 121.7447 72.78001 175.9253 0 264 0","15.66 121.2275 72.78001 175.871 0 264 0","15.7 120.7104 72.78001 175.8166 0 264 0","15.74 120.1932 72.78 175.7623 0 264 0","15.78 119.6761 72.78001 175.7079 0 264 0","15.82 119.1589 72.78001 175.6536 0 264 0","15.86 118.6418 72.78001 175.5992 0 264 0","15.9 118.1246 72.78 175.5448 0 264 0","15.94 117.6075 72.78001 175.4905 0 264 0","15.98 117.0903 72.78001 175.4361 0 264 0","16.02 116.5732 72.78001 175.3818 0 264 0","16.06 116.056 72.78001 175.3274 0 264 0","16.1 115.5388 72.78 175.2731 0 264 0","16.14 115.0217 72.78001 175.2187 0 264 0","16.18 114.5045 72.78001 175.1644 0 264 0","16.22 113.9874 72.78001 175.11 0 264 0","16.26 113.4702 72.78 175.0557 0 264 0","16.3 112.9531 72.78001 175.0013 0 264 0","16.34 112.4359 72.78001 174.9469 0 264 0","16.38 111.9163 72.78001 174.9469 0 272 0","16.42 111.3966 72.78 174.9651 0 272 0","16.46 110.8769 72.78001 174.9832 0 272 0","16.5 110.3572 72.78001 175.0014 0 272 0","16.54 109.8375 72.78001 175.0195 0 272 0","16.58 109.3178 72.78001 175.0377 