{"participantData":{"id":"Hannah"},"allTrialData":[{"trialNumber":0,"mapIndex":0,"mapName":"Persistent","maxTrialDuration":0.0,"movementTime":0.0,"trialError":false,"timeStepTrackingData":[]},{"trialNumber":1,"mapIndex":1,"mapName":"StartScreen","maxTrialDuration":0.0,"movementTime":0.0,"trialError":false,"timeStepTrackingData":[]},{"trialNumber":2,"mapIndex":2,"mapName":"tartarus1","maxTrialDuration":0.0,"movementTime":6.905006408691406,"trialError":false,"timeStepTrackingData":["Time x-position y-position z-position x-rotation y-rotation z-rotation","7.14 165 72.78001 165 0 0 0","7.16 165 72.78001 165 0 0 0","7.2 165 72.78001 165 0 0 0","7.24 165 72.78001 165 0 0 0","7.28 165 72.78001 165 0 0 0","7.32 165 72.78001 165 0 0 0","7.36 165 72.78001 165 0 0 0","7.4 165 72.78001 165 0 0 0","7.44 165 72.78001 165 0 0 0","7.48 165 72.78001 165 0 0 0","7.52 165 72.78001 165 0 0 0","7.56 165 72.78001 165 0 0 0","7.6 165 72.78001 165 0 0 0","7.64 165 72.78001 165 0 0 0","7.68 165 72.78001 165 0 0 0","7.72 165 72.78001 165 0 0 0","7.76 165 72.78001 165 0 0 0","7.8 165 72.78001 165 0 0 0","7.84 165 72.78001 165 0 0 0","7.88 165 72.78001 165 0 0 0","7.92 165 72.78001 165 0 0 0","7.96 165 72.78001 165 0 0 0","8 165 72.78001 165 0 0 0","8.04 165 72.78001 165 0 0 0","8.08 165 72.78001 165 0 0 0","8.12 165 72.78001 165 0 0 0","8.16 165 72.78001 165 0 0 0","8.2 165 72.78001 165 0 0 0","8.24 165 72.78001 165 0 0 0","8.28 165 72.78001 165 0 0 0","8.32 165 72.78001 165 0 0 0","8.36 165 72.78001 165 0 0 0","8.4 165 72.78001 165 0 0 0","8.44 165 72.78001 165 0 0 0","8.48 165 72.78001 165 0 0 0","8.52 165 72.78001 165 0 0 0","8.559999 165 72.78001 165 0 0 0","8.599999 165 72.78001 165 0 0 0","8.639999 165 72.78001 165 0 0 0","8.679999 165 72.78001 165 0 0 0","8.72 165 72.78001 165 0 0 0","8.76 165 72.78001 165 0 0 0","8.8 165 72.78001 165 0 0 0","8.84 165 72.78001 165 0 0 0","8.88 165 72.78001 165 0 0 0","8.92 165 72.78001 165 0 0 0","8.96 165 72.78001 165 0 0 0","9 165 72.78001 165 0 0 0","9.04 165 72.78001 165 0 0 0","9.08 165 72.78001 165 0 0 0","9.12 165 72.78001 165 0 0 0","9.16 165 72.78001 165 0 0 0","9.2 165 72.78001 165 0 0 0","9.24 165 72.78001 165 0 0 0","9.28 165 72.78001 165 0 0 0","9.32 165 72.78001 165 0 0 0","9.36 165 72.78001 165 0 0 0","9.4 165 72.78001 165 0 0 0","9.44 165 72.78001 165 0 0 0","9.48 165 72.78001 165 0 0 0","9.52 165 72.78001 165 0 0 0","9.559999 165 72.78001 165 0 0 0","9.599999 165 72.78001 165 0 352 0","9.639999 165 72.78001 165 0 344 0","9.679999 165 72.78001 165 0 336 0","9.719999 165 72.78001 165 0 324 0","9.76 165 72.78001 165 0 316 0","9.8 165 72.78001 165 0 304 0","9.84 165 72.78001 165 0 296 0","9.88 165 72.78001 165 0 288 0","9.92 165 72.78001 165 0 276 0","9.96 165 72.78001 165 0 268 0","10 165 72.78001 165 0 256 0","10.04 165 72.78001 165 0 252 0","10.08 165 72.78001 165 0 252 0","10.12 165 72.78001 165 0 244 0","10.16 165 72.78001 165 0 236 0","10.2 165 72.78001 165 0 228 0","10.24 165 72.78001 165 0 228 0","10.28 165 72.78001 165 0 228 0","10.32 165 72.78001 165 0 228 0","10.36 165 72.78001 165 0 228 0","10.4 165 72.78001 165 0 228 0","10.44 165 72.78001 165 0 228 0","10.48 165 72.78001 165 0 220 0","10.52 165 72.78001 165 0 212 0","10.56 165 72.78001 165 0 200 0","10.6 165 72.78001 165 0 192 0","10.64 165 72.78001 165 0 184 0","10.68 165 72.78001 165 0 172 0","10.72 165 72.78001 165 0 168 0","10.76 165 72.78001 165 0 168 0","10.8 165 72.78001 165 0 168 0","10.84 165 72.78001 165 0 168 0","10.88 165 72.78001 165 0 168 0","10.92 165 72.78001 165 0 168 0","10.96 165 72.78001 165 0 168 0","11 165 72.78001 165 0 168 0","11.04 165 72.78001 165 0 168 0","11.08 165 72.78001 165 0 168 0","11.12 165 72.78001 165 0 172 0","11.16 165 72.78001 165 0 184 0","11.2 165 72.78001 165 0 192 0","11.24 165 72.78001 165 0 200 0","11.28 165 72.78001 165 0 212 0","11.32 165 72.78001 165 0 220 0","11.36 165 72.78001 165 0 232 0","11.4 165 72.78001 165 0 240 0","11.44 165 72.78001 165 0 252 0","11.48 165 72.78001 165 0 260 0","11.52 165 72.78001 165 0 268 0","11.56 165 72.78001 165 0 280 0","11.6 165 72.78001 165 0 288 0","11.64 165 72.78001 165 0 300 0","11.68 165 72.78001 165 0 308 0","11.72 165 72.78001 165 0 316 0","11.76 165 72.78001 165 0 316 0","11.8 164.6388 72.78 165.3741 0 316 0","11.84 164.2776 72.78001 165.7481 0 316 0","11.88 163.9163 72.78001 166.1222 0 316 0","11.92 163.5551 72.78001 166.4962 0 316 0","11.96 163.1939 72.78001 166.8703 0 316 0","12 162.8461 72.78001 167.2565 0 320 0","12.04 162.5556 72.78 167.6873 0 328 0","12.08 162.3609 72.78001 168.1692 0 340 0","12.12 162.2352 72.78001 168.6734 0 348 0","12.16 162.1808 72.78001 169.1902 0 356 0","12.2 162.217 72.78001 169.7077 0 8.000012 0","12.24 162.3427 72.78 170.212 0 16.00001 0","12.28 162.5374 72.78001 170.6938 0 24.00001 0","12.32 162.7973 72.78001 171.1439 0 32.00001 0","12.36 163.1307 72.78001 171.5412 0 44.00002 0","12.4 163.5288 72.78001 171.8753 0 52.00002 0","12.44 163.9695 72.78001 172.1507 0 60.00002 0","12.48 164.4198 72.78001 172.4107 0 60.00002 0","12.52 164.8702 72.78001 172.6707 0 60.00002 0","12.56 165.3205 72.78001 172.9307 0 60.00002 0","12.6 165.7708 72.78 173.1907 0 60.00002 0","12.64 166.2212 72.78001 173.4507 0 60.00002 0","12.68 166.6715 72.78001 173.7107 0 60.00002 0","12.72 167.1218 72.78001 173.9707 0 60.00002 0","12.76 167.5722 72.78 174.2307 0 60.00002 0","12.8 168.0225 72.78001 174.4907 0 60.00002 0","12.84 168.4728 72.78001 174.7507 0 60.00002 0","12.88 168.9232 72.78001 175.0107 0 60.00002 0","12.92 169.3735 72.78 175.2707 0 60.00002 0","12.96 169.8238 72.78001 175.5307 0 60.00002 0","13 170.2742 72.78001 175.7907 0 60.00002 0","13.04 170.7149 72.78001 176.0661 0 56.00002 0","13.08 171.0887 72.78001 176.4271 0 44.00002 0","13.12 171.4499 72.78001 176.8011 0 44.00002 0","13.16 171.8112 72.78001 177.1752 0 44.00002 0","13.2 172.1724 72.78001 177.5492 0 44.00002 0","13.24 172.5336 72.78001 177.9233 0 44.00002 0","13.28 172.8948 72.78 178.2973 0 44.00002 0","13.32 173.2561 72.78001 178.6714 0 44.00002 0","13.36 173.6173 72.78001 179.0455 0 44.00002 0","13.4 173.9785 72.78001 179.4195 0 44.00002 0","13.44 174.3397 72.78 179.7936 0 44.00002 0","13.48 174.7009 72.78001 180.1676 0 44.00002 0","13.52 175.0622 72.78001 180.5417 0 44.00002 0","13.56 175.4234 72.78001 180.9157 0 44.00002 0","13.6 175.7846 72.78 181.2898 0 44.00002 0","13.64 176.1458 72.78001 181.6638 0 44.00002 0","13.68 176.507 72.78001 182.0379 0 44.00002 0","13.72 176.9052 72.78001 182.3719 0 52.00002 0","13.76 177.3363 72.78001 182.6627 0 56.00003 0","13.8 177.7673 72.78001 182.9535 0 56.00003 0","13.84 178.1985 72.78001 183.2443 0 56.00003 0","13.88 178.6296 72.78001 183.5351 0 56.00003 0","13.92 179.0607 72.78001 183.8259 0 56.00003 0","13.96 179.4918 72.78 184.1166 0 56.00003 0","14 179.9229 72.78001 184.4074 0 56.00003 0","14.04 180.354 72.78001 184.6982 0 56.00003 0","14.08 180.785 72.78001 184.989 0 56.00003 0","14.12 181.2162 72.78 185.2798 0 56.00003 0","14.16 181.6472 72.78001 185.5705 0 56.00003 0","14.2 182.0784 72.78001 185.8613 0 56.00003 0","14.24 182.5094 72.78001 186.1521 0 56.00003 0","14.28 182.9406 72.78 186.4429 0 56.00003 0","14.32 183.3717 72.78001 186.7337 0 56.00003 0","14.36 183.8027 72.78001 187.0244 0 56.00003 0","14.4 184.2339 72.78001 187.3152 0 56.00003 0","14.44 184.6649 72.78001 187.606 0 56.00003 0","14.48 185.0961 72.78 187.8968 0 56.00003 0","14.52 185.5271 72.78001 188.1876 0 56.00003 0","14.56 185.9583 72.78001 188.4783 0 56.00003 0","14.6 186.3893 72.78001 188.7691 0 56.00003 0","14.64 186.8204 72.78 189.0599 0 56.00003 0","14.68 187.2515 72.78001 189.3507 0 56.00003 0","14.72 187.6826 72.78001 189.6415 0 56.00003 0","14.76 188.1138 72.78001 189.9322 0 56.00003 0","14.8 188.5448 72.78 190.223 0 56.00003 0","14.84 188.976 72.78001 190.5138 0 56.00003 0","14.88 189.407 72.78001 190.8046 0 56.00003 0","14.92 189.8382 72.78001 191.0954 0 56.00003 0","14.96 190.2692 72.78001 191.3861 0 56.00003 0","15 190.7003 72.78001 191.6769 0 56.00003 0","15.04 