{"participantData":{"id":"g"},"allTrialData":[{"trialNumber":0,"mapIndex":0,"mapName":"Persistent","maxTrialDuration":0.0,"timeStepTrackingData":[]},{"trialNumber":1,"mapIndex":1,"mapName":"StartScreen","maxTrialDuration":0.0,"timeStepTrackingData":[]},{"trialNumber":2,"mapIndex":3,"mapName":"tartarus1","maxTrialDuration":0.0,"timeStepTrackingData":["Time x-position y-position z-position x-rotation y-rotation z-rotation","1.66 195 72.78001 195 0 0 0","1.68 195 72.78001 195 0 0 0","1.72 195 72.78001 195 0 0 0","1.76 195 72.78001 195 0 0 0","1.8 195 72.78001 195 0 0 0","1.84 195 72.78001 195 0 0 0","1.88 195 72.78001 195 0 0 0","1.92 195 72.78001 195 0 0 0","1.96 195 72.78001 195 0 0 0","2 195 72.78001 195 0 0 0","2.04 195 72.78001 195 0 0 0","2.08 195 72.78001 195 0 0 0","2.12 195 72.78001 195 0 0 0","2.16 195 72.78001 195 0 12 0","2.2 195 72.78001 195 0 30 0","2.24 195 72.78001 195 0 42 0","2.28 195 72.78001 195 0 60.00001 0","2.32 195 72.78001 195 0 72 0","2.36 195 72.78001 195 0 84 0","2.4 195.2934 72.78001 194.9376 0 102 0","2.44 195.8803 72.78001 194.8129 0 102 0","2.48 196.4672 72.78001 194.6881 0 102 0","2.52 197.0541 72.78001 194.5634 0 102 0","2.56 197.641 72.78 194.4386 0 102 0","2.6 198.2279 72.78001 194.3139 0 102 0","2.64 198.8148 72.78001 194.1891 0 102 0","2.68 199.4017 72.78001 194.0644 0 102 0","2.72 199.9162 72.78001 193.9397 0 102 0","2.76 199.9162 72.78001 193.8149 0 102 0","2.8 199.9162 72.78001 193.6902 0 102 0","2.84 199.9162 72.78001 193.5654 0 102 0","2.88 199.9162 72.78001 193.4407 0 102 0","2.92 199.9162 72.78001 193.3159 0 102 0","2.96 199.9162 72.78001 193.1912 0 102 0","3 199.9162 72.78001 193.0664 0 102 0"]},{"trialNumber":3,"mapIndex":4,"mapName":"tartarus2","maxTrialDuration":0.0,"timeStepTrackingData":["Time x-position y-position z-position x-rotation y-rotation z-rotation","3.02 195 72.78001 195 0 0 0","3.04 195 72.78001 195 0 0 0","3.08 195 72.78 195 0 0 0","3.12 195 72.78 195 0 0 0","3.16 195 72.78 195 0 6 0","3.2 195 72.78 195 0 24 0","3.24 195 72.78 195 0 36 0","3.28 195 72.78 195 0 54 0","3.32 195 72.78 195 0 66 0","3.36 195 72.78 195 0 84 0","3.4 195 72.78 195 0 96.00001 0","3.44 195 72.78 195 0 108 0","3.48 195 72.78 195 0 126 0","3.52 195 72.78 195 0 138 0","3.56 195.2984 72.78001 194.4832 0 156 0","3.6 195.5424 72.78001 193.9351 0 156 0","3.64 195.7864 72.78001 193.387 0 156 0","3.68 196.0305 72.78001 192.8389 0 156 0","3.72 196.2745 72.78001 192.2907 0 156 0","3.76 196.5186 72.78 191.7426 0 156 0","3.8 196.7626 72.78001 191.1945 0 156 0","3.84 197.0067 72.78001 190.6463 0 156 0","3.88 197.2507 72.78001 190.0982 0 156 0","3.92 197.4947 72.78001 189.5501 0 156 0","3.96 197.7388 72.78001 189.002 0 156 0","4 197.9828 72.78 188.4538 0 156 0","4.04 198.2269 72.78001 187.9057 0 156 0","4.08 198.4709 72.78001 187.3576 0 156 0","4.12 198.7149 72.78001 186.8094 0 156 0","4.16 198.959 72.78001 186.2613 0 156 0","4.2 199.203 72.78 185.7132 0 156 0"]},{"trialNumber":0,"mapIndex":0,"mapName":"","maxTrialDuration":0.0,"timeStepTrackingData":[]},{"trialNumber":0,"mapIndex":0,"mapName":"","maxTrialDuration":0.0,"timeStepTrackingData":[]},{"trialNumber":0,"mapIndex":0,"mapName":"","maxTrialDuration":0.0,"timeStepTrackingData":[]},{"trialNumber":0,"mapIndex":0,"mapName":"","maxTrialDuration":0.0,"timeStepTrackingData":[]},{"trialNumber":0,"mapIndex":0,"mapName":"","maxTrialDuration":0.0,"timeStepTrackingData":[]},{"trialNumber":0,"mapIndex":0,"mapName":"","maxTrialDuration":0.0,"timeStepTrackingData":[]},{"trialNumber":0,"mapIndex":0,"mapName":"","maxTrialDuration":0.0,"timeStepTrackingData":[]},{"trialNumber":0,"mapIndex":0,"mapName":"","maxTrialDuration":0.0,"timeStepTrackingData":[]},{"trialNumber":0,"mapIndex":0,"mapName":"","maxTrialDuration":0.0,"timeStepTrackingData":[]},{"trialNumber":0,"mapIndex":0,"mapName":"","maxTrialDuration":0.0,"timeStepTrackingData":[]},{"trialNumber":0,"mapIndex":0,"mapName":"","maxTrialDuration":0.0,"timeStepTrackingData":[]},{"trialNumber":0,"mapIndex":0,"mapName":"","maxTrialDuration":0.0,"timeStepTrackingData":[]},{"trialNumber":0,"mapIndex":0,"mapName":"","maxTrialDuration":0.0,"timeStepTrackingData":[]},{"trialNumber":0,"mapIndex":0,"mapName":"","maxTrialDuration":0.0,"timeStepTrackingData":[]},{"trialNumber":0,"mapIndex":0,"mapName":"","maxTrialDuration":0.0,"timeStepTrackingData":[]},{"trialNumber":0,"mapIndex":0,"mapName":"","maxTrialDuration":0.0,"timeStepTrackingData":[]}]}