{"participantData":{"id":"erer"},"allTrialData":[{"trialNumber":0,"mapIndex":0,"mapName":"Persistent","maxTrialDuration":0.0,"movementTime":0.0,"timeStepTrackingData":[]},{"trialNumber":1,"mapIndex":1,"mapName":"StartScreen","maxTrialDuration":0.0,"movementTime":0.0,"timeStepTrackingData":[]},{"trialNumber":2,"mapIndex":3,"mapName":"tartarus1","maxTrialDuration":0.0,"movementTime":0.0,"timeStepTrackingData":["Time x-position y-position z-position x-rotation y-rotation z-rotation","2.56 195 72.78001 105 0 0 0","2.58 195 72.78001 105 0 0 0","2.62 195 72.78001 105 0 0 0","2.66 195 72.78001 105 0 0 0","2.7 195 72.78001 105 0 0 0","2.74 195 72.78001 105 0 0 0","2.78 195 72.78001 105 0 0 0","2.82 195 72.78001 105 0 0 0","2.86 195 72.78001 105 0 0 0","2.9 195 72.78001 105 0 0 0","2.94 195 72.78001 105 0 0 0","2.98 195 72.78001 105 0 0 0","3.02 195 72.78001 105 0 0 0","3.06 195 72.78001 105 0 0 0","3.1 195 72.78001 105 0 0 0","3.14 195 72.78001 105 0 0 0","3.18 195 72.78001 105 0 0 0","3.22 195 72.78001 105 0 0 0","3.26 195 72.78001 105 0 0 0","3.3 195 72.78001 105 0 0 0","3.34 195 72.78001 105 0 0 0","3.38 195 72.78001 105 0 0 0","3.42 195 72.78001 105 0 0 0","3.46 195 72.78001 105 0 0 0","3.5 195 72.78001 105 0 0 0","3.54 195 72.78001 105 0 0 0","3.58 195 72.78001 105 0 0 0","3.62 195 72.78001 105 0 0 0","3.66 195 72.78001 105 0 0 0","3.7 195 72.78001 105 0 0 0","3.74 195 72.78001 105 0 0 0","3.78 195 72.78001 105 0 18 0","3.82 195 72.78001 105 0 30 0","3.86 195 72.78001 105 0 48 0","3.9 195 72.78001 105 0 60.00001 0","3.94 195 72.78001 105 0 66 0","3.98 195 72.78001 105 0 66 0","4.02 195 72.78001 105 0 66 0","4.06 195 72.78001 105 0 66 0","4.1 195 72.78001 105 0 60 0","4.14 195 72.78001 105 0 48 0","4.18 195 72.78001 105 0 29.99999 0","4.22 195 72.78001 105 0 18 0","4.26 195 72.78001 105 0 18 0","4.3 195 72.78001 105 0 18 0","4.34 195 72.78001 105 0 18 0","4.38 195 72.78001 105 0 18 0","4.42 195 72.78001 105 0 18 0","4.46 195 72.78001 105 0 18 0","4.5 195.1854 72.78001 105.5706 0 18 0","4.54 195.3708 72.78001 106.1413 0 18 0","4.58 195.5562 72.78 106.7119 0 18 0","4.62 195.7416 72.78001 107.2825 0 18 0","4.66 195.927 72.78001 107.8532 0 18 0","4.7 196.0198 72.78 108.1385 0 18 0","4.74 196.0198 72.78 108.1385 0 18 0","4.78 196.0198 72.78 108.1385 0 12 0","4.82 196.0198 72.78 108.1385 0 -5.954949E-06 0","4.86 196.0198 72.78 108.1385 0 348 0","4.9 196.0198 72.78 108.1385 0 348 0","4.94 196.0198 72.78 108.1385 0 348 0","4.98 195.895 72.78001 108.7254 0 348 0","5.02 195.7703 72.78001 109.3123 0 348 0","5.06 195.6455 72.78001 109.8992 0 348 0","5.1 195.5208 72.78001 110.486 0 348 0","5.14 195.396 72.78001 111.0729 0 348 0","5.18 195.2713 72.78 111.6598 0 348 0","5.22 195.1465 72.78001 112.2467 0 348 0","5.26 195.0218 72.78001 112.8336 0 348 0","5.3 194.897 72.78001 113.4205 0 348 0","5.34 194.7723 72.78001 114.0074 0 348 0","5.38 194.6475 72.78001 114.5943 0 348 0","5.42 194.5228 72.78 115.1812 0 348 0","5.46 194.398 72.78001 115.768 0 348 0","5.5 194.2733 72.78001 116.3549 0 348 0","5.54 194.1485 72.78001 116.9418 0 348 0","5.58 194.0238 72.78001 117.5287 0 348 0","5.62 193.899 72.78 118.1156 0 348 0","5.66 193.7743 72.78001 118.7025 0 348 0","5.7 193.6496 72.78001 119.2894 0 348 0","5.74 193.5248 72.78001 119.8763 0 348 0","5.78 193.4001 72.78001 120.4631 0 348 0","5.82 193.2753 72.78001 121.05 0 348 0","5.86 193.1506 72.78 121.6369 0 348 0","5.9 193.0258 72.78001 122.2238 0 348 0","5.94 192.9011 72.78001 122.8107 0 348 0","5.98 192.7763 72.78001 123.3976 0 348 0","6.02 192.6516 72.78001 123.9845 0 348 0","6.06 192.6202 72.78001 124.5828 0 -5.843832E-06 0","6.1 192.7753 72.78001 125.1616 0 17.99999 0","6.14 192.9607 72.78001 125.7322 0 17.99999 0","6.18 193.1461 72.78001 126.3029 0 17.99999 0","6.22 193.3315 72.78 126.8735 0 17.99999 0","6.26 193.517 72.78001 127.4441 0 17.99999 0","6.3 193.7024 72.78001 128.0148 0 17.99999 0","6.34 193.8878 72.78001 128.5854 0 17.99999 0","6.38 194.0732 72.78001 129.156 0 17.99999 0","6.42 194.2586 72.78 129.7267 0 17.99999 0","6.46 194.444 72.78001 130.2973 0 17.99999 0","6.5 194.6294 72.78001 130.8679 0 17.99999 0","6.54 194.8148 72.78001 131.4386 0 17.99999 0","6.58 195.0002 72.78 132.0092 0 17.99999 0","6.62 195.1856 72.78001 132.5798 0 17.99999 0","6.66 195.371 72.78001 133.1505 0 17.99999 0","6.7 195.5565 72.78001 133.7211 0 17.99999 0","6.74 195.7419 72.78 134.2917 0 17.99999 0","6.78 195.9273 72.78001 134.8624 0 17.99999 0","6.82 196.1127 72.78001 135.433 0 17.99999 0","6.86 196.2981 72.78001 136.0036 0 17.99999 0","6.9 196.4835 72.78001 136.5743 0 17.99999 0","6.94 196.6689 72.78001 137.1449 0 17.99999 0","6.98 196.8543 72.78001 137.7155 0 17.99999 0","7.02 197.0397 72.78001 138.2862 0 17.99999 0","7.06 197.2251 72.78001 138.8568 0 17.99999 0","7.1 197.4106 72.78 139.4274 0 17.99999 0","7.14 197.596 72.78001 139.9981 0 17.99999 0","7.18 197.7814 72.57216 140.5687 0 17.99999 0","7.22 197.9668 72.53291 141.1393 0 17.99999 0","7.26 198.1522 72.46229 141.71 0 17.99999 0","7.3 198.3376 72.36026 142.2806 0 17.99999 0","7.34 198.523 72.22684 142.8512 0 17.99999 0","7.38 198.7084 72.06203 143.4219 0 17.99999 0","7.42 198.8938 71.86584 143.9925 0 17.99999 0","7.46 199.0793 71.63824 144.5631 0 17.99999 0","7.5 199.2647 71.37926 145.1338 0 17.99999 0","7.54 199.4501 71.08888 145.7044 0 17.99999 0","7.58 199.6355 70.76711 146.2751 0 17.99999 0","7.62 199.8209 70.41396 146.8457 0 17.99999 0","7.66 200.0063 70.0294 147.4163 0 17.99999 0","7.7 200.1917 69.61346 147.987 0 17.99999 0","7.74 200.3771 69.16612 148.5576 0 17.99999 0","7.78 200.5625 68.6874 149.1282 0 17.99999 0","7.82 200.7479 68.17728 149.6989 0 17.99999 0","7.86 200.9333 67.63577 150.2695 0 17.99999 0","7.9 201.1188 67.06286 150.8401 0 17.99999 0","7.94 201.1188 66.45856 150.8401 0 17.99999 0","7.98 201.1188 65.82288 150.8401 0 17.99999 0","8.02 201.1188 65.1558 150.8401 0 17.99999 0","8.059999 201.1188 64.45733 150.8401 0 17.99999 0","8.099999 201.1188 63.72746 150.8401 0 17.99999 0","8.139999 201.1188 62.96621 150.8401 0 17.99999 0","8.179999 201.1188 62.17356 150.8401 0 17.99999 0","8.22 201.1188 61.34952 150.8401 0 17.99999 0","8.26 201.1188 60.49409 150.8401 0 17.99999 0","8.3 201.1188 59.60726 150.8401 0 17.99999 0","8.34 201.1188 58.68904 150.8401 0 17.99999 0","8.38 201.1188 57.73944 150.8401 0 17.99999 0","8.42 201.1188 56.75844 150.8401 0 17.99999 0","8.46 201.1188 55.74604 150.8401 0 17.99999 0","8.5 201.1188 54.70226 150.8401 0 17.99999 0","8.54 201.1188 53.62708 150.8401 0 17.99999 0","8.58 201.1188 52.52052 150.8401 0 17.99999 0","8.62 201.1188 51.38255 150.8401 0 17.99999 0","8.66 201.1188 50.2132 150.8401 0 17.99999 0","8.7 201.1188 49.01246 150.8401 0 17.99999 0","8.74 201.1188 47.78032 150.8401 0 17.99999 0","8.78 201.1188 46.51679 150.8401 0 17.99999 0","8.82 201.1188 45.22187 150.8401 0 17.99999 0","8.86 201.1188 43.89556 150.8401 0 17.99999 0","8.9 201.1188 42.53785 150.8401 0 17.99999 0","8.94 201.1188 41.14876 150.8401 0 17.99999 0","8.98 201.1188 39.72827 150.8401 0 17.99999 0","9.02 201.1188 38.27639 150.8401 0 17.99999 0","9.059999 201.1188 36.79311 150.8401 0 17.99999 0","9.099999 201.1188 35.27845 150.8401 0 17.99999 0","9.139999 201.1188 33.7324 150.8401 0 17.99999 0"]},{"trialNumber":3,"mapIndex":3,"mapName":"tartarus1","maxTrialDuration":0.0,"movementTime":0.0,