{"participantData":{"id":"efefe"},"allTrialData":[{"trialNumber":0,"mapIndex":0,"mapName":"Persistent","maxTrialDuration":0.0,"movementTime":0.0,"trialError":false,"timeStepTrackingData":[]},{"trialNumber":1,"mapIndex":1,"mapName":"StartScreen","maxTrialDuration":0.0,"movementTime":0.0,"trialError":false,"timeStepTrackingData":[]},{"trialNumber":2,"mapIndex":3,"mapName":"tartarus1","maxTrialDuration":0.0,"movementTime":0.0,"trialError":false,"timeStepTrackingData":["Time x-position y-position z-position x-rotation y-rotation z-rotation","2.34 125 72.78001 195 0 0 0","2.36 125 72.78001 195 0 0 0","2.4 125 72.78001 195 0 0 0","2.44 125 72.78001 195 0 0 0","2.48 125 72.78001 195 0 0 0","2.52 125 72.78001 195 0 0 0","2.56 125 72.78001 195 0 0 0","2.6 125 72.78001 195 0 0 0","2.64 125 72.78001 195 0 0 0","2.68 125 72.78001 195 0 0 0","2.72 125 72.78001 195 0 0 0","2.76 125 72.78001 195 0 0 0","2.8 125 72.78001 195 0 0 0","2.84 125 72.78001 195 0 0 0","2.88 125 72.78001 195 0 0 0","2.92 125 72.78001 195 0 0 0","2.96 125 72.78001 195 0 0 0","3 125 72.78001 195 0 0 0","3.04 125 72.78001 195 0 0 0","3.08 125 72.78001 195 0 0 0","3.12 125 72.78001 195 0 0 0","3.16 125 72.78001 195 0 0 0","3.2 125 72.78001 195 0 0 0","3.24 125 72.78001 195 0 0 0","3.28 125 72.78001 195 0 0 0","3.32 125 72.78001 195 0 0 0","3.36 125 72.78001 195 0 0 0","3.4 125 72.78001 195 0 0 0","3.44 125 72.78001 195 0 0 0","3.48 125 72.78001 195 0 0 0","3.52 125 72.78001 195 0 0 0","3.56 125 72.78001 195 0 0 0","3.6 125 72.78001 195 0 0 0","3.64 125 72.78001 195 0 0 0","3.68 125 72.78001 195 0 0 0","3.72 125 72.78001 195 0 0 0","3.76 125 72.78001 195 0 0 0","3.8 125 72.78001 195 0 6 0","3.84 125 72.78001 195 0 24 0","3.88 125 72.78001 195 0 36 0","3.92 125 72.78001 195 0 48 0","3.96 125 72.78001 195 0 66 0","4 125 72.78001 195 0 78.00001 0","4.04 125 72.78001 195 0 96.00001 0","4.08 125 72.78001 195 0 108 0","4.12 125 72.78001 195 0 120 0","4.16 125 72.78001 195 0 138 0","4.2 125 72.78001 195 0 150 0","4.24 125 72.78001 195 0 168 0","4.28 125 72.78001 195 0 174 0","4.32 125 72.78001 195 0 174 0","4.36 125 72.78001 195 0 174 0","4.4 125 72.78001 195 0 174 0","4.44 125 72.78001 195 0 174 0","4.48 125 72.78001 195 0 174 0","4.52 125 72.78001 195 0 174 0","4.56 125 72.78001 195 0 174 0","4.6 125 72.78001 195 0 174 0","4.64 125 72.78001 195 0 174 0","4.68 125 72.78001 195 0 168 0","4.72 125 72.78001 195 0 150 0","4.76 125 72.78001 195 0 138 0","4.8 125 72.78001 195 0 138 0","4.84 125 72.78001 195 0 138 0","4.88 125 72.78001 195 0 138 0","4.92 125 72.78001 195 0 138 0","4.96 125 72.78001 195 0 138 0","5 125 72.78001 195 0 138 0","5.04 125 72.78001 195 0 138 0","5.08 125 72.78001 195 0 138 0","5.12 125 72.78001 195 0 138 0","5.16 125 72.78001 195 0 138 0","5.2 125 72.78001 195 0 138 0","5.24 125 72.78001 195 0 138 0","5.28 125 72.78001 195 0 138 0","5.32 125 72.78001 195 0 138 0","5.36 125 72.78001 195 0 138 0","5.4 125 72.78001 195 0 138 0","5.44 125 72.78001 195 0 138 0","5.48 125 72.78001 195 0 138 0","5.52 125 72.78001 195 0 138 0","5.56 125 72.78001 195 0 138 0","5.6 125 72.78001 195 0 144 0","5.64 125 72.78001 195 0 156 0","5.68 125 72.78001 195 0 174 0","5.72 125 72.78001 195 0 186 0","5.76 125 72.78001 195 0 186 0","5.8 125 72.78001 195 0 186 0","5.84 125 72.78001 195 0 186 0","5.88 124.9373 72.78 194.4033 0 186 0","5.92 124.8746 72.78001 193.8066 0 186 0","5.96 124.8119 72.78001 193.2099 0 186 0","6 124.7491 72.78001 192.6131 0 186 0","6.04 124.6864 72.78001 192.0164 0 186 0","6.08 124.6237 72.78001 191.4197 0 186 0","6.12 124.561 72.78 190.823 0 186 0","6.16 124.4983 72.78001 190.2263 0 186 0","6.2 124.4355 72.78001 189.6296 0 186 0","6.24 124.3728 72.78001 189.0329 0 186 0","6.28 124.3101 72.78001 188.4362 0 186 0","6.32 124.2474 72.78001 187.8394 0 186 0","6.36 124.1847 72.78 187.2427 0 186 0","6.4 124.122 72.78001 186.646 0 186 0","6.44 124.0592 72.78001 186.0493 0 186 0","6.48 123.9965 72.78001 185.4526 0 186 0","6.52 123.9338 72.78001 184.8559 0 186 0","6.56 123.8711 72.78001 184.2592 0 186 0","6.6 123.8084 72.78 183.6624 0 186 0","6.64 123.7457 72.78001 183.0657 0 186 0","6.68 123.6829 72.78001 182.469 0 186 0","6.72 123.6202 72.78001 181.8723 0 186 0","6.76 123.714 72.78001 181.2805 0 168 0","6.8 123.9287 72.78 180.7211 0 156 0","6.84 124.2287 72.78 180.2015 0 150 0","6.88 124.5287 72.78001 179.6819 0 150 0","6.92 124.8287 72.78001 179.1623 0 150 0","6.96 125.1287 72.78001 178.6427 0 150 0","7 125.2787 72.78001 178.3829 0 150 0","7.04 125.2787 72.78 178.3829 0 150 0","7.08 125.2787 72.78 178.3829 0 150 0","7.12 125.2787 72.78 178.3829 0 150 0","7.16 125.2787 72.78 178.3829 0 150 0","7.2 125.2787 72.78 178.3829 0 150 0","7.24 125.2787 72.78 178.3829 0 150 0","7.28 125.2787 72.78 178.3829 0 150 0","7.32 125.2787 72.78 178.3829 0 150 0","7.36 125.2787 72.78 178.3829 0 150 0","7.4 125.2787 72.78 178.3829 0 150 0","7.44 125.2787 72.78 178.3829 0 150 0","7.48 125.2787 72.78 178.3829 0 150 0","7.52 125.2787 72.78 178.3829 0 150 0","7.56 125.2787 72.78 178.3829 0 144 0","7.6 125.2787 72.78 178.3829 0 126 0","7.64 125.2787 72.78 178.3829 0 114 0","7.68 125.2787 72.78 178.3829 0 102 0","7.72 125.2787 72.78 178.3829 0 84.00002 0","7.76 125.2787 72.78 178.3829 0 72.00002 0","7.8 125.2787 72.78 178.3829 0 54.00001 0","7.84 125.2787 72.78 178.3829 0 42 0","7.88 125.2787 72.78 178.3829 0 30.00001 0","7.92 125.2787 72.78 178.3829 0 12.00001 0","7.96 125.2787 72.78 178.3829 0 12.00001 0","8 125.2787 72.78 178.3829 0 12.00001 0","8.04 125.2787 72.78 178.3829 0 12.00001 0","8.08 125.2787 72.78 178.3829 0 12.00001 0","8.12 125.2787 72.78 178.3829 0 12.00001 0","8.16 125.2787 72.78 178.3829 0 12.00001 0","8.2 125.2787 72.78 178.3829 0 12.00001 0","8.24 125.2787 72.78 178.3829 0 12.00001 0","8.28 125.2787 72.78 178.3829 0 12.00001 0","8.32 125.2787 72.78 178.3829 0 12.00001 0","8.36 125.2787 72.78 178.3829 0 12.00001 0","8.4 125.2787 72.78 178.3829 0 12.00001 0","8.44 125.2787 72.78 178.3829 0 12.00001 0","8.48 125.341 72.78001 178.6763 0 12.00001 0","8.52 125.4658 72.78001 179.2632 0 12.00001 0","8.559999 125.5905 72.78001 179.8501 0 12.00001 0","8.599999 125.5905 72.78001 179.8501 0 12.00001 0","8.639999 125.5905 72.78001 179.8501 0 12.00001 0","8.679999 125.5905 72.78001 179.8501 0 12.00001 0","8.72 125.5905 72.78001 179.8501 0 12.00001 0","8.76 125.5905 72.78001 179.8501 0 12.00001 0","8.8 125.5905 72.78001 179.8501 0 12.00001 0","8.84 125.5905 72.78001 179.8501 0 12.00001 0","8.88 125.5905 72.78001 179.8501 0 12.00001 0","8.92 125.5905 72.78001 179.8501 0 12.00001 0","8.96 125.5905 72.78001 179.8501 0 12.00001 0","9 125.5905 72.78001 179.8501 0 24.00001 0","9.04 125.5905 72.78001 179.8501 0 36.00001 0","9.08 125.5905 72.78001 179.8501 0 54.00001 0","9.12 125.5905 72.78001 179.8501 0 66.00002 0","9.16 125.5905 72.78001 179.8501 0 84.00002 0","9.2 125.5905 72.78001 179.8501 0 96.00002 0","9.24 125.5905 72.78001 179.8501 0 96.00002 0","9.28 125.5905 72.78001 179.8501 0 96.00002 0","9.32 125.5905 72.78001 179.8501 0 96.00002 0","9.36 125.5905 72.78001 179.8501 0 96.00002 0","9.4 125.5905 72.78001 179.8501 0 96.00002 0","9.44 125.5905 72.78001 179.8501 0 96.00002 0","9.48 125.5905 72.78001 179.8501 0 96.00002 0","9.52 126.1873 72.78 179.7874 0 96.00002 0","9.559999 126.784 72.78001 179.7247 0 96.00002 0","9.599999 127.3807 72.78001 179.6619 0 96.00002 0","9.639999 127.9774 72.78001 179.5992 0 96.00002 0","9.679999 128.5741 72.78001 179.5365 0 96.00002 0","9.719999 129.1708 72.78 179.4738 0 96.00002 0","9.76 129.7675 72.78 179.4111 0 96.00002 0","9.8 130.3642 72.78001 179.3483 0 96.00002 0","9.84 130.961 72.78001 179.2856 0 96.00002 0","9.88 131.5577 72.78001 179.2229 0 96.00002 0","9.92 132.1544 72.78001 179.1602 0 96.00002 0","9.96 132.7511 72.78 179.0975 0 96.00002 0","10 133.3478 72.78001 179.0348 0 96.00002 0","10.04 133.9445 72.78001 178.972 0 96.00002 0","10.08 134.5233 72.78001 178.817 0 108 0","10.12 134.7973 72.78 178.6949 0 126 0","10.16 134.7973 72.78 178.6949 0 138 0","10.2 134.7973 72.78 