{"participantData":{"id":"efefef"},"allTrialData":[{"trialNumber":0,"mapIndex":0,"mapName":"Persistent","maxTrialDuration":0.0,"firstMovementTime":0.0,"totalMovementTime":0.0,"trialError":false,"timeStepTrackingData":[]},{"trialNumber":1,"mapIndex":1,"mapName":"StartScreen","maxTrialDuration":0.0,"firstMovementTime":0.0,"totalMovementTime":0.0,"trialError":false,"timeStepTrackingData":[]},{"trialNumber":2,"mapIndex":2,"mapName":"tartarus1","maxTrialDuration":0.0,"firstMovementTime":0.0,"totalMovementTime":0.0,"trialError":false,"timeStepTrackingData":["Time x-position y-position z-position x-rotation y-rotation z-rotation","2.18 105 72.78001 95 0 0 0","2.2 105 72.78001 95 0 0 0","2.24 105 72.78001 95 0 0 0","2.28 105 72.78001 95 0 0 0","2.32 105 72.78001 95 0 0 0","2.36 105 72.78001 95 0 0 0","2.4 105 72.78001 95 0 0 0","2.44 105 72.78001 95 0 0 0","2.48 105 72.78001 95 0 0 0","2.52 105 72.78001 95 0 0 0","2.56 105 72.78001 95 0 0 0","2.6 105 72.78001 95 0 0 0","2.64 105 72.78001 95 0 0 0","2.68 105 72.78001 95 0 0 0","2.72 105 72.78001 95 0 0 0","2.76 105 72.78001 95 0 0 0","2.8 105 72.78001 95 0 0 0","2.84 105 72.78001 95 0 0 0","2.88 105 72.78001 95 0 0 0","2.92 105 72.78001 95 0 0 0","2.96 105 72.78001 95 0 0 0","3 105 72.78001 95 0 0 0","3.04 105 72.78001 95 0 0 0","3.08 105 72.78001 95 0 0 0","3.12 105 72.78001 95 0 0 0","3.16 105 72.78001 95 0 0 0","3.2 105 72.78001 95 0 0 0","3.24 105 72.78001 95 0 0 0","3.28 105 72.78001 95 0 0 0","3.32 105 72.78001 95 0 0 0","3.36 105 72.78001 95 0 0 0","3.4 105 72.78001 95 0 0 0","3.44 105 72.78001 95 0 0 0","3.48 105 72.78001 95 0 0 0","3.52 105 72.78001 95 0 0 0","3.56 105 72.78001 95 0 0 0","3.6 105 72.78001 95 0 0 0","3.64 105 72.78001 95 0 0 0","3.68 105 72.78001 95 0 0 0","3.72 105 72.78001 95 0 0 0","3.76 105 72.78001 95 0 0 0","3.8 105 72.78001 95 0 0 0","3.84 105 72.78001 95 0 0 0","3.88 105 72.78001 95 0 0 0","3.92 105 72.78001 95 0 0 0","3.96 105 72.78001 95 0 0 0","4 105 72.78001 95 0 0 0","4.04 105 72.78001 95 0 0 0","4.08 105 72.78001 95 0 0 0","4.12 105 72.78001 95 0 0 0","4.16 105 72.78001 95 0 0 0","4.2 105 72.78001 95 0 0 0","4.24 105 72.78001 95 0 0 0","4.28 105 72.78001 95 0 0 0","4.32 105 72.78001 95 0 0 0","4.36 105 72.78001 95 0 8 0","4.4 105 72.78001 95 0 16 0","4.44 105 72.78001 95 0 28 0","4.48 105 72.78001 95 0 36 0","4.52 105 72.78001 95 0 44 0","4.56 105 72.78001 95 0 55.99999 0","4.6 105.4311 72.78001 95.29078 0 55.99999 0","4.64 105.8622 72.78001 95.58156 0 55.99999 0","4.68 106.2933 72.78 95.87234 0 55.99999 0","4.72 106.7244 72.78001 96.16312 0 55.99999 0","4.76 107.1555 72.78001 96.4539 0 55.99999 0","4.8 107.5866 72.78001 96.74468 0 55.99999 0","4.84 108.0177 72.78001 97.03546 0 55.99999 0","4.88 108.4488 72.78 97.32624 0 55.99999 0","4.92 108.8799 72.78001 97.61702 0 55.99999 0","4.96 109.311 72.78001 97.90781 0 55.99999 0","5 109.7421 72.78001 98.19859 0 55.99999 0","5.04 110.1732 72.78 98.48936 0 55.99999 0","5.08 110.6043 72.78001 98.78014 0 55.99999 0","5.12 111.0354 72.78001 99.07092 0 55.99999 0","5.16 111.4665 72.78001 99.3617 0 55.99999 0","5.2 111.8976 72.78 99.65248 0 55.99999 0","5.24 112.3287 72.78001 99.94327 0 55.99999 0","5.28 112.7598 72.78001 100.234 0 55.99999 0","5.32 113.1909 72.78001 100.5248 0 55.99999 0","5.36 113.622 72.78001 100.8156 0 55.99999 0","5.4 114.0531 72.78001 101.1064 0 55.99999 0","5.44 114.4842 72.78001 101.3972 0 55.99999 0","5.48 114.9153 72.78001 101.688 0 55.99999 0","5.52 115.3464 72.78001 101.9787 0 55.99999 0","5.56 115.7775 72.78 102.2695 0 55.99999 0","5.6 116.2086 72.78001 102.5603 0 55.99999 0","5.64 116.6397 72.78001 102.8511 0 55.99999 0","5.68 117.0708 72.78001 103.1418 0 55.99999 0","5.72 117.5019 72.78 103.4326 0 55.99999 0","5.76 117.933 72.78001 103.7234 0 55.99999 0","5.8 118.3641 72.78001 104.0142 0 55.99999 0","5.84 118.7952 72.78001 104.305 0 55.99999 0","5.88 119.2263 72.78 104.5957 0 55.99999 0","5.92 119.6574 72.78001 104.8865 0 55.99999 0","5.96 120.0885 72.78001 105.1773 0 55.99999 0","6 120.5196 72.78001 105.4681 0 55.99999 0","6.04 120.9507 72.78001 105.7589 0 55.99999 0","6.08 121.3818 72.78001 106.0497 0 55.99999 0","6.12 121.8129 72.78001 106.3404 0 55.99999 0","6.16 122.244 72.78001 106.6312 0 55.99999 0","6.2 122.6751 72.78001 106.922 0 55.99999 0","6.24 123.1062 72.78 107.2128 0 55.99999 0","6.28 123.5373 72.78001 107.5036 0 55.99999 0","6.32 123.9684 72.78001 107.7943 0 55.99999 0","6.36 124.1839 72.78001 107.9397 0 55.99999 0","6.4 124.1839 72.78001 107.9397 0 55.99999 0","6.44 124.1839 72.78001 107.9397 0 55.99999 0","6.48 124.1839 72.78001 107.9397 0 55.99999 0","6.52 124.1839 72.78001 107.9397 0 55.99999 0","6.56 124.1839 72.78001 107.9397 0 55.99999 0","6.6 124.1839 72.78001 107.9397 0 55.99999 0","6.64 124.1839 72.78001 107.9397 0 55.99999 0","6.68 124.1839 72.78001 107.9397 0 55.99999 0","6.72 124.1839 72.78001 107.9397 0 55.99999 0","6.76 124.1839 72.78001 107.9397 0 55.99999 0","6.8 124.1839 72.78001 107.9397 0 55.99999 0","6.84 124.1839 72.78001 107.9397 0 55.99999 0","6.88 124.1839 72.78001 107.9397 0 55.99999 0","6.92 124.615 72.78001 108.2305 0 55.99999 0","6.96 125.0461 72.78001 108.5213 0 55.99999 0","7 125.4772 72.78001 108.8121 0 55.99999 0","7.04 125.9083 72.78 109.1028 0 55.99999 0","7.08 126.3394 72.78001 109.3936 0 55.99999 0","7.12 126.7705 72.78001 109.6844 0 55.99999 0","7.16 127.2016 72.78001 109.9752 0 55.99999 0","7.2 127.6327 72.78 110.266 0 55.99999 0","7.24 128.0638 72.78001 110.5567 0 55.99999 0","7.28 128.4949 72.78001 110.8475 0 55.99999 0","7.32 128.926 72.78001 111.1383 0 55.99999 0","7.36 129.3571 72.78 111.4291 0 55.99999 0","7.4 129.7882 72.78001 111.7199 0 55.99999 0","7.44 130.2193 72.78001 112.0106 0 55.99999 0","7.48 130.6504 72.78001 112.3014 0 55.99999 0","7.52 131.0815 72.78001 112.5922 0 55.99999 0","7.56 131.5126 72.78001 112.883 0 55.99999 0","7.6 131.9437 72.78001 113.1738 0 55.99999 0","7.64 132.3748 72.78001 113.4645 0 55.99999 0","7.68 132.8059 72.78001 113.7553 0 55.99999 0","7.72 133.237 72.78 114.0461 0 55.99999 0","7.76 133.6681 72.78001 114.3369 0 55.99999 0","7.8 134.0992 72.78001 114.6277 0 55.99999 0","7.84 134.5303 72.78001 114.9184 0 55.99999 0","7.88 134.9614 72.78 115.2092 0 55.99999 0","7.92 135.3925 72.78001 115.5 0 55.99999 0","7.96 135.8236 72.78001 115.7908 0 55.99999 0","8 136.2547 72.78001 116.0816 0 55.99999 0","8.04 136.6858 72.78 116.3724 0 55.99999 0","8.08 137.1169 72.78001 116.6631 0 55.99999 0","8.12 137.548 72.78001 116.9539 0 55.99999 0","8.16 137.9791 72.78001 117.2447 0 55.99999 0","8.2 138.4102 72.78001 117.5355 0 55.99999 0","8.24 138.8413 72.78001 117.8262 0 55.99999 0","8.28 139.2617 72.78001 118.1317 0 51.99999 0","8.32 139.6095 72.78001 118.5179 0 39.99999 0","8.36 139.9437 72.78001 118.9163 0 39.99999 0","8.4 140.278 72.54647 119.3146 0 39.99999 0","8.44 140.6122 72.52293 119.7129 0 39.99999 0","8.48 140.9465 72.46799 120.1113 0 39.99999 0","8.52 141.2807 72.38167 120.5096 0 39.99999 0","8.559999 141.615 72.26395 120.908 0 39.99999 0","8.599999 141.9492 72.11483 121.3063 0 39.99999 0","8.639999 142.2835 71.93433 121.7047 0 39.99999 0","8.679999 142.6034 71.72243 122.1142 0 35.99999 0","8.72 142.8633 71.47915 122.5642 0 27.99999 0","8.76 143.0579 71.20447 123.0461 0 19.99999 0","8.8 143.1482 70.89839 123.5579 0 7.99999 0","8.84 143.1845 70.56093 124.0766 0 3.99999 0","8.88 143.2207 70.19208 124.5953 0 3.99999 0","8.92 143.257 69.79182 125.1141 0 3.99999 0","8.96 143.2933 69.36018 125.6328 0 3.99999 0","9 143.3296 68.89716 126.1515 0 3.99999 0","9.04 143.3658 68.40273 126.6703 0 3.99999 0","9.08 143.4021 67.87691 127.189 0 3.99999 0","9.12 143.4384 67.31971 127.7077 0 3.99999 0","9.16 143.4746 66.73111 128.2265 0 3.99999 0","9.2 143.5109 66.11111 128.7452 0 3.99999 0","9.24 143.5472 65.45973 129.2639 0 3.99999 0","9.28 143.5835 64.77695 129.7827 0 3.99999 0","9.32 143.6197 64.06279 130.3014 0 3.99999 0","9.36 143.656 63.31723 130.8201 0 3.99999 0","9.4 143.6923 62.54028 131.3389 0 3.99999 0","9.44 143.7286 