{"participantData":{"id":"Hannah"},"allTrialData":[{"trialNumber":0,"mapIndex":0,"mapName":"Persistent","maxTrialDuration":0.0,"movementTime":0.0,"timeStepTrackingData":[]},{"trialNumber":1,"mapIndex":1,"mapName":"StartScreen","maxTrialDuration":0.0,"movementTime":0.0,"timeStepTrackingData":[]},{"trialNumber":2,"mapIndex":3,"mapName":"tartarus1","maxTrialDuration":0.0,"movementTime":10.83560562133789,"timeStepTrackingData":["Time x-position y-position z-position x-rotation y-rotation z-rotation","4.92 195 72.78001 195 0 0 0","4.94 195 72.78001 195 0 0 0","4.98 195 72.78001 195 0 0 0","5.02 195 72.78001 195 0 0 0","5.06 195 72.78001 195 0 0 0","5.1 195 72.78001 195 0 0 0","5.14 195 72.78001 195 0 0 0","5.18 195 72.78001 195 0 0 0","5.22 195 72.78001 195 0 0 0","5.26 195 72.78001 195 0 0 0","5.3 195 72.78001 195 0 0 0","5.34 195 72.78001 195 0 0 0","5.38 195 72.78001 195 0 0 0","5.42 195 72.78001 195 0 0 0","5.46 195 72.78001 195 0 0 0","5.5 195 72.78001 195 0 0 0","5.54 195 72.78001 195 0 0 0","5.58 195 72.78001 195 0 0 0","5.62 195 72.78001 195 0 0 0","5.66 195 72.78001 195 0 0 0","5.7 195 72.78001 195 0 0 0","5.74 195 72.78001 195 0 0 0","5.78 195 72.78001 195 0 12 0","5.82 195 72.78001 195 0 30 0","5.86 195 72.78001 195 0 42 0","5.9 195 72.78001 195 0 60.00001 0","5.94 195 72.78001 195 0 72 0","5.98 195 72.78001 195 0 90 0","6.02 195 72.78001 195 0 102 0","6.06 195 72.78001 195 0 114 0","6.1 195 72.78001 195 0 132 0","6.14 195 72.78001 195 0 144 0","6.18 195 72.78001 195 0 162 0","6.22 195 72.78001 195 0 174 0","6.26 195 72.78001 195 0 186 0","6.3 195 72.78001 195 0 204 0","6.34 195 72.78001 195 0 216 0","6.38 195 72.78001 195 0 228 0","6.42 194.5541 72.78001 194.5985 0 228 0","6.46 194.1082 72.78001 194.197 0 228 0","6.5 193.6623 72.78 193.7956 0 228 0","6.54 193.2164 72.78001 193.3941 0 228 0","6.58 192.7139 72.78001 193.0677 0 240 0","6.62 192.1546 72.78001 192.853 0 252 0","6.66 191.5611 72.78001 192.7906 0 270 0","6.7 190.9644 72.78001 192.8534 0 276 0","6.74 190.3677 72.78001 192.9161 0 276 0","6.78 189.771 72.78 192.9788 0 276 0","6.82 189.1743 72.78001 193.0415 0 276 0","6.86 188.5775 72.78001 193.1042 0 276 0","6.9 187.9808 72.78001 193.167 0 276 0","6.94 187.3841 72.78001 193.2297 0 276 0","6.98 186.7874 72.78001 193.2924 0 276 0","7.02 186.1907 72.78 193.3551 0 276 0","7.06 185.594 72.78001 193.4178 0 276 0","7.1 184.9973 72.78001 193.4805 0 276 0","7.14 184.4006 72.78001 193.5433 0 276 0","7.18 183.8038 72.78001 193.606 0 276 0","7.22 183.2071 72.78001 193.6687 0 276 0","7.26 182.6104 72.78 193.7314 0 276 0","7.3 182.0137 72.78001 193.7941 0 276 0","7.34 181.417 72.78001 193.8568 0 276 0","7.38 180.8203 72.78001 193.9196 0 276 0","7.42 180.2236 72.78001 193.9823 0 276 0","7.46 179.6252 72.78001 193.9509 0 264 0","7.5 179.0383 72.78 193.8262 0 258 0","7.54 178.4514 72.78001 193.7014 0 258 0","7.58 177.8645 72.78001 193.5767 0 258 0","7.62 177.2776 72.78001 193.4519 0 258 0","7.66 176.6908 72.78001 193.3272 0 258 0","7.7 176.1039 72.78 193.2024 0 258 0","7.74 175.517 72.78 193.0777 0 258 0","7.78 174.9301 72.78001 192.9529 0 258 0","7.82 174.3432 72.78001 192.8282 0 258 0","7.86 173.7563 72.78001 192.7035 0 258 0","7.9 173.1694 72.78001 192.5787 0 258 0","7.94 172.5826 72.78 192.454 0 258 0","7.98 171.9957 72.78001 192.3292 0 258 0","8.02 171.4022 72.78001 192.2668 0 270 0","8.059999 170.8104 72.78001 192.3606 0 282 0","8.099999 170.2235 72.78001 192.4853 0 282 0","8.139999 169.6366 72.78001 192.6101 0 282 0","8.179999 169.0497 72.78 192.7348 0 282 0","8.22 168.4629 72.78001 192.8596 0 282 0","8.26 167.876 72.78001 192.9843 0 282 0","8.3 167.2891 72.78001 193.1091 0 282 0","8.34 166.7022 72.78001 193.2338 0 282 0","8.38 166.1153 72.78001 193.3586 0 282 0","8.42 165.5284 72.78 193.4833 0 282 0","8.46 164.9415 72.78001 193.608 0 282 0","8.5 164.3497 72.78001 193.7018 0 276 0","8.54 163.7497 72.78001 193.7018 0 270 0","8.58 163.1497 72.78001 193.7018 0 270 0","8.62 162.5497 72.78001 193.7018 0 270 0","8.66 161.9497 72.78 193.7018 0 270 0","8.7 161.3497 72.78001 193.7018 0 270 0","8.74 160.7497 72.78001 193.7018 0 270 0","8.78 160.1497 72.78001 193.7018 0 270 0","8.82 159.5497 72.78001 193.7018 0 270 0","8.86 158.9497 72.78001 193.7018 0 270 0","8.9 158.3497 72.78 193.7018 0 270 0","8.94 157.7497 72.78001 193.7018 0 270 0","8.98 157.1497 72.78001 193.7018 0 270 0","9.02 156.5497 72.78001 193.7018 0 270 0","9.059999 155.9497 72.78001 193.7018 0 270 0","9.099999 155.3497 72.78 193.7018 0 270 0","9.139999 154.7497 72.78001 193.7018 0 270 0","9.179999 154.1497 72.78001 193.7018 0 270 0","9.22 153.5497 72.78001 193.7018 0 270 0","9.26 152.9497 72.78001 193.7018 0 270 0","9.3 152.3497 72.78001 193.7018 0 270 0","9.34 151.7497 72.78 193.7018 0 270 0","9.38 151.1497 72.78001 193.7018 0 270 0","9.42 150.5497 72.78001 193.7018 0 270 0","9.46 149.9497 72.78001 193.7018 0 270 0","9.5 149.3497 72.78001 193.7018 0 270 0","9.54 148.7497 72.78001 193.7018 0 270 0","9.58 148.1497 72.78 193.7018 0 270 0","9.62 147.5497 72.78001 193.7018 0 270 0","9.66 146.9497 72.78001 193.7018 0 270 0","9.7 146.3497 72.78001 193.7018 0 270 0","9.74 145.7497 72.78001 193.7018 0 270 0","9.78 145.1497 72.78001 193.7018 0 270 0","9.82 144.5497 72.78 193.7018 0 270 0","9.86 143.9497 72.78001 193.7018 0 270 0","9.9 143.3497 72.78001 193.7018 0 270 0","9.94 142.7497 72.78001 193.7018 0 270 0","9.98 142.1497 72.78001 193.7018 0 270 0","10.02 141.5497 72.78001 193.7018 0 270 0","10.06 140.9497 72.78 193.7018 0 270 0","10.1 140.3497 72.78001 193.7018 0 270 0","10.14 139.7497 72.78001 193.7018 0 270 0","10.18 139.1497 72.78001 193.7018 0 270 0","10.22 138.5497 72.78001 193.7018 0 270 0","10.26 137.9497 72.78 193.7018 0 270 0","10.3 137.3497 72.78 193.7018 0 270 0","10.34 136.7497 72.78001 193.7018 0 270 0","10.38 136.1497 72.78001 193.7018 0 270 0","10.42 135.5497 72.78001 193.7018 0 270 0","10.46 134.9497 72.78001 193.7018 0 270 0","10.5 134.3497 72.78 193.7018 0 270 0","10.54 133.7497 72.78001 193.7018 0 270 0","10.58 133.1497 72.78001 193.7018 0 270 0","10.62 132.5497 72.78001 193.7018 0 270 0","10.66 131.9497 72.78001 193.7018 0 270 0","10.7 131.3497 72.78001 193.7018 0 270 0","10.74 130.7497 72.78 193.7018 0 270 0","10.78 130.1497 72.78001 193.7018 0 270 0","10.82 129.5497 72.78001 193.7018 0 270 0","10.86 128.9497 72.78001 193.7018 0 270 0","10.9 128.3497 72.78001 193.7018 0 270 0","10.94 127.7497 72.78001 193.7018 0 270 0","10.98 127.1497 72.78 193.7018 0 270 0","11.02 126.5497 72.78001 193.7018 0 270 0","11.06 125.9497 72.78001 193.7018 0 270 0","11.1 125.3497 72.78001 193.7018 0 270 0","11.14 124.7497 72.78001 193.7018 0 270 0","11.18 124.1497 72.78001 193.7018 0 270 0","11.22 123.5497 72.78 193.7018 0 270 0","11.26 122.9497 72.78001 193.7018 0 270 0","11.3 122.3497 72.78001 193.7018 0 270 0","11.34 121.7497 72.78001 193.7018 0 270 0","11.38 121.1497 72.78001 193.7018 0 270 0","11.42 120.5497 72.78001 193.7018 0 270 0","11.46 119.9497 72.78 193.7018 0 270 0","11.5 119.3497 72.78001 193.7018 0 270 0","11.54 118.7497 72.78001 193.7018 0 270 0","11.58 118.1497 72.78001 193.7018 0 270 0","11.62 117.5497 72.78001 193.7018 0 270 0","11.66 116.9497 72.78 193.7018 0 270 0","11.7 116.3497 72.78001 193.7018 0 270 0","11.74 115.7497 72.78001 193.7018 0 270 0","11.78 115.1497 72.78001 193.7018 0 270 0","11.82 114.5497 72.78001 193.7018 0 270 0","11.86 113.9497 72.78001 193.7018 0 270 0","11.9 113.3497 72.78 193.7018 0 270 0","11.94 112.7497 72.78001 193.7018 0 270 0","11.98 112.1579 72.78001 193.608 0 258 0","12.02 111.5985 72.78 193.3933 0 246 0","12.06 111.1158 72.78001 193.0426 0 228 0","12.1 110.7387 72.78001 192.5769 0 216 0","12.14 110.4387 72.78001 192.0573 0 210 0","12.18 110.1387 72.78001 191.5377 0 210 0","12.22 109.8387 72.78001 191.0181 0 210 0","12.26 109.5387 72.78001 190.4985 0 210 0","12.3 109.2387 72.78001 189.9789 0 210 0","12.34 108.9387 72.78001 189.4592 0 210 0","12.38 108.6387 72.78 188.9396 0 210 0","12.42 108.3387 72.78001 188.42 0 210 0","12.46 108.0387 72.78001 