{"participantData":{"id":"Hannah"},"allTrialData":[{"trialNumber":0,"mapIndex":0,"mapName":"Persistent","maxTrialDuration":0.0,"movementTime":0.0,"timeStepTrackingData":[]},{"trialNumber":1,"mapIndex":1,"mapName":"StartScreen","maxTrialDuration":0.0,"movementTime":0.0,"timeStepTrackingData":[]},{"trialNumber":2,"mapIndex":3,"mapName":"tartarus1","maxTrialDuration":0.0,"movementTime":0.0,"timeStepTrackingData":["Time x-position y-position z-position x-rotation y-rotation z-rotation","3.24 145 72.49215 155 0 0 0","3.26 145 72.47646 155 0 0 0","3.3 145 72.42152 155 0 0 0","3.34 145 72.33519 155 0 0 0","3.38 145 72.21747 155 0 0 0","3.42 145 72.06836 155 0 0 0","3.46 145 71.88786 155 0 0 0","3.5 145 71.67596 155 0 0 0","3.54 145 71.43267 155 0 0 0","3.58 145 71.15799 155 0 0 0","3.62 145 70.85192 155 0 0 0","3.66 145 70.51446 155 0 0 0","3.7 145 70.1456 155 0 0 0","3.74 145 69.74535 155 0 0 0","3.78 145 69.31371 155 0 0 0","3.82 145 68.85068 155 0 0 0","3.86 145 68.35625 155 0 0 0","3.9 145 67.83044 155 0 0 0","3.94 145 67.27323 155 0 0 0","3.98 145 66.68463 155 0 0 0","4.02 145 66.06464 155 0 0 0","4.06 145 65.41326 155 0 0 0","4.1 145 64.73048 155 0 0 0","4.14 145 64.01631 155 0 0 0","4.18 145 63.27076 155 0 0 0","4.22 145 62.4938 155 0 0 0","4.26 145 61.68546 155 0 0 0","4.3 145 60.84572 155 0 0 0","4.34 145 59.97459 155 0 0 0","4.38 145 59.07207 155 0 0 0","4.42 145 58.13816 155 0 0 0","4.46 145 57.17286 155 0 0 0","4.5 145 56.17616 155 0 0 0","4.54 145 55.14807 155 0 0 0","4.58 145 54.08859 155 0 0 0","4.62 145 52.99772 155 0 0 0","4.66 145 51.87545 155 0 0 0","4.7 145 50.7218 155 0 0 0","4.74 145 49.53675 155 0 0 0","4.78 145 48.32031 155 0 0 0","4.82 145 47.07248 155 0 0 0","4.86 145 45.79325 155 0 0 0","4.9 145 44.48264 155 0 0 0","4.94 145 43.14063 155 0 0 0","4.98 145 41.76722 155 0 0 0","5.02 145 40.36243 155 0 0 0","5.06 145 38.92625 155 0 0 0","5.1 145 37.45867 155 0 0 0","5.14 145 35.9597 155 0 0 0","5.18 145 34.42934 155 0 0 0"]},{"trialNumber":3,"mapIndex":3,"mapName":"tartarus1","maxTrialDuration":0.0,"movementTime":12.20986270904541,"timeStepTrackingData":["Time x-position y-position z-position x-rotation y-rotation z-rotation","5.22 195 72.78001 185 0 0 0","5.24 195 72.78001 185 0 0 0","5.28 195 72.78001 185 0 0 0","5.32 195 72.78001 185 0 0 0","5.36 195 72.78001 185 0 0 0","5.4 195 72.78001 185 0 0 0","5.44 195 72.78001 185 0 0 0","5.48 195 72.78001 185 0 0 0","5.52 195 72.78001 185 0 0 0","5.56 195 72.78001 185 0 0 0","5.6 195 72.78001 185 0 0 0","5.64 195 72.78001 185 0 0 0","5.68 195 72.78001 185 0 0 0","5.72 195 72.78001 185 0 0 0","5.76 195 72.78001 185 0 0 0","5.8 195 72.78001 185 0 0 0","5.84 195 72.78001 185 0 354 0","5.88 195 72.78001 185 0 342 0","5.92 195 72.78001 185 0 330 0","5.96 195 72.78001 185 0 312 0","6 195 72.78001 185 0 300 0","6.04 195 72.78001 185 0 282 0","6.08 195 72.78001 185 0 270 0","6.12 195 72.78001 185 0 270 0","6.16 195 72.78001 185 0 270 0","6.2 195 72.78001 185 0 270 0","6.24 195 72.78001 185 0 270 0","6.28 195 72.78001 185 0 270 0","6.32 195 72.78001 185 0 270 0","6.36 195 72.78001 185 0 270 0","6.4 195 72.78001 185 0 270 0","6.44 195 72.78001 185 0 264 0","6.48 195 72.78001 185 0 252 0","6.52 195 72.78001 185 0 234 0","6.56 195 72.78001 185 0 228 0","6.6 195 72.78001 185 0 228 0","6.64 195 72.78001 185 0 228 0","6.68 195 72.78001 185 0 228 0","6.72 195 72.78001 185 0 228 0","6.76 195 72.78001 185 0 228 0","6.8 194.7771 72.77939 184.7993 0 228 0","6.84 194.3312 72.78001 184.3978 0 228 0","6.88 193.8853 72.78001 183.9963 0 228 0","6.92 193.4394 72.78001 183.5948 0 228 0","6.96 192.9935 72.78001 183.1933 0 228 0","7 192.5476 72.78001 182.7919 0 228 0","7.04 192.1017 72.78001 182.3904 0 228 0","7.08 191.6559 72.78001 181.9889 0 228 0","7.12 191.21 72.78001 181.5874 0 228 0","7.16 190.7641 72.78 181.186 0 228 0","7.2 190.3404 72.78001 180.7623 0 222 0","7.24 190.0141 72.78001 180.2598 0 210 0","7.28 189.7993 72.78001 179.7004 0 198 0","7.32 189.6139 72.78 179.1297 0 198 0","7.36 189.4285 72.78001 178.5591 0 198 0","7.4 189.2431 72.78001 177.9885 0 198 0","7.44 189.0577 72.78001 177.4178 0 198 0","7.48 188.8723 72.78 176.8472 0 198 0","7.52 188.6869 72.78001 176.2766 0 198 0","7.56 188.5015 72.78001 175.7059 0 198 0","7.6 188.3161 72.78001 175.1353 0 198 0","7.64 188.1306 72.78001 174.5647 0 198 0","7.68 187.9452 72.78001 173.994 0 198 0","7.72 187.7598 72.78001 173.4234 0 198 0","7.76 187.6358 72.78001 172.8397 0 186 0","7.8 187.6671 72.78001 172.2414 0 174 0","7.84 187.7298 72.78 171.6447 0 174 0","7.88 187.7926 72.78001 171.0479 0 174 0","7.92 187.8553 72.78001 170.4512 0 174 0","7.96 187.918 72.78001 169.8545 0 174 0","8 187.9807 72.78001 169.2578 0 174 0","8.04 188.0434 72.78001 168.6611 0 174 0","8.08 188.0748 72.78 168.0627 0 180 0","8.12 187.981 72.78001 167.4709 0 192 0","8.16 187.7956 72.78 166.9003 0 198 0","8.2 187.6102 72.78001 166.3297 0 198 0","8.24 187.4248 72.78001 165.759 0 198 0","8.28 187.2394 72.78001 165.1884 0 198 0","8.32 187.054 72.78 164.6178 0 198 0","8.36 186.8686 72.78001 164.0471 0 198 0","8.4 186.6832 72.78001 163.4765 0 198 0","8.44 186.4978 72.78001 162.9059 0 198 0","8.48 186.3124 72.78 162.3352 0 198 0","8.52 186.127 72.78001 161.7646 0 198 0","8.559999 185.9415 72.78001 161.194 0 198 0","8.599999 185.7865 72.78001 160.6152 0 192 0","8.639999 185.7865 72.78001 160.0185 0 174 0","8.679999 185.8492 72.78 159.4218 0 174 0","8.72 185.9119 72.78 158.8251 0 174 0","8.76 185.9746 72.78001 158.2283 0 174 0","8.8 186.0373 72.78001 157.6316 0 174 0","8.84 186.1001 72.78001 157.0349 0 174 0","8.88 186.1628 72.78001 156.4382 0 174 0","8.92 186.2255 72.78 155.8415 0 174 0","8.96 186.2568 72.78001 155.2431 0 180 0","9 186.1631 72.78001 154.6513 0 192 0","9.04 185.9777 72.78 154.0807 0 198 0","9.08 185.7923 72.78001 153.5101 0 198 0","9.12 185.6069 72.78001 152.9394 0 198 0","9.16 185.4215 72.78001 152.3688 0 198 0","9.2 185.2361 72.78001 151.7982 0 198 0","9.24 185.0506 72.78001 151.2275 0 198 0","9.28 184.8652 72.78001 150.6569 0 198 0","9.32 184.6798 72.78001 150.0863 0 198 0","9.36 184.4944 72.78001 149.5156 0 198 0","9.4 184.309 72.78 148.945 0 198 0","9.44 184.1236 72.78001 148.3744 0 198 0","9.48 183.9382 72.78001 147.8037 0 198 0","9.52 183.7528 72.78001 147.2331 0 198 0","9.559999 183.5674 72.78 146.6625 0 198 0","9.599999 183.382 72.78001 146.0918 0 198 0","9.639999 183.1965 72.78001 145.5212 0 198 0","9.679999 183.0111 72.78001 144.9506 0 198 0","9.719999 182.8257 72.78 144.3799 0 198 0","9.76 182.6403 72.78001 143.8093 0 198 0","9.8 182.4549 72.78001 143.2387 0 198 0","9.84 182.2695 72.78001 142.668 0 198 0","9.88 182.0841 72.77979 142.0974 0 198 0","9.92 181.8987 72.78 141.5268 0 198 0","9.96 181.7133 72.78001 140.9561 0 198 0","10 181.5279 72.78001 140.3855 0 198 0","10.04 181.3425 72.78001 139.8149 0 198 0","10.08 181.157 72.78 139.2442 0 198 0","10.12 180.9716 72.78001 138.6736 0 198 0","10.16 180.6996 72.78001 138.1397 0 210 0","10.2 180.2759 72.78001 137.716 0 228 0","10.24 179.7905 72.78 137.3634 0 234 0","10.28 179.3051 72.78001 137.0107 0 234 0","10.32 178.8197 72.78001 136.658 0 234 0","10.36 178.3343 72.78001 136.3054 0 234 0","10.4 177.8489 72.78001 135.9527 0 234 0","10.44 177.3635 72.78001 135.6 0 234 0","10.48 176.8781 72.78001 135.2473 0 234 0","10.52 176.3926 72.78001 134.8947 0 234 0","10.56 175.9072 72.78001 134.542 0 234 0","10.6 175.4218 72.78 134.1893 0 234 0","10.64 174.9193 72.78001 133.863 0 240 0","10.68 174.3405 72.78001 133.7079 0 258 0","10.72 173.7537 72.78001 133.5832 0 258 0","10.76 173.1668 72.78 133.4584 0 258 0","10.8 172.5799 72.78001 133.3337 0 258 0","10.84 171.993 72.78001 133.2089 0 258 0","10.88 171.4061 72.78001 133.0842 0 258 0","10.92 170.8192 72.78001 132.9594 0 258 0","10.96 170.2323 72.78001 132.8347 0 258 0","11 169.6454 72.78 132.7099 0 258 0","11.04 169.0585 72.78001 132.5852 0 258 0","11.08 168.4717 72.78001 132.4604 0 258 0","11.12 167.8848 72.78001 132.3357 0 258 0","11.16 167.2979 72.78001 132.2109 0 258 0","11.2 