{"participantData":{"id":"G"},"allTrialData":[{"trialNumber":0,"mapIndex":0,"mapName":"Persistent","maxTrialDuration":0.0,"timeStepTrackingData":[]},{"trialNumber":1,"mapIndex":1,"mapName":"StartScreen","maxTrialDuration":0.0,"timeStepTrackingData":[]},{"trialNumber":2,"mapIndex":3,"mapName":"tartarus1","maxTrialDuration":0.0,"timeStepTrackingData":["Time x-position y-position z-position x-rotation y-rotation z-rotation","2.16 195 72.78001 195 0 0 0","2.18 195 72.78001 195 0 0 0","2.22 195 72.78001 195 0 0 0","2.26 195 72.78001 195 0 0 0","2.3 195 72.78001 195 0 0 0","2.34 195 72.78001 195 0 0 0","2.38 195 72.78001 195 0 0 0","2.42 195 72.78001 195 0 0 0","2.46 195 72.78001 195 0 0 0","2.5 195 72.78001 195 0 18 0","2.54 195 72.78001 195 0 30 0","2.58 195 72.78001 195 0 48 0","2.62 195 72.78001 195 0 60.00001 0","2.66 195 72.78001 195 0 72 0","2.7 195 72.78001 195 0 90 0","2.74 195 72.78001 195 0 102 0","2.78 195 72.78001 195 0 120 0","2.82 195 72.78001 195 0 132 0","2.86 195 72.78001 195 0 144 0","2.9 195 72.78001 195 0 162 0","2.94 195 72.78001 195 0 174 0","2.98 194.9686 72.78 194.4016 0 186 0","3.02 194.9059 72.78001 193.8049 0 186 0","3.06 194.8432 72.78001 193.2082 0 186 0","3.1 194.7805 72.78001 192.6115 0 186 0","3.14 194.7178 72.78001 192.0148 0 186 0","3.18 194.6551 72.78001 191.4181 0 186 0","3.22 194.5923 72.78 190.8214 0 186 0","3.26 194.5296 72.78001 190.2247 0 186 0","3.3 194.4669 72.78001 189.6279 0 186 0","3.34 194.4042 72.78001 189.0312 0 186 0","3.38 194.3415 72.78001 188.4345 0 186 0","3.42 194.2787 72.78001 187.8378 0 186 0","3.46 194.216 72.78 187.2411 0 186 0","3.5 194.1533 72.78001 186.6444 0 186 0","3.54 194.0906 72.78001 186.0477 0 186 0","3.58 194.0279 72.78001 185.4509 0 186 0","3.62 193.9652 72.78001 184.8542 0 186 0","3.66 193.9025 72.78001 184.2575 0 186 0","3.7 193.8397 72.78 183.6608 0 186 0","3.74 193.777 72.78001 183.0641 0 186 0","3.78 193.7143 72.78001 182.4674 0 186 0","3.82 193.6516 72.78001 181.8707 0 186 0","3.86 193.5889 72.78001 181.274 0 186 0","3.9 193.5261 72.78 180.6772 0 186 0","3.94 193.4634 72.78 180.0805 0 186 0","3.98 193.4007 72.78001 179.4838 0 186 0","4.02 193.338 72.78001 178.8871 0 186 0","4.06 193.2753 72.78001 178.2904 0 186 0","4.1 193.2126 72.78001 177.6937 0 186 0","4.14 193.1498 72.78 177.097 0 186 0"]},{"trialNumber":3,"mapIndex":4,"mapName":"tartarus2","maxTrialDuration":0.0,"timeStepTrackingData":["Time x-position y-position z-position x-rotation y-rotation z-rotation","4.16 195 72.78001 195 0 0 0","4.18 195 72.78001 195 0 0 0","4.22 195 72.78 195 0 0 0","4.26 195 72.78 195 0 0 0","4.3 195 72.78 195 0 6 0","4.34 195 72.78 195 0 24 0","4.38 195 72.78 195 0 36 0","4.42 195 72.78 195 0 48 0","4.46 195 72.78 195 0 66 0","4.5 195 72.78 195 0 78.00001 0","4.54 195 72.78 195 0 96.00001 0","4.58 195 72.78 195 0 108 0","4.62 195 72.78 195 0 120 0","4.66 195 72.78 195 0 138 0","4.7 195 72.78 195 0 150 0","4.74 195.0624 72.78001 194.7066 0 168 0","4.78 195.1871 72.78001 194.1197 0 168 0","4.82 195.3119 72.78 193.5328 0 168 0","4.86 195.4366 72.78001 192.9459 0 168 0","4.9 195.5614 72.78001 192.359 0 168 0","4.94 195.6861 72.78001 191.7721 0 168 0","4.98 195.8109 72.78001 191.1852 0 168 0","5.02 195.9356 72.78001 190.5983 0 168 0","5.06 196.0603 72.78 190.0114 0 168 0","5.1 196.1851 72.78001 189.4246 0 168 0","5.14 196.3098 72.78001 188.8377 0 168 0","5.18 196.4346 72.78001 188.2508 0 168 0","5.22 196.5593 72.78001 187.6639 0 168 0","5.26 196.6841 72.78001 187.077 0 168 0","5.3 196.8088 72.78 186.4901 0 168 0","5.34 196.9336 72.78001 185.9032 0 168 0","5.38 197.0583 72.78001 185.3163 0 168 0","5.42 197.1831 72.78001 184.7294 0 168 0","5.46 197.2768 72.78001 184.1376 0 174 0","5.5 197.2144 72.78001 183.5442 0 192 0","5.54 197.029 72.78001 182.9736 0 198 0","5.58 196.8436 72.78001 182.4029 0 198 0","5.62 196.6582 72.78001 181.8323 0 198 0","5.66 196.4728 72.78 181.2617 0 198 0","5.7 196.2874 72.78001 180.691 0 198 0","5.74 196.102 72.78001 180.1204 0 198 0","5.78 195.9165 72.78001 179.5498 0 198 0","5.82 195.7311 72.78 178.9791 0 198 0","5.86 195.5457 72.78001 178.4085 0 198 0","5.9 195.3603 72.78001 177.8379 0 198 0","5.94 195.1749 72.78001 177.2672 0 198 0","5.98 194.9895 72.78 176.6966 0 198 0","6.02 194.8041 72.78001 176.126 0 198 0","6.06 194.6187 72.78001 175.5553 0 198 0","6.1 194.4333 72.78001 174.9847 0 198 0","6.14 194.2479 72.78001 174.4141 0 198 0","6.18 194.0625 72.78001 173.8434 0 198 0","6.22 193.877 72.78001 173.2728 0 198 0","6.26 193.6916 72.78001 172.7022 0 198 0","6.3 193.5062 72.78001 172.1315 0 198 0","6.34 193.3208 72.78 171.5609 0 198 0","6.38 193.1354 72.78001 170.9903 0 198 0","6.42 192.95 72.78001 170.4196 0 198 0","6.46 192.7646 72.78001 169.849 0 198 0","6.5 192.6095 72.78001 169.2702 0 192 0","6.54 192.5781 72.78001 168.6719 0 180 0","6.58 192.7332 72.78001 168.0931 0 162 0","6.62 193.0052 72.78001 167.5592 0 150 0","6.66 193.3579 72.78001 167.0738 0 144 0","6.7 193.7106 72.78 166.5884 0 144 0","6.74 194.0632 72.78001 166.103 0 144 0","6.78 194.4159 72.78001 165.6176 0 144 0","6.82 194.7686 72.78001 165.1322 0 144 0","6.86 195.1213 72.78001 164.6468 0 144 0","6.9 195.4739 72.78 164.1614 0 144 0","6.94 195.8003 72.78001 163.6589 0 150 0","6.98 195.9554 72.78001 163.0801 0 168 0","7.02 196.0181 72.78001 162.4834 0 174 0","7.06 196.0808 72.78001 161.8867 0 174 0","7.1 196.1435 72.78001 161.29 0 174 0","7.14 196.2062 72.78 160.6932 0 174 0","7.18 196.2689 72.78001 160.0965 0 174 0","7.22 196.3316 72.78001 159.4998 0 174 0","7.26 196.3944 72.78001 158.9031 0 174 0","7.3 196.4571 72.78001 158.3064 0 174 0","7.34 196.5198 72.78001 157.7097 0 174 0","7.38 196.5825 72.78 157.113 0 174 0","7.42 196.6452 72.78001 156.5163 0 174 0","7.46 196.708 72.78001 155.9195 0 174 0","7.5 196.7707 72.78001 155.3228 0 174 0","7.54 196.8334 72.78001 154.7261 0 174 0","7.58 196.8961 72.78001 154.1294 0 174 0","7.62 196.9588 72.78 153.5327 0 174 0","7.66 197.0215 72.78001 152.936 0 174 0","7.7 197.0843 72.78001 152.3393 0 174 0","7.74 197.147 72.78001 151.7425 0 174 0","7.78 197.2097 72.78001 151.1458 0 174 0","7.82 197.2724 72.78001 150.5491 0 174 0","7.86 197.3351 72.78 149.9524 0 174 0"]},{"trialNumber":4,"mapIndex":5,"mapName":"tartarus3","maxTrialDuration":0.0,