{"participantData":{"id":"wewe"},"allTrialData":[{"trialNumber":0,"mapIndex":0,"mapName":"Persistent","maxTrialDuration":0.0,"movementTime":0.0,"timeStepTrackingData":[]},{"trialNumber":1,"mapIndex":1,"mapName":"StartScreen","maxTrialDuration":0.0,"movementTime":0.0,"timeStepTrackingData":[]},{"trialNumber":2,"mapIndex":3,"mapName":"tartarus1","maxTrialDuration":0.0,"movementTime":0.0,"timeStepTrackingData":["Time x-position y-position z-position x-rotation y-rotation z-rotation","1.94 155 72.78001 165 0 0 0","1.96 155 72.78001 165 0 0 0","2 155 72.78001 165 0 0 0","2.04 155 72.78001 165 0 0 0","2.08 155 72.78001 165 0 0 0","2.12 155 72.78001 165 0 0 0","2.16 155 72.78001 165 0 0 0","2.2 155 72.78001 165 0 0 0","2.24 155 72.78001 165 0 0 0","2.28 155 72.78001 165 0 0 0","2.32 155 72.78001 165 0 0 0","2.36 155 72.78001 165 0 0 0","2.4 155 72.78001 165 0 0 0","2.44 155 72.78001 165 0 0 0","2.48 155 72.78001 165 0 0 0","2.52 155 72.78001 165 0 0 0","2.56 155 72.78001 165 0 0 0","2.6 155 72.78001 165 0 0 0","2.64 155 72.78001 165 0 0 0","2.68 155 72.78001 165 0 0 0","2.72 155 72.78001 165 0 0 0","2.76 155 72.78001 165 0 0 0","2.8 155 72.78001 165 0 0 0","2.84 155 72.78001 165 0 0 0","2.88 155 72.78001 165 0 0 0","2.92 155 72.78001 165 0 0 0","2.96 155 72.78001 165 0 12 0","3 155 72.78001 165 0 30 0","3.04 155 72.78001 165 0 42 0","3.08 155 72.78001 165 0 60.00001 0","3.12 155 72.78001 165 0 72 0","3.16 155 72.78001 165 0 90 0","3.2 155 72.78001 165 0 102 0","3.24 155 72.78001 165 0 114 0","3.28 155 72.78001 165 0 132 0","3.32 155 72.78001 165 0 144 0","3.36 155.0927 72.78001 164.7147 0 162 0","3.4 155.2781 72.78001 164.144 0 162 0","3.44 155.4635 72.78001 163.5734 0 162 0","3.48 155.6489 72.78001 163.0028 0 162 0","3.52 155.8344 72.78 162.4321 0 162 0","3.56 156.0198 72.78001 161.8615 0 162 0","3.6 156.2052 72.78001 161.2909 0 162 0","3.64 156.3906 72.78001 160.7202 0 162 0","3.68 156.576 72.78001 160.1496 0 162 0","3.72 156.7614 72.78 159.579 0 162 0","3.76 157.0877 72.78001 159.0765 0 144 0","3.8 157.5114 72.78001 158.6528 0 132 0","3.84 157.7541 72.78001 158.4764 0 114 0","3.88 157.7541 72.78001 158.4764 0 102 0","3.92 157.7541 72.78001 158.4764 0 90.00001 0","3.96 157.7541 72.78001 158.4764 0 72.00002 0","4 157.7541 72.78001 158.4764 0 60.00001 0","4.04 158.1976 72.78001 158.8757 0 42 0","4.08 158.5239 72.78001 159.3782 0 30.00001 0","4.12 158.8239 72.78001 159.8979 0 30.00001 0","4.16 159.1239 72.78 160.4175 0 30.00001 0","4.2 159.4239 72.78001 160.9371 0 30.00001 0","4.24 159.7239 72.78001 161.4567 0 30.00001 0","4.28 160.0239 72.78001 161.9763 0 30.00001 0","4.32 160.3239 72.78 162.4959 0 30.00001 0","4.36 160.6239 72.78001 163.0155 0 30.00001 0","4.4 160.9239 72.78001 163.5352 0 30.00001 0","4.44 161.2239 72.78001 164.0548 0 30.00001 0","4.48 161.5239 72.78 164.5744 0 30.00001 0","4.52 161.8239 72.78001 165.094 0 30.00001 0","4.56 162.1239 72.78001 165.6136 0 30.00001 0","4.6 162.4239 72.78001 166.1332 0 30.00001 0","4.64 162.7239 72.78001 166.6528 0 30.00001 0","4.68 163.0239 72.78001 167.1725 0 30.00001 0","4.72 163.2959 72.78001 167.7063 0 24 0","4.76 163.451 72.78001 168.2851 0 12 0","4.8 163.5757 72.78001 168.872 0 12 0","4.84 163.7005 72.78 169.4589 0 12 0","4.88 163.8252 72.78001 170.0458 0 12 0","4.92 163.95 72.78001 170.6326 0 12 0","4.96 164.0747 72.78001 171.2195 0 12 0","5 164.1995 72.78001 171.8064 0 12 0","5.04 164.3242 72.78001 172.3933 0 12 0","5.08 164.449 72.78 172.9802 0 12 0","5.12 164.5737 72.78001 173.5671 0 12 0","5.16 164.6985 72.78001 174.154 0 12 0","5.2 164.8232 72.78001 174.7409 0 12 0","5.24 164.948 72.78001 175.3278 0 12 0","5.28 165.0727 72.78001 175.9146 0 12 0","5.32 165.1975 72.78 176.5015 0 12 0","5.36 165.3222 72.78001 177.0884 0 12 0","5.4 165.4469 72.78001 177.6753 0 12 0","5.44 165.5717 72.78001 178.2622 0 12 0","5.48 165.6964 72.78001 178.8491 0 12 0","5.52 165.8212 72.78001 179.436 0 12 0","5.56 165.9459 72.78 180.0229 0 12 0","5.6 166.0707 72.78001 180.6098 0 12 0","5.64 166.1954 72.78001 181.1966 0 12 0","5.68 166.3202 72.78001 181.7835 0 12 0","5.72 166.4449 72.78001 182.3704 0 12 0","5.76 166.5697 72.78001 182.9573 0 12 0","5.8 166.6944 72.78 183.5442 0 12 0","5.84 166.8192 72.78001 184.1311 0 12 0","5.88 166.9439 72.78001 184.718 0 12 0","5.92 167.0687 72.78001 185.3049 0 12 0","5.96 167.1934 72.78001 185.8918 0 12 0","6 167.3182 72.78 186.4786 0 12 0","6.04 167.4429 72.78001 187.0655 0 12 0","6.08 167.5677 72.78001 187.6524 0 12 0","6.12 167.6924 72.78001 188.2393 0 12 0","6.16 167.8171 72.78001 188.8262 0 12 0","6.2 167.9419 72.78001 189.4131 0 12 0","6.24 168.0666 72.78 190 0 12 0","6.28 168.1914 72.78001 190.5869 0 12 0","6.32 168.3161 72.78001 191.1738 0 12 0","6.36 168.4409 72.78001 191.7606 0 12 0","6.4 168.5656 72.78001 192.3475 0 12 0","6.44 168.6904 72.78001 192.9344 0 12 0","6.48 168.8151 72.78 193.5213 0 12 0","6.52 168.9399 72.78001 194.1082 0 12 0","6.56 169.0646 72.78001 194.6951 0 12 0","6.6 169.1894 72.78001 195.282 0 12 0","6.64 169.3141 72.78001 195.8689 0 12 0","6.68 169.4389 72.78001 196.4557 0 12 0","6.72 169.5636 72.78 197.0426 0 12 0","6.76 169.6884 72.78001 197.6295 0 12 0","6.8 169.8131 72.78001 198.2164 0 12 0","6.84 169.9379 72.78001 198.8033 0 12 0","6.88 170.0626 72.78001 199.3902 0 12 0","6.92 170.1873 72.78001 199.9771 0 12 0","6.96 170.3121 72.57215 200.564 0 12 0","7 170.4368 72.53291 201.1509 0 12 0","7.04 170.5616 72.46228 201.7377 0 12 0","7.08 170.6863 72.36026 202.3246 0 12 0","7.12 170.8111 72.22684 202.9115 0 12 0","7.16 170.9358 72.06203 203.4984 0 12 0","7.2 171.0606 71.86584 204.0853 0 12 0","7.24 171.1853 71.63824 204.6722 0 12 0","7.28 171.3101 71.37926 205.2591 0 12 0","7.32 171.4348 71.08888 205.846 0 12 0","7.36 171.5596 70.76711 206.4328 0 12 0","7.4 171.6843 70.41396 207.0197 0 12 0","7.44 171.8091 70.0294 207.6066 0 12 0","7.48 171.8091 69.61346 207.6066 0 12 0","7.52 171.8091 69.16612 207.6066 0 18 0","7.56 171.8091 68.68739 207.6066 0 30.00001 0","7.6 171.8091 68.17728 207.6066 0 48.00001 0","7.64 171.8091 67.63577 207.6066 0 60.00001 0","7.68 171.8091 67.06286 207.6066 0 72.00002 0","7.72 171.8091 66.45856 207.6066 0 84.00002 0","7.76 171.8091 65.82288 207.6066 0 84.00002 0","7.8 171.8091 65.1558 207.6066 0 84.00002 0","7.84 171.8091 64.45733 207.6066 0 84.00002 0","7.88 171.8091 63.72746 207.6066 0 84.00002 0","7.92 171.8091 62.96621 207.6066 0 84.00002 0","7.96 171.8091 62.17356 207.6066 0 84.00002 0","8 171.8091 61.34952 207.6066 0 84.00002 0","8.04 171.8091 60.49408 207.6066 0 84.00002 0","8.08 171.8091 59.60726 207.6066 0 84.00002 0","8.12 171.8091 58.68904 207.6066 0 84.00002 0","8.16 171.8091 57.73944 207.6066 0 84.00002 0","8.2 171.8091 56.75843 207.6066 0 84.00002 0","8.24 171.8091 55.74604 207.6066 0 84.00002 0","8.28 171.8091 54.70226 207.6066 0 84.00002 0","8.32 171.8091 53.62708 207.6066 0 84.00002 0","8.36 171.8091 52.52052 207.6066 0 84.00002 0","8.4 171.8091 51.38255 207.6066 0 84.00002 0","8.44 171.8091 50.2132 207.6066 0 84.00002 0","8.48 171.8091 49.01245 207.6066 0 84.00002 0","8.52 171.8091 47.78032 207.6066 0 84.00002 0","8.559999 171.8091 46.51679 207.6066 0 84.00002 0","8.599999 171.8091 45.22187 207.6066 0 84.00002 0","8.639999 171.8091 43.89556 207.6066 0 84.00002 0","8.679999 171.8091 42.53785 207.6066 0 84.00002 0","8.72 171.8091 41.14875 207.6066 0 84.00002 0","8.76 171.8091 39.72827 207.6066 0 84.00002 0","8.8 171.8091 38.27639 207.6066 0 84.00002 0","8.84 171.8091 36.79311 207.6066 0 84.00002 0","8.88 171.8091 35.27845 207.6066 0 84.00002 0","8.92 171.8091 33.7324 207.6066 0 84.00002 0"]},{"trialNumber":0,"mapIndex":0,"mapName":"","maxTrialDuration":0.0,"movementTime":0.0,"timeStepTrackingData":[]},{"trialNumber":0,"mapIndex":0,"mapName":"","maxTrialDuration":0.0,"movementTime":0.0,"timeStepTrackingData":[]},{"trialNumber":0,"mapIndex":0,"mapName":"","maxTrialDuration":0.0,"movementTime":0.0,"timeStepTrackingData":[]},{"trialNumber":0,"mapIndex":0,"mapName":"","maxTrialDuration":0.0,"movementTime":0.0,