{"participantData":{"id":"Hannah"},"allTrialData":[{"trialNumber":0,"mapIndex":0,"mapName":"Persistent","maxTrialDuration":0.0,"timeStepTrackingData":[]},{"trialNumber":1,"mapIndex":1,"mapName":"StartScreen","maxTrialDuration":0.0,"timeStepTrackingData":[]},{"trialNumber":2,"mapIndex":3,"mapName":"tartarus1","maxTrialDuration":0.0,"timeStepTrackingData":["Time x-position y-position z-position x-rotation y-rotation z-rotation","4.098874 195 72.5 195 0 0 0","4.12 195 72.78001 195 0 0 0","4.16 195 72.78001 195 0 0 0","4.2 195 72.78001 195 0 0 0","4.24 195 72.78001 195 0 0 0","4.28 195 72.78001 195 0 0 0","4.32 195 72.78001 195 0 0 0","4.36 195 72.78001 195 0 0 0","4.4 195 72.78001 195 0 0 0","4.44 195 72.78001 195 0 0 0","4.48 195 72.78001 195 0 0 0","4.52 195 72.78001 195 0 0 0","4.56 195 72.78001 195 0 0 0","4.6 195 72.78001 195 0 0 0","4.64 195 72.78001 195 0 0 0","4.68 195 72.78001 195 0 0 0","4.72 195 72.78001 195 0 0 0","4.76 195 72.78001 195 0 12 0","4.8 195 72.78001 195 0 24 0","4.84 195 72.78001 195 0 42 0","4.88 195 72.78001 195 0 54 0","4.92 195 72.78001 195 0 72 0","4.96 195 72.78001 195 0 84 0","5 195 72.78001 195 0 96.00001 0","5.04 195 72.78001 195 0 114 0","5.08 195 72.78001 195 0 126 0","5.12 195.2007 72.78001 194.7771 0 138 0","5.16 195.6022 72.78001 194.3312 0 138 0","5.2 196.0037 72.78001 193.8853 0 138 0","5.24 196.4052 72.78001 193.4394 0 138 0","5.28 196.8067 72.78 192.9935 0 138 0","5.32 197.2081 72.78001 192.5476 0 138 0","5.36 197.6096 72.78001 192.1017 0 138 0","5.4 198.0111 72.78001 191.6559 0 138 0","5.44 198.4126 72.78001 191.21 0 138 0","5.48 198.7896 72.78 190.7443 0 144 0","5.52 199.0044 72.78001 190.1849 0 162 0","5.56 199.0981 72.78001 189.5931 0 174 0","5.6 199.0667 72.78001 188.9948 0 186 0","5.64 199.004 72.78001 188.3981 0 186 0","5.68 198.9413 72.78001 187.8013 0 186 0","5.72 198.8786 72.78 187.2046 0 186 0","5.76 198.8159 72.78001 186.6079 0 186 0","5.8 198.7532 72.78001 186.0112 0 186 0","5.84 198.6904 72.78001 185.4145 0 186 0","5.88 198.6277 72.78001 184.8178 0 186 0","5.92 198.565 72.78001 184.2211 0 186 0","5.96 198.5023 72.78 183.6244 0 186 0","6 198.4396 72.78001 183.0276 0 186 0","6.04 198.3768 72.78001 182.4309 0 186 0","6.08 198.3141 72.78001 181.8342 0 186 0","6.12 198.2514 72.78001 181.2375 0 186 0","6.16 198.1887 72.78001 180.6408 0 186 0","6.2 198.126 72.78 180.0441 0 186 0","6.24 198.0633 72.78001 179.4474 0 186 0","6.28 198.0005 72.78001 178.8506 0 186 0","6.32 197.9378 72.78001 178.2539 0 186 0","6.36 197.8751 72.78001 177.6572 0 186 0","6.4 197.8124 72.78001 177.0605 0 186 0","6.44 197.7497 72.78 176.4638 0 186 0","6.48 197.687 72.78001 175.8671 0 186 0","6.52 197.6242 72.78001 175.2704 0 186 0","6.56 197.5615 72.78001 174.6737 0 186 0","6.6 197.5302 72.78001 174.3753 0 186 0","6.64 197.5302 72.78 174.3753 0 186 0","6.68 197.5302 72.78 174.3753 0 186 0"]},{"trialNumber":3,"mapIndex":4,"mapName":"tartarus2","maxTrialDuration":0.0,"timeStepTrackingData":["Time x-position y-position z-position x-rotation y-rotation z-rotation","6.7 195 72.78001 195 0 0 0","6.72 195 72.78001 195 0 0 0","6.76 195 72.78 195 0 0 0","6.8 195 72.78 195 0 0 0","6.84 195 72.78 195 0 0 0","6.88 195 72.78 195 0 0 0","6.92 195 72.78 195 0 0 0","6.96 195 72.78 195 0 0 0","7 195 72.78 195 0 0 0","7.04 195 72.78 195 0 6 0","7.08 195 72.78 195 0 24 0","7.12 195 72.78 195 0 36 0","7.16 195 72.78 195 0 54 0","7.2 195 72.78 195 0 66 0","7.24 195 72.78 195 0 78.00001 0","7.28 195 72.78 195 0 96.00001 0","7.32 195 72.78 195 0 108 0","7.36 195 72.78 195 0 126 0","7.4 195 72.78 195 0 138 0","7.44 195 72.78 195 0 150 0","7.48 195 72.78 195 0 168 0","7.52 195 72.78 195 0 180 0","7.56 195 72.78 195 0 198 0","7.6 195 72.78 195 0 210 0","7.64 194.7993 72.78001 194.7771 0 222 0","7.68 194.3978 72.78001 194.3312 0 222 0","7.72 193.9963 72.78 193.8853 0 222 0","7.76 193.5948 72.78001 193.4394 0 222 0","7.8 193.1933 72.78001 192.9935 0 222 0","7.84 192.7919 72.78001 192.5476 0 222 0","7.88 192.3904 72.78 192.1017 0 222 0","7.92 191.9889 72.78001 191.6559 0 222 0","7.96 191.5874 72.78001 191.21 0 222 0","8 191.186 72.78001 190.7641 0 222 0","8.04 190.7032 72.78 190.4133 0 240 0","8.08 190.1438 72.78001 190.1986 0 252 0","8.12 189.5732 72.78001 190.0132 0 252 0","8.16 189.0025 72.78001 189.8278 0 252 0","8.2 188.4319 72.78001 189.6424 0 252 0","8.24 187.8613 72.78001 189.457 0 252 0","8.28 187.2906 72.78001 189.2716 0 252 0","8.32 186.72 72.78001 189.0862 0 252 0","8.36 186.1494 72.78001 188.9007 0 252 0","8.4 185.5788 72.78 188.7153 0 252 0","8.44 185.0081 72.78001 188.5299 0 252 0","8.48 184.4375 72.78001 188.3445 0 252 0","8.52 183.8669 72.78001 188.1591 0 252 0","8.559999 183.2962 72.78 187.9737 0 252 0","8.599999 182.7256 72.78001 187.7883 0 252 0","8.639999 182.155 72.78001 187.6029 0 252 0","8.679999 181.5843 72.78001 187.4175 0 252 0","8.72 181.0137 72.78 187.2321 0 252 0","8.76 180.443 72.78001 187.0466 0 252 0","8.8 179.8724 72.78001 186.8612 0 252 0","8.84 179.8724 72.78 186.8612 0 252 0","8.88 179.8724 72.78 186.8612 0 252 0"]},{"trialNumber":0,"mapIndex":0,"mapName":"","maxTrialDuration":0.0,"timeStepTrackingData":[]},{"trialNumber":0,"mapIndex":0,"mapName":"","maxTrialDuration":0.0,"timeStepTrackingData":[]},{"trialNumber":0,"mapIndex":0,"mapName":"","maxTrialDuration":0.0,"timeStepTrackingData":[]},{"trialNumber":0,"mapIndex":0,"mapName":"","maxTrialDuration":0.0,"timeStepTrackingData":[]},{"trialNumber":0,"mapIndex":0,"mapName":"","maxTrialDuration":0.0,"timeStepTrackingData":[]},{"trialNumber":0,"mapIndex":0,"mapName":"","maxTrialDuration":0.0,"timeStepTrackingData":[]},{"trialNumber":0,"mapIndex":0,"mapName":"","maxTrialDuration":0.0,"timeStepTrackingData":[]},{"trialNumber":0,"mapIndex":0,"mapName":"","maxTrialDuration":0.0,"timeStepTrackingData":[]},{"trialNumber":0,"mapIndex":0,"mapName":"","maxTrialDuration":0.0,"timeStepTrackingData":[]},{"trialNumber":0,"mapIndex":0,"mapName":"","maxTrialDuration":0.0,"timeStepTrackingData":[]},{"trialNumber":0,"mapIndex":0,"mapName":"","maxTrialDuration":0.0,"timeStepTrackingData":[]},{"trialNumber":0,"mapIndex":0,"mapName":"","maxTrialDuration":0.0,"timeStepTrackingData":[]},{"trialNumber":0,"mapIndex":0,"mapName":"","maxTrialDuration":0.0,"timeStepTrackingData":[]},{"trialNumber":0,"mapIndex":0,"mapName":"","maxTrialDuration":0.0,"timeStepTrackingData":[]},{"trialNumber":0,"mapIndex":0,"mapName":"","maxTrialDuration":0.0,"timeStepTrackingData":[]},{"trialNumber":0,"mapIndex":0,"mapName":"","maxTrialDuration":0.0,"timeStepTrackingData":[]}]}