{"participantData":{"id":"Hannah"},"allTrialData":[{"trialNumber":0,"mapIndex":0,"mapName":"Persistent","maxTrialDuration":0.0,"movementTime":0.0,"timeStepTrackingData":[]},{"trialNumber":1,"mapIndex":1,"mapName":"StartScreen","maxTrialDuration":0.0,"movementTime":0.0,"timeStepTrackingData":[]},{"trialNumber":2,"mapIndex":3,"mapName":"tartarus1","maxTrialDuration":0.0,"movementTime":10.217052459716797,"timeStepTrackingData":["Time x-position y-position z-position x-rotation y-rotation z-rotation","3.4 195 72.78001 185 0 0 0","3.42 195 72.78001 185 0 0 0","3.46 195 72.78001 185 0 0 0","3.5 195 72.78001 185 0 0 0","3.54 195 72.78001 185 0 0 0","3.58 195 72.78001 185 0 0 0","3.62 195 72.78001 185 0 0 0","3.66 195 72.78001 185 0 0 0","3.7 195 72.78001 185 0 0 0","3.74 195 72.78001 185 0 0 0","3.78 195 72.78001 185 0 0 0","3.82 195 72.78001 185 0 0 0","3.86 195 72.78001 185 0 0 0","3.9 195 72.78001 185 0 0 0","3.94 195 72.78001 185 0 0 0","3.98 195 72.78001 185 0 0 0","4.02 195 72.78001 185 0 0 0","4.06 195 72.78001 185 0 0 0","4.1 195 72.78001 185 0 0 0","4.14 195 72.78001 185 0 0 0","4.18 195 72.78001 185 0 0 0","4.22 195 72.78001 185 0 0 0","4.26 195 72.78001 185 0 0 0","4.3 195 72.78001 185 0 0 0","4.34 195 72.78001 185 0 0 0","4.38 195 72.78001 185 0 0 0","4.42 195 72.78001 185 0 0 0","4.46 195 72.78001 185 0 0 0","4.5 195 72.78001 185 0 0 0","4.54 195 72.78001 185 0 0 0","4.58 195 72.78 185.6 0 0 0","4.62 195 72.78001 186.2 0 0 0","4.66 195 72.78001 186.8 0 0 0","4.7 195 72.78001 187.4 0 0 0","4.74 195 72.78001 188 0 0 0","4.78 195 72.78001 188.6 0 0 0","4.82 195 72.78 189.2 0 0 0","4.86 195 72.78001 189.8 0 0 0","4.9 195 72.78001 190.4 0 0 0","4.94 195 72.78001 191 0 0 0","4.98 194.9063 72.78001 191.5918 0 348 0","5.02 194.6342 72.78001 192.1257 0 330 0","5.06 194.4579 72.78001 192.3684 0 318 0","5.1 194.4579 72.78001 192.3684 0 300 0","5.14 194.4579 72.78001 192.3684 0 288 0","5.18 194.4579 72.78001 192.3684 0 282 0","5.22 194.4579 72.78001 192.3684 0 282 0","5.26 194.4579 72.78001 192.3684 0 282 0","5.3 194.4579 72.78001 192.3684 0 282 0","5.34 194.4579 72.78001 192.3684 0 282 0","5.38 194.4579 72.78001 192.3684 0 282 0","5.42 194.4579 72.78001 192.3684 0 282 0","5.46 194.4579 72.78001 192.3684 0 282 0","5.5 194.4579 72.78001 192.3684 0 282 0","5.54 194.4579 72.78001 192.3684 0 282 0","5.58 194.4579 72.78001 192.3684 0 276 0","5.62 194.4579 72.78001 192.3684 0 264 0","5.66 194.4579 72.78001 192.3684 0 252 0","5.7 194.4579 72.78001 192.3684 0 246 0","5.74 194.4579 72.78001 192.3684 0 246 0","5.78 194.4579 72.78001 192.3684 0 246 0","5.82 194.4579 72.78001 192.3684 0 246 0","5.86 194.4579 72.78001 192.3684 0 246 0","5.9 194.4579 72.78001 192.3684 0 246 0","5.94 194.4579 72.78001 192.3684 0 246 0","5.98 194.4579 72.78001 192.3684 0 246 0","6.02 194.4579 72.78001 192.3684 0 246 0","6.06 194.4579 72.78001 192.3684 0 246 0","6.1 194.4579 72.78001 192.3684 0 246 0","6.14 194.4579 72.78001 192.3684 0 246 0","6.18 194.4579 72.78001 192.3684 0 246 0","6.22 194.4579 72.78001 192.3684 0 246 0","6.26 194.4579 72.78001 192.3684 0 246 0","6.3 194.4579 72.78001 192.3684 0 246 0","6.34 194.4579 72.78001 192.3684 0 246 0","6.38 194.4579 72.78001 192.3684 0 246 0","6.42 194.4579 72.78001 192.3684 0 246 0","6.46 194.4579 72.78001 192.3684 0 246 0","6.5 194.4579 72.78001 192.3684 0 246 0","6.54 194.4579 72.78001 192.3684 0 246 0","6.58 194.4579 72.78001 192.3684 0 246 0","6.62 194.4579 72.78001 192.3684 0 246 0","6.66 194.1839 72.78001 192.2464 0 246 0","6.7 193.6357 72.78 192.0023 0 246 0","6.74 193.0876 72.78001 191.7583 0 246 0","6.78 192.5395 72.78001 191.5142 0 246 0","6.82 191.9913 72.78001 191.2702 0 246 0","6.86 191.7173 72.78 191.1482 0 246 0","6.9 191.7173 72.78 191.1482 0 246 0","6.94 191.7173 72.78 191.1482 0 246 0","6.98 191.7173 72.78 191.1482 0 246 0","7.02 191.7173 72.78 191.1482 0 246 0","7.06 191.7173 72.78 191.1482 0 246 0","7.1 191.7173 72.78 191.1482 0 246 0","7.14 191.4432 72.78001 191.0261 0 246 0","7.18 190.8951 72.78001 190.7821 0 246 0","7.22 190.347 72.78 190.5381 0 246 0","7.26 189.7988 72.78001 190.294 0 246 0","7.3 189.2507 72.78001 190.05 0 246 0","7.34 188.7026 72.78001 189.8059 0 246 0","7.38 188.1544 72.78 189.5619 0 246 0","7.42 187.6063 72.78001 189.3179 0 246 0","7.46 187.0582 72.78001 189.0738 0 246 0","7.5 186.5101 72.78001 188.8298 0 246 0","7.54 185.9619 72.78 188.5857 0 246 0","7.58 185.4138 72.78001 188.3417 0 246 0","7.62 184.8657 72.78001 188.0976 0 246 0","7.66 184.3176 72.78001 187.8536 0 246 0","7.7 183.7694 72.78001 187.6096 0 246 0","7.74 183.2213 72.78001 187.3655 0 246 0","7.78 182.6732 72.78001 187.1215 0 246 0","7.82 182.125 72.78001 186.8774 0 246 0","7.86 181.5769 72.78001 186.6334 0 246 0","7.9 181.0288 72.78 186.3893 0 246 0","7.94 180.4807 72.78001 186.1453 0 246 0","7.98 179.9325 72.78001 185.9013 0 246 0","8.02 179.3844 72.78001 185.6572 0 246 0","8.059999 178.8363 72.78 185.4132 0 246 0","8.099999 178.2882 72.78001 185.1691 0 246 0","8.139999 177.74 72.78001 184.9251 0 246 0","8.179999 177.1919 72.78001 184.681 0 246 0","8.22 176.6438 72.78 184.437 0 246 0","8.26 176.0957 72.78001 184.193 0 246 0","8.3 175.5475 72.78001 183.9489 0 246 0","8.34 174.9994 72.78001 183.7049 0 246 0","8.38 174.4513 72.78001 183.4608 0 246 0","8.42 173.9031 72.78 183.2168 0 246 0","8.46 173.355 72.78001 182.9728 0 246 0","8.5 172.8069 72.78001 182.7287 0 246 0","8.54 172.2588 72.78001 182.4847 0 246 0","8.58 171.7106 72.78 182.2406 0 246 0","8.62 171.1625 72.78001 181.9966 0 246 0","8.66 170.6144 72.78001 181.7525 0 246 0","8.7 170.0663 72.78001 181.5085 0 246 0","8.74 169.5181 72.78 181.2645 0 246 0","8.78 168.97 72.78001 181.0204 0 246 0","8.82 168.4219 72.78001 180.7764 0 246 0","8.86 167.8737 72.78001 180.5323 0 246 0","8.9 167.3256 72.78001 180.2883 0 246 0","8.94 166.7775 72.78001 180.0443 0 246 0","8.98 166.2294 72.78001 179.8002 0 246 0","9.02 165.6812 72.78001 179.5562 0 246 0","9.059999 165.1331 72.78001 179.3121 0 246 0","9.099999 164.585 72.78 179.0681 0 246 0","9.139999 164.0368 72.78001 178.824 0 246 0","9.179999 163.4581 72.78001 178.669 0 258 0","9.22 162.8597 72.78001 178.6376 0 270 0","9.26 162.263 72.78 178.7003 0 276 0","9.3 161.6663 72.78001 178.763 0 276 0","9.34 161.368 72.78001 178.7944 0 276 0","9.38 161.368 72.78001 178.7944 0 276 0","9.42 161.368 72.78001 178.7944 0 276 0","9.46 161.368 72.78001 178.7944 0 282 0","9.5 161.368 72.78001 178.7944 0 294 0","9.54 161.368 72.78001 178.7944 0 312 0","9.58 161.368 72.78001 178.7944 0 312 0","9.62 161.368 72.78001 178.7944 0 312 0","9.66 161.368 72.78001 178.7944 0 312 0","9.7 161.368 72.78001 178.7944 0 312 0","9.74 161.368 72.78001 178.7944 0 312 0","9.78 161.368 72.78001 178.7944 0 312 0","9.82 161.368 72.78001 178.7944 0 312 0","9.86 161.368 72.78001 178.7944 0 300 0","9.9 161.368 72.78001 178.7944 0 288 0","9.94 161.368 72.78001 178.7944 0 288 0","9.98 161.368 72.78001 178.7944 0 288 0","10.02 161.368 72.78001 178.7944 0 288 0","10.06 161.368 72.78001 178.7944 0 288 0","10.1 161.368 72.78001 178.7944 0 288 0","10.14 161.368 72.78001 178.7944 0 288 0","10.18 161.0826 72.78001 178.8871 0 288 0","10.22 160.512 72.78001 179.0725 0 288 0","10.26 159.9414 72.78001 179.2579 0 288 0","10.3 159.3707 72.78001 179.4433 0 288 0","10.34 158.8001 72.78 179.6287 0 288 0","10.38 158.2295 72.78001 179.8141 0 288 0","10.42 157.6588 72.78001 179.9996 0 288 0","10.46 157.0882 72.78001 180.185 0 288 0","10.5 156.5176 72.78001 180.3704 0 288 0","10.54 155.9469 72.78001 180.5558 0 288 0","10.58 155.3763 72.78 180.7412 0 288 0","10.62 154.8057 72.78001 180.9266 0 288 0","10.66 154.235 72.78001 181.112 0 288 0","10.7 153.6644 72.78001 181.2974 0 288 0","10.74 153.0938 72.78001 181.4828 0 288 0","10.78 152.5231 72.78 181.6683 0 288 0","10.82 151.9525 72.78001 181.8537 0 288 0","10.86 151.3819 72.78001 182.0391 0 288 0","10.9 150.8112 72.78001 182.2245 0 288 0","10.94 150.2406 72.78001 182.4099 0 288 0","10.98 149.67 72.78001 182.5953 0 288 0","11.02 149.0993 72.78 182.7807 0 288 