{"participantData":{"id":"Hannah"},"allTrialData":[{"trialNumber":0,"mapIndex":0,"mapName":"Persistent","maxTrialDuration":0.0,"movementTime":0.0,"timeStepTrackingData":[]},{"trialNumber":1,"mapIndex":1,"mapName":"StartScreen","maxTrialDuration":0.0,"movementTime":0.0,"timeStepTrackingData":[]},{"trialNumber":2,"mapIndex":3,"mapName":"tartarus1","maxTrialDuration":0.0,"movementTime":15.08423137664795,"timeStepTrackingData":["Time x-position y-position z-position x-rotation y-rotation z-rotation","3.1 195 72.78001 195 0 0 0","3.12 195 72.78001 195 0 0 0","3.16 195 72.78001 195 0 0 0","3.2 195 72.78001 195 0 0 0","3.24 195 72.78001 195 0 0 0","3.28 195 72.78001 195 0 0 0","3.32 195 72.78001 195 0 0 0","3.36 195 72.78001 195 0 0 0","3.4 195 72.78001 195 0 0 0","3.44 195 72.78001 195 0 0 0","3.48 195 72.78001 195 0 0 0","3.52 195 72.78001 195 0 0 0","3.56 195 72.78001 195 0 0 0","3.6 195 72.78001 195 0 0 0","3.64 195 72.78001 195 0 0 0","3.68 195 72.78001 195 0 0 0","3.72 195 72.78001 195 0 0 0","3.76 195 72.78001 195 0 0 0","3.8 195 72.78001 195 0 0 0","3.84 195 72.78001 195 0 0 0","3.88 195 72.78001 195 0 0 0","3.92 195 72.78001 195 0 0 0","3.96 195 72.78001 195 0 0 0","4 195 72.78001 195 0 0 0","4.04 195 72.78001 195 0 0 0","4.08 195 72.78001 195 0 0 0","4.12 195 72.78001 195 0 0 0","4.16 195 72.78001 195 0 0 0","4.2 195 72.78001 195 0 0 0","4.24 195 72.78001 195 0 0 0","4.28 195 72.78001 195 0 0 0","4.32 195 72.78001 195 0 0 0","4.36 195 72.78001 195 0 12 0","4.4 195 72.78001 195 0 24 0","4.44 195 72.78001 195 0 42 0","4.48 195 72.78001 195 0 54 0","4.52 195 72.78001 195 0 72 0","4.56 195 72.78001 195 0 84 0","4.6 195 72.78001 195 0 96.00001 0","4.64 195 72.78001 195 0 114 0","4.68 195 72.78001 195 0 126 0","4.72 195 72.78001 195 0 144 0","4.76 195 72.78001 195 0 156 0","4.8 195 72.78001 195 0 168 0","4.84 195 72.78001 195 0 186 0","4.88 195 72.78001 195 0 198 0","4.92 195 72.78001 195 0 210 0","4.96 194.85 72.78001 194.7402 0 210 0","5 194.55 72.78 194.2206 0 210 0","5.04 194.25 72.78001 193.701 0 210 0","5.08 193.95 72.78001 193.1814 0 210 0","5.12 193.65 72.78001 192.6617 0 210 0","5.16 193.35 72.78 192.1421 0 210 0","5.2 193.05 72.78001 191.6225 0 210 0","5.24 192.75 72.78001 191.1029 0 210 0","5.28 192.45 72.78001 190.5833 0 210 0","5.32 192.15 72.78 190.0637 0 210 0","5.36 191.85 72.78001 189.544 0 210 0","5.4 191.55 72.78001 189.0244 0 210 0","5.44 191.25 72.78001 188.5048 0 210 0","5.48 190.95 72.78001 187.9852 0 210 0","5.52 190.65 72.78001 187.4656 0 210 0","5.56 190.35 72.78001 186.946 0 210 0","5.6 190.05 72.78001 186.4263 0 210 0","5.64 189.75 72.78001 185.9067 0 210 0","5.68 189.45 72.78 185.3871 0 210 0","5.72 189.15 72.78001 184.8675 0 210 0","5.76 188.85 72.78001 184.3479 0 210 0","5.8 188.55 72.78001 183.8283 0 210 0","5.84 188.25 72.78 183.3087 0 210 0","5.88 187.95 72.78001 182.789 0 210 0","5.92 187.65 72.78001 182.2694 0 210 0","5.96 187.35 72.78001 181.7498 0 210 0","6 187.05 72.78 181.2302 0 210 0","6.04 186.75 72.78001 180.7106 0 210 0","6.08 186.45 72.78001 180.191 0 210 0","6.12 186.15 72.78001 179.6714 0 210 0","6.16 185.85 72.78001 179.1517 0 210 0","6.2 185.55 72.78 178.6321 0 210 0","6.24 185.25 72.78001 178.1125 0 210 0","6.28 184.95 72.78001 177.5929 0 210 0","6.32 184.65 72.78001 177.0733 0 210 0","6.36 184.35 72.78 176.5537 0 210 0","6.4 184.05 72.78001 176.034 0 210 0","6.44 183.75 72.78001 175.5144 0 210 0","6.48 183.45 72.78001 174.9948 0 210 0","6.52 183.178 72.78 174.4609 0 204 0","6.56 183.0532 72.78001 173.8741 0 192 0","6.6 182.9285 72.78001 173.2872 0 192 0","6.64 182.8037 72.78001 172.7003 0 192 0","6.68 182.679 72.78001 172.1134 0 192 0","6.72 182.5542 72.78001 171.5265 0 192 0","6.76 182.4295 72.78 170.9396 0 192 0","6.8 182.3047 72.78001 170.3527 0 192 0","6.84 182.18 72.78001 169.7658 0 192 0","6.88 182.0553 72.78001 169.179 0 192 0","6.92 181.9305 72.78001 168.5921 0 192 0","6.96 181.8058 72.78 168.0052 0 192 0","7 181.681 72.78001 167.4183 0 192 0","7.04 181.5563 72.78001 166.8314 0 192 0","7.08 181.4315 72.78001 166.2445 0 192 0","7.12 181.3068 72.78001 165.6576 0 192 0","7.16 181.182 72.78001 165.0707 0 192 0","7.2 181.0573 72.78 164.4838 0 192 0","7.24 180.9325 72.78001 163.897 0 192 0","7.28 180.8078 72.78001 163.3101 0 192 0","7.32 180.683 72.78001 162.7232 0 192 0","7.36 180.5583 72.78001 162.1363 0 192 0","7.4 180.4335 72.78001 161.5494 0 192 0","7.44 180.3088 72.78 160.9625 0 192 0","7.48 180.184 72.78001 160.3756 0 192 0","7.52 180.0593 72.78001 159.7887 0 192 0","7.56 179.9345 72.78001 159.2018 0 192 0","7.6 179.7795 72.78001 158.6231 0 198 0","7.64 179.5074 72.78001 158.0892 0 210 0","7.68 179.1304 72.78 157.6236 0 222 0","7.72 178.6279 72.78001 157.2972 0 240 0","7.76 178.1082 72.78001 156.9972 0 240 0","7.8 177.5886 72.78001 156.6972 0 240 0","7.84 177.069 72.78 156.3972 0 240 0","7.88 176.5494 72.78001 156.0972 0 240 0","7.92 176.0298 72.78001 155.7972 0 240 0","7.96 176.0298 72.78 155.7972 0 240 0","8 176.0298 72.78 155.7972 0 252 0","8.04 176.0298 72.78 155.7972 0 264 0","8.08 176.0298 72.78 155.7972 0 282 0","8.12 176.0298 72.78 155.7972 0 282 0","8.16 176.0298 72.78 155.7972 0 282 0","8.2 176.0298 72.78 155.7972 0 282 0","8.24 176.0298 72.78 155.7972 0 282 0","8.28 175.7363 72.78001 155.8596 0 282 0","8.32 175.1494 72.78001 155.9843 0 282 0","8.36 174.5626 72.78 156.1091 0 282 0","8.4 173.9757 72.78 156.2338 0 282 0","8.44 173.3888 72.78001 156.3586 0 282 0","8.48 172.8019 72.78001 156.4833 0 282 0","8.52 172.215 72.78001 156.6081 0 282 0","8.559999 171.6281 72.78001 156.7328 0 282 0","8.599999 171.6281 72.78001 156.7328 0 282 0","8.639999 171.6281 72.78001 156.7328 0 282 0","8.679999 171.3347 72.78001 156.7952 0 282 0","8.72 170.7478 72.78001 156.92 0 282 0","8.76 170.1609 72.78001 157.0447 0 282 0","8.8 169.574 72.78001 157.1694 0 282 0","8.84 169.2806 72.78001 157.2318 0 282 0","8.88 169.2806 72.78001 157.2318 0 282 0","8.92 169.2806 72.78001 157.2318 0 282 0","8.96 169.2806 72.78001 157.2318 0 282 0","9 169.2806 72.78001 157.2318 0 282 0","9.04 169.2806 72.78001 157.2318 0 282 0","9.08 169.2806 72.78001 157.2318 0 276 0","9.12 169.2806 72.78001 157.2318 0 264 0","9.16 169.2806 72.78001 157.2318 0 252 0","9.2 169.2806 72.78001 157.2318 0 252 0","9.24 169.2806 72.78001 157.2318 0 252 0","9.28 169.2806 72.78001 157.2318 0 252 0","9.32 169.2806 72.78001 157.2318 0 252 0","9.36 169.2806 72.78001 157.2318 0 252 0","9.4 168.9953 72.78001 157.1391 0 252 0","9.44 168.4246 72.78 156.9537 0 252 0","9.48 167.854 72.78001 156.7683 0 252 0","9.52 167.2833 72.78001 156.5829 0 252 0","9.559999 166.7127 72.78001 156.3975 0 252 0","9.599999 166.1421 72.78 156.2121 0 252 0","9.639999 165.5714 72.78001 156.0267 0 252 0","9.679999 165.0008 72.78001 155.8412 0 252 0","9.719999 164.4302 72.78001 155.6558 0 252 0","9.76 163.8595 72.78001 155.4704 0 252 0","9.8 163.2889 72.78001 155.285 0 252 0","9.84 163.2889 72.78001 155.285 0 252 0","9.88 163.2889 72.78001 155.285 0 252 0","9.92 163.2889 72.78001 155.285 0 252 0","9.96 162.7183 72.78001 155.0996 0 252 0","10 162.1476 72.78001 154.9142 0 252 0","10.04 161.577 72.78001 154.7288 0 252 0","10.08 161.0064 72.78 154.5434 0 252 0","10.12 160.7211 72.78001 154.4507 0 252 0","10.16 160.7211 72.78 154.4507 0 252 0","10.2 160.7211 72.78 154.4507 0 252 0","10.24 160.7211 72.78 154.4507 0 252 0","10.28 160.7211 72.78 154.4507 0 252 0","10.32 160.7211 72.78 154.4507 0 252 0","10.36 160.1504 72.78001 154.2653 0 252 0","10.4 159.5798 72.78001 154.0798 0 252 0","10.44 159.0092 72.78001 153.8944 0 252 0","10.48 158.7238 72.78001 153.8017 0 252 0","10.52 158.7238 72.78001 153.8017 0 252 0","10.56 158.7238 72.78001 153.8017 0 252 0","10.6 158.7238 72.78001 153.8017 0 252 0","10.64 158.7238 72.78001 153.8017 0 252 0","10.68 158.7238 72.78001 153.8017 0 252 0","10.72 158.7238 72.78001 153.8017 0 258 0","10.76 158.7238 72.78001 153.8017 0 270 0","10.8 158.7238 72.78001 153.8017 0 288 0","10.84 158.7238 72.78001 153.8017 0 300 0","10.88 158.7238 72.78001 153.8017 0 312 