{"participantData":{"id":"r"},"allTrialData":[{"trialNumber":0,"mapIndex":0,"mapName":"Persistent","maxTrialDuration":0.0,"movementTime":0.0,"timeStepTrackingData":[]},{"trialNumber":1,"mapIndex":1,"mapName":"StartScreen","maxTrialDuration":0.0,"movementTime":0.0,"timeStepTrackingData":[]},{"trialNumber":2,"mapIndex":3,"mapName":"tartarus1","maxTrialDuration":0.0,"movementTime":0.0,"timeStepTrackingData":["Time x-position y-position z-position x-rotation y-rotation z-rotation","2.26 195 72.78001 195 0 0 0","2.28 195 72.78001 195 0 0 0","2.32 195 72.78001 195 0 0 0","2.36 195 72.78001 195 0 0 0","2.4 195 72.78001 195 0 0 0","2.44 195 72.78001 195 0 0 0","2.48 195 72.78001 195 0 0 0","2.52 195 72.78001 195 0 0 0","2.56 195 72.78001 195 0 0 0","2.6 195 72.78001 195 0 0 0","2.64 195 72.78001 195 0 0 0","2.68 195 72.78001 195 0 0 0","2.72 195 72.78001 195 0 0 0","2.76 195 72.78001 195 0 0 0","2.8 195 72.78001 195 0 0 0","2.84 195 72.78001 195 0 0 0","2.88 195 72.78001 195 0 0 0","2.92 195 72.78001 195 0 0 0","2.96 195 72.78001 195 0 12 0","3 195 72.78001 195 0 30 0","3.04 195 72.78001 195 0 42 0","3.08 195 72.78001 195 0 54 0","3.12 195 72.78001 195 0 72 0","3.16 195 72.78001 195 0 84 0","3.2 195 72.78001 195 0 102 0","3.24 195 72.78001 195 0 114 0","3.28 195 72.78001 195 0 126 0","3.32 195 72.78001 195 0 144 0","3.36 195 72.78001 195 0 156 0","3.4 195 72.78001 195 0 174 0","3.44 195 72.78001 195 0 186 0","3.48 195 72.78001 195 0 198 0","3.52 195 72.78001 195 0 216 0","3.56 195 72.78001 195 0 216 0","3.6 195 72.78001 195 0 216 0","3.64 195 72.78001 195 0 216 0","3.68 195 72.78001 195 0 216 0","3.72 194.8237 72.78001 194.7573 0 216 0","3.76 194.471 72.78 194.2719 0 216 0","3.8 194.1183 72.78001 193.7865 0 216 0","3.84 193.7657 72.78001 193.3011 0 216 0","3.88 193.5893 72.78001 193.0584 0 216 0","3.92 193.5893 72.78001 193.0584 0 216 0","3.96 193.5893 72.78001 193.0584 0 216 0","4 193.5893 72.78001 193.0584 0 216 0","4.04 193.5893 72.78001 193.0584 0 216 0","4.08 193.5893 72.78001 193.0584 0 216 0","4.12 193.5893 72.78001 193.0584 0 216 0","4.16 193.5893 72.78001 193.0584 0 216 0","4.2 193.2366 72.78001 192.573 0 216 0","4.24 192.884 72.78001 192.0875 0 216 0","4.28 192.5313 72.78001 191.6021 0 216 0","4.32 192.1786 72.78 191.1167 0 216 0","4.36 191.826 72.78001 190.6313 0 216 0","4.4 191.4733 72.78001 190.1459 0 216 0","4.44 191.1206 72.78001 189.6605 0 216 0","4.48 190.7679 72.78 189.1751 0 216 0","4.52 190.4153 72.78001 188.6897 0 216 0","4.56 190.0626 72.78001 188.2043 0 216 0","4.6 189.7099 72.78001 187.7189 0 216 0","4.64 189.5336 72.78 187.4762 0 216 0","4.68 189.5336 72.78 187.4762 0 210 0","4.72 189.5336 72.78 187.4762 0 198 0","4.76 189.5336 72.78 187.4762 0 192 0","4.8 189.5336 72.78 187.4762 0 192 0","4.84 189.5336 72.78 187.4762 0 192 0","4.88 189.5336 72.78 187.4762 0 192 0","4.92 189.5336 72.78 187.4762 0 192 0","4.96 189.5336 72.78 187.4762 0 192 0","5 189.5336 72.78 187.4762 0 192 0","5.04 189.4088 72.78001 186.8893 0 192 0","5.08 189.2841 72.78001 186.3024 0 192 0","5.12 189.1593 72.78001 185.7155 0 192 0","5.16 189.0346 72.78001 185.1286 0 192 0","5.2 188.9099 72.78001 184.5417 0 192 0","5.24 188.7851 72.78 183.9548 0 192 0","5.28 188.6604 72.78001 183.3679 0 192 0","5.32 188.5356 72.78001 182.781 0 192 0","5.36 188.4109 72.78001 182.1942 0 192 0","5.4 188.2861 72.78001 181.6073 0 192 0","5.44 188.1614 72.78 181.0204 0 192 0","5.48 188.0366 72.78001 180.4335 0 192 0","5.52 187.9119 72.78001 179.8466 0 192 0","5.56 187.7871 72.78001 179.2597 0 192 0","5.6 187.6624 72.78001 178.6728 0 192 0","5.64 187.5376 72.78001 178.0859 0 192 0","5.68 187.4129 72.78 177.499 0 192 0","5.72 187.2881 72.78001 176.9122 0 192 0","5.76 187.2568 72.78001 176.3138 0 180 0","5.8 187.3808 72.78001 175.7301 0 162 0","5.84 187.5663 72.78001 175.1595 0 162 0","5.88 187.7517 72.78001 174.5889 0 162 0","5.92 187.9371 72.78 174.0182 0 162 0","5.96 188.1225 72.78001 173.4476 0 162 0","6 188.3079 72.78001 172.877 0 162 0","6.04 188.4933 72.78001 172.3063 0 162 0","6.08 188.6787 72.78001 171.7357 0 162 0","6.12 188.8641 72.78001 171.1651 0 162 0","6.16 189.0495 72.78 170.5944 0 162 0","6.2 189.235 72.78001 170.0238 0 162 0","6.24 189.4204 72.78001 169.4531 0 162 0","6.28 189.6058 72.78001 168.8825 0 162 0","6.32 189.6995 72.78001 168.2907 0 174 0","6.36 189.6995 72.78001 167.6907 0 180 0","6.4 189.6995 72.78 167.0907 0 180 0","6.44 189.6995 72.78001 166.4907 0 180 0","6.48 189.6995 72.78001 165.8907 0 180 0","6.52 189.6995 72.78001 165.2907 0 180 0","6.56 189.6995 72.78001 164.6907 0 180 0","6.6 189.6995 72.78 164.0907 0 180 0","6.64 189.6995 72.78 163.4907 0 180 0","6.68 189.6995 72.78001 162.8907 0 180 0","6.72 189.6995 72.78001 162.2907 0 180 0","6.76 189.6995 72.78001 161.6907 0 180 0","6.8 189.6995 72.78001 161.0907 0 180 0","6.84 189.6995 72.78 160.4907 0 180 0","6.88 189.6995 72.78001 159.8907 0 180 0","6.92 189.6995 72.78001 159.2907 0 180 0","6.96 189.6995 72.78001 158.6907 0 180 0","7 189.6995 72.78001 158.0907 0 180 0","7.04 189.6995 72.78001 157.4907 0 180 0","7.08 189.6995 72.78 156.8907 0 180 0","7.12 189.6995 72.78001 156.2907 0 180 0","7.16 189.6995 72.78001 155.6907 0 180 0","7.2 189.6995 72.78001 155.0907 0 180 0","7.24 189.6995 72.78001 154.4907 0 180 0","7.28 189.6995 72.78001 153.8907 0 180 0","7.32 189.6995 72.78 153.2907 0 180 0","7.36 189.6995 72.78001 152.6907 0 180 0","7.4 189.6995 72.78001 152.0907 0 180 0","7.44 189.6995 72.78001 151.4907 0 180 0","7.48 189.6995 72.78001 150.8907 0 180 0","7.52 189.6995 72.78001 150.2907 0 180 0","7.56 189.6995 72.57979 149.6907 0 180 0","7.6 189.6995 72.55624 149.0907 0 180 0","7.64 189.6995 72.50131 148.4907 0 180 0","7.68 189.6995 72.41499 147.8907 0 180 0","7.72 189.6995 72.29726 147.2907 0 180 0","7.76 189.6995 72.14815 146.6907 0 180 0","7.8 189.6995 71.96764 146.0907 0 180 0","7.84 189.6995 71.75575 145.4907 0 180 0","7.88 189.6995 71.51246 144.8907 0 180 0","7.92 189.6995 71.23779 144.2907 0 180 0","7.96 189.7309 70.93171 143.9924 0 168 0","8 189.7309 70.59425 143.9924 0 156 0","8.04 189.7309 70.22539 143.9924 0 150 0","8.08 189.7309 69.82514 143.9924 0 150 0","8.12 189.7309 69.3935 143.9924 0 150 0","8.16 189.7309 68.93047 143.9924 0 150 0","8.2 189.7309 68.43605 143.9924 0 150 0","8.24 189.7309 67.91023 143.9924 0 132 0","8.28 189.7309 67.35303 143.9924 0 120 0","8.32 189.7309 66.76443 143.9924 0 102 0","8.36 189.7309 66.14443 143.9924 0 90.00002 0","8.4 189.7309 65.49305 143.9924 0 78.00001 0","8.44 189.7309 64.81027 143.9924 0 78.00001 0","8.48 189.7309 64.09611 143.9924 0 78.00001 0","8.52 189.7309 63.35054 143.9924 0 78.00001 0","8.559999 189.7309 62.57359 143.9924 0 78.00001 0","8.599999 189.7309 61.76525 143.9924 0 78.00001 0","8.639999 189.7309 60.92551 143.9924 0 78.00001 0","8.679999 189.7309 60.05439 143.9924 0 78.00001 0","8.72 189.7309 59.15186 143.9924 0 84.00002 0","8.76 189.7309 58.21795 143.9924 0 96.00001 0","8.8 189.7309 57.25265 143.9924 0 108 0","8.84 189.7309 56.25595 143.9924 0 108 0","8.88 189.7309 55.22786 143.9924 0 108 0","8.92 189.7309 54.16838 143.9924 0 108 0","8.96 189.7309 53.07751 143.9924 0 108 0","9 189.7309 51.95525 143.9924 0 108 0","9.04 189.7309 50.80159 143.9924 0 108 0","9.08 189.7309 49.61654 143.9924 0 90.00001 0","9.12 189.7309 48.4001 143.9924 0 78 0","9.16 189.7309 47.15227 143.9924 0 78 0","9.2 189.7309 45.87304 143.9924 0 78 0","9.24 189.7309 44.56242 143.9924 0 78 0","9.28 189.7309 43.22042 143.9924 0 78 0","9.32 189.7309 41.84702 143.9924 0 78 0","9.36 189.7309 40.44222 143.9924 0 78 0","9.4 189.7309 39.00604 143.9924 0 78 0","9.44 189.7309 37.53846 143.9924 0 78 0","9.48 189.7309 36.03949 143.9924 0 78 0","9.52 189.7309 34.50913 143.9924 0 78 0"]},{"trialNumber":0,"mapIndex":0,"mapName":"","maxTrialDuration":0.0,"movementTime":0.0,"timeStepTrackingData":[]},{"trialNumber":0,"mapIndex":0,"mapName":"","maxTrialDuration":0.0,"movementTime":0.0,"timeStepTrackingData":[]},{"trialNumber":0,"mapIndex":0,"mapName":"","maxTrialDuration":0.0,