{"participantData":{"id":"e"},"allTrialData":[{"trialNumber":0,"mapIndex":0,"mapName":"Persistent","maxTrialDuration":0.0,"movementTime":0.0,"timeStepTrackingData":[]},{"trialNumber":1,"mapIndex":1,"mapName":"StartScreen","maxTrialDuration":0.0,"movementTime":0.0,"timeStepTrackingData":[]},{"trialNumber":2,"mapIndex":3,"mapName":"tartarus1","maxTrialDuration":0.0,"movementTime":0.0,"timeStepTrackingData":["Time x-position y-position z-position x-rotation y-rotation z-rotation","1.32 195 72.78001 195 0 0 0","1.34 195 72.78001 195 0 0 0","1.38 195 72.78001 195 0 0 0","1.42 195 72.78001 195 0 0 0","1.46 195 72.78001 195 0 0 0","1.5 195 72.78001 195 0 0 0","1.54 195 72.78001 195 0 0 0","1.58 195 72.78001 195 0 0 0","1.62 195 72.78001 195 0 0 0","1.66 195 72.78001 195 0 0 0","1.7 195 72.78001 195 0 0 0","1.74 195 72.78001 195 0 0 0","1.78 195 72.78001 195 0 0 0","1.82 195 72.78001 195 0 0 0","1.86 195 72.78001 195 0 0 0","1.9 195 72.78001 195 0 0 0","1.94 195 72.78001 195 0 0 0","1.98 195 72.78001 195 0 0 0","2.02 195 72.78001 195 0 0 0","2.06 195 72.78001 195 0 0 0","2.1 195 72.78001 195 0 0 0","2.14 195 72.78001 195 0 0 0","2.18 195 72.78001 195 0 0 0","2.22 195 72.78001 195 0 0 0","2.26 195 72.78001 195 0 12 0","2.3 195 72.78001 195 0 24 0","2.34 195 72.78001 195 0 42 0","2.38 195 72.78001 195 0 54 0","2.42 195 72.78001 195 0 66 0","2.46 195 72.78001 195 0 84 0","2.5 195 72.78001 195 0 96.00001 0","2.54 195 72.78001 195 0 114 0","2.58 195 72.78001 195 0 126 0","2.62 195 72.78001 195 0 144 0","2.66 195 72.78001 195 0 156 0","2.7 195 72.78001 195 0 168 0","2.74 195 72.78001 195 0 186 0","2.78 194.8449 72.78001 194.4212 0 198 0","2.82 194.5466 72.78001 193.9045 0 216 0","2.86 194.1939 72.78001 193.4191 0 216 0","2.9 193.8412 72.78 192.9337 0 216 0","2.94 193.4886 72.78001 192.4482 0 216 0","2.98 193.1359 72.78001 191.9628 0 216 0","3.02 192.7832 72.78001 191.4774 0 216 0","3.06 192.4305 72.78001 190.992 0 216 0","3.1 192.0779 72.78001 190.5066 0 216 0","3.14 191.7252 72.78001 190.0212 0 216 0","3.18 191.3725 72.78001 189.5358 0 216 0","3.22 191.0462 72.78001 189.0333 0 210 0","3.26 190.8315 72.78 188.4739 0 198 0","3.3 190.7377 72.78001 187.8821 0 186 0","3.34 190.675 72.78001 187.2854 0 186 0","3.38 190.6123 72.78001 186.6887 0 186 0","3.42 190.5496 72.78001 186.0919 0 186 0","3.46 190.4869 72.78001 185.4952 0 186 0","3.5 190.4241 72.78 184.8985 0 186 0","3.54 190.3614 72.78001 184.3018 0 186 0","3.58 190.2987 72.78001 183.7051 0 186 0","3.62 190.236 72.78001 183.1084 0 186 0","3.66 190.1733 72.78001 182.5117 0 186 0","3.7 190.1105 72.78001 181.9149 0 186 0","3.74 190.0478 72.78 181.3182 0 186 0","3.78 189.9851 72.78001 180.7215 0 186 0","3.82 189.9224 72.78001 180.1248 0 186 0","3.86 189.8597 72.78001 179.5281 0 186 0","3.9 189.797 72.78001 178.9314 0 186 0","3.94 189.7343 72.78001 178.3347 0 186 0","3.98 189.6715 72.78 177.738 0 186 0","4.02 189.6088 72.78001 177.1413 0 186 0","4.06 189.5461 72.78001 176.5445 0 186 0","4.1 189.4834 72.78001 175.9478 0 186 0","4.14 189.4207 72.78001 175.3511 0 186 0","4.18 189.358 72.78001 174.7544 0 186 0","4.22 189.2952 72.78 174.1577 0 186 0","4.26 189.2325 72.78001 173.561 0 186 0","4.3 189.1698 72.78001 172.9643 0 186 0","4.34 189.1071 72.78001 172.3675 0 186 0","4.38 189.0444 72.78001 171.7708 0 186 0","4.42 188.9816 72.78 171.1741 0 186 0","4.46 188.9189 72.78001 170.5774 0 186 0","4.5 188.8562 72.78001 169.9807 0 186 0","4.54 188.7935 72.78001 169.384 0 186 0","4.58 188.7308 72.78001 168.7873 0 186 0","4.62 188.6681 72.78001 168.1906 0 186 0","4.66 188.6053 72.78 167.5938 0 186 0","4.7 188.5426 72.78001 166.9971 0 186 0","4.74 188.4799 72.78001 166.4004 0 186 0","4.78 188.4172 72.78001 165.8037 0 186 0","4.82 188.3545 72.78001 165.207 0 186 0","4.86 188.2918 72.78001 164.6103 0 186 0","4.9 188.229 72.78 164.0136 0 186 0","4.94 188.1663 72.78001 163.4169 0 186 0","4.98 188.1036 72.78001 162.8201 0 186 0","5.02 188.0409 72.78001 162.2234 0 186 0","5.06 187.9782 72.78001 161.6267 0 186 0","5.1 187.9155 72.78001 161.03 0 186 0","5.14 187.8527 72.78 160.4333 0 186 0","5.18 187.79 72.78001 159.8366 0 186 0","5.22 187.7273 72.78001 159.2399 0 186 0","5.26 187.6646 72.78001 158.6431 0 186 0","5.3 187.6019 72.78001 158.0464 0 186 0","5.34 187.5392 72.78001 157.4497 0 186 0","5.38 187.4764 72.78 156.853 0 186 0","5.42 187.4137 72.78001 156.2563 0 186 0","5.46 187.351 72.78001 155.6596 0 186 0","5.5 187.2883 72.78001 155.0629 0 186 0","5.54 187.2256 72.78001 154.4662 0 186 0","5.58 187.1628 72.78 153.8694 0 186 0","5.62 187.1001 72.78 153.2727 0 186 0","5.66 187.0374 72.78001 152.676 0 186 0","5.7 186.9747 72.78001 152.0793 0 186 0","5.74 186.912 72.78001 151.4826 0 186 0","5.78 186.8493 72.78001 150.8859 0 186 0","5.82 186.8179 72.78 150.2875 0 180 0","5.86 186.9116 72.57971 149.6957 0 168 0","5.9 187.1543 72.55617 149.1506 0 150 0","5.94 187.5314 72.50123 148.6849 0 138 0","5.98 187.9773 72.4149 148.2835 0 132 0","6.02 188.4232 72.29718 147.882 0 132 0","6.06 188.8691 72.14807 147.4805 0 132 0","6.1 189.315 71.96757 147.079 0 132 0","6.14 189.7608 71.75567 146.6776 0 132 0","6.18 190.2067 71.51238 146.2761 0 132 0","6.22 190.6526 71.2377 145.8746 0 132 0","6.26 191.0985 70.93163 145.4731 0 132 0","6.3 191.5444 70.59417 145.0716 0 132 0","6.34 191.9903 70.22531 144.6702 0 132 0","6.38 192.4362 69.82507 144.2687 0 132 0","6.42 192.882 69.39342 143.8672 0 132 0","6.46 193.3279 68.93039 143.4657 0 132 0","6.5 193.7738 68.43597 143.0642 0 132 0","6.54 194.2197 67.91016 142.6628 0 132 0","6.58 194.6656 67.35294 142.2613 0 132 0","6.62 195.1115 66.76434 141.8598 0 132 0","6.66 195.5574 66.14436 141.4583 0 132 0","6.7 196.0033 65.49297 141.0569 0 132 0","6.74 196.4492 64.8102 140.6554 0 132 0","6.78 196.4492 64.09602 140.6554 0 126 0","6.82 196.4492 63.35047 140.6554 0 114 0","6.86 196.4492 62.57351 140.6554 0 102 0","6.9 196.4492 61.76517 140.6554 0 102 0","6.94 196.4492 60.92543 140.6554 0 102 0","6.98 196.4492 60.05431 140.6554 0 102 0","7.02 196.4492 59.15179 140.6554 0 102 0","7.06 196.4492 58.21787 140.6554 0 102 0","7.1 196.4492 57.25257 140.6554 0 102 0","7.14 196.4492 56.25587 140.6554 0 102 0","7.18 196.4492 55.22778 140.6554 0 102 0","7.22 196.4492 54.1683 140.6554 0 102 0","7.26 196.4492 53.07743 140.6554 0 102 0","7.3 196.4492 51.95517 140.6554 0 102 0","7.34 196.4492 50.80151 140.6554 0 102 0","7.38 196.4492 49.61646 140.6554 0 102 0","7.42 196.4492 48.40002 140.6554 0 102 0","7.46 196.4492 47.15219 140.6554 0 102 0","7.5 196.4492 45.87296 140.6554 0 102 0","7.54 196.4492 44.56234 140.6554 0 102 0","7.58 196.4492 43.22034 140.6554 0 102 0","7.62 196.4492 41.84694 140.6554 0 102 0","7.66 196.4492 40.44214 140.6554 0 102 0","7.7 196.4492 39.00596 140.6554 0 102 0","7.74 196.4492 37.53838 140.6554 0 102 0","7.78 196.4492 36.03941 140.6554 0 102 0","7.82 196.4492 34.50906 140.6554 0 102 0"]},{"trialNumber":0,"mapIndex":0,"mapName":"","maxTrialDuration":0.0,"movementTime":0.0,"timeStepTrackingData":[]},{"trialNumber":0,"mapIndex":0,"mapName":"","maxTrialDuration":0.0,"movementTime":0.0,"timeStepTrackingData":[]},{"trialNumber":0,"mapIndex":0,"mapName":"","maxTrialDuration":0.0,"movementTime":0.0,"timeStepTrackingData":[]},{"trialNumber":0,"mapIndex":0,"mapName":"","maxTrialDuration":0.0,"movementTime":0.0,"timeStepTrackingData":[]},{"trialNumber":0,"mapIndex":0,"mapName":"","maxTrialDuration":0.0,"movementTime":0.0,"timeStepTrackingData":[]},{"trialNumber":0,"mapIndex":0,"mapName":"","maxTrialDuration":0.0,"movementTime":0.0,"timeStepTrackingData":[]},{"trialNumber":0,"mapIndex":0,"mapName":"","maxTrialDuration":0.0,"movementTime":0.0,"timeStepTrackingData":[]},{"trialNumber":0,"mapIndex":0,"mapName":"","maxTrialDuration":0.0,"movementTime":0.0,"timeStepTrackingData":[]},{"trialNumber":0,"mapIndex":0,"mapName":"","maxTrialDuration":0.0,"movementTime":0.0,"timeStepTrackingData":[]},{"trialNumber":0,"mapIndex":0,"mapName":"","maxTrialDuration":0.0,"movementTime":0.0,"timeStepTrackingData":[]},{"trialNumber":0,