{"participantData":{"id":"Test"},"allTrialData":[{"trialNumber":0,"mapIndex":0,"mapName":"Persistent","maxTrialDuration":0.0,"timeStepTrackingData":[]},{"trialNumber":1,"mapIndex":1,"mapName":"StartScreen","maxTrialDuration":0.0,"timeStepTrackingData":[]},{"trialNumber":2,"mapIndex":3,"mapName":"tartarus1","maxTrialDuration":0.0,"timeStepTrackingData":["Time x-position y-position z-position x-rotation y-rotation z-rotation","5.28 195 72.78001 195 0 0 0","5.3 195 72.78001 195 0 0 0","5.34 195 72.78001 195 0 0 0","5.38 195 72.78001 195 0 0 0","5.42 195 72.78001 195 0 0 0","5.46 195 72.78001 195 0 0 0","5.5 195 72.78001 195 0 0 0","5.54 195 72.78001 195 0 0 0","5.58 195 72.78001 195 0 0 0","5.62 195 72.78001 195 0 0 0","5.66 195 72.78001 195 0 0 0","5.7 195 72.78001 195 0 0 0","5.74 195 72.78001 195 0 0 0","5.78 195 72.78001 195 0 0 0","5.82 195 72.78001 195 0 0 0","5.86 195 72.78001 195 0 0 0","5.9 195 72.78001 195 0 0 0","5.94 195 72.78001 195 0 0 0","5.98 195 72.78001 195 0 0 0","6.02 195 72.78001 195 0 0 0","6.06 195 72.78001 195 0 6 0","6.1 195 72.78001 195 0 18 0","6.14 195 72.78001 195 0 36 0","6.18 195 72.78001 195 0 48 0","6.22 195 72.78001 195 0 66 0","6.26 195 72.78001 195 0 78.00001 0","6.3 195 72.78001 195 0 96.00001 0","6.34 195 72.78001 195 0 108 0","6.38 195 72.78001 195 0 120 0","6.42 195 72.78001 195 0 138 0","6.46 195.15 72.78001 194.7402 0 150 0","6.5 195.3344 72.78001 194.1727 0 168 0","6.54 195.3971 72.78001 193.576 0 174 0","6.58 195.4598 72.78001 192.9793 0 174 0","6.62 195.5226 72.78 192.3825 0 174 0","6.66 195.5853 72.78001 191.7858 0 174 0","6.7 195.648 72.78001 191.1891 0 174 0","6.74 195.7107 72.78001 190.5924 0 174 0","6.78 195.7734 72.78001 189.9957 0 174 0","6.82 195.8361 72.78 189.399 0 174 0","6.86 195.8988 72.78001 188.8023 0 174 0","6.9 195.9616 72.78001 188.2056 0 174 0","6.94 196.0243 72.78001 187.6088 0 174 0","6.98 196.087 72.78001 187.0121 0 174 0","7.02 196.1497 72.78001 186.4154 0 174 0","7.06 196.2124 72.78 185.8187 0 174 0","7.1 196.2751 72.78001 185.222 0 174 0","7.14 196.3379 72.78001 184.6253 0 174 0","7.18 196.4006 72.78001 184.0286 0 174 0","7.22 196.4633 72.78001 183.4319 0 174 0","7.26 196.526 72.78001 182.8351 0 174 0","7.3 196.5887 72.78 182.2384 0 174 0","7.34 196.6514 72.78001 181.6417 0 174 0","7.38 196.7142 72.78001 181.045 0 174 0"]},{"trialNumber":3,"mapIndex":4,"mapName":"tartarus2","maxTrialDuration":0.0,"timeStepTrackingData":["Time x-position y-position z-position x-rotation y-rotation z-rotation","7.4 195 72.78001 195 0 0 0","7.42 195 72.78001 195 0 0 0","7.46 195 72.78 195 0 0 0","7.5 195 72.78 195 0 0 0","7.54 195 72.78 195 0 12 0","7.58 195 72.78 195 0 30 0","7.62 195 72.78 195 0 42 0","7.66 195 72.78 195 0 54 0","7.7 195 72.78 195 0 72 0","7.74 195 72.78 195 0 84 0","7.78 195 72.78 195 0 102 0","7.82 195 72.78 195 0 114 0","7.86 195 72.78 195 0 132 0","7.9 195 72.78 195 0 144 0","7.94 195 72.78 195 0 156 0","7.98 195 72.78 195 0 174 0","8.02 195 72.78 195 0 186 0","8.059999 194.878 72.78001 194.7259 0 204 0","8.099999 194.5516 72.78001 194.2234 0 216 0","8.139999 194.128 72.78 193.7997 0 228 0","8.179999 193.6425 72.78001 193.4471 0 234 0","8.22 193.1571 72.78001 193.0944 0 234 0","8.26 192.6717 72.78001 192.7417 0 234 0","8.3 192.1863 72.78001 192.3891 0 234 0","8.34 191.7009 72.78 192.0364 0 234 0","8.38 191.2155 72.78001 191.6837 0 234 0","8.42 190.7301 72.78001 191.331 0 234 0","8.46 190.2447 72.78001 190.9784 0 234 0","8.5 189.7593 72.78 190.6257 0 234 0","8.54 189.2739 72.78001 190.273 0 234 0","8.58 188.7885 72.78001 189.9204 0 234 0","8.62 188.303 72.78001 189.5677 0 234 0","8.66 187.8176 72.78 189.215 0 234 0","8.7 187.3322 72.78001 188.8624 0 234 0","8.74 186.8468 72.78001 188.5097 0 234 0","8.78 186.3614 72.78001 188.157 0 234 0","8.82 185.876 72.78001 187.8043 0 234 0","8.86 185.3421 72.78001 187.5323 0 246 0","8.9 184.7634 72.78001 187.3772 0 258 0","8.94 184.1633 72.78 187.3772 0 270 0","8.98 183.5634 72.78001 187.3772 0 270 0","9.02 182.9633 72.78001 187.3772 0 270 0","9.059999 182.3634 72.78001 187.3772 0 270 0","9.099999 181.7634 72.78001 187.3772 0 270 0","9.139999 181.1633 72.78001 187.3772 0 270 0","9.179999 180.5634 72.78 187.3772 0 270 0","9.22 179.9633 72.78001 187.3772 0 270 0","9.26 179.3634 72.78001 187.3772 0 270 0","9.3 178.7634 72.78001 187.3772 0 270 0","9.34 178.1633 72.78001 187.3772 0 270 0","9.38 177.5634 72.78001 187.3772 0 270 0","9.42 176.9633 72.78 187.3772 0 270 0","9.46 176.3634 72.78001 187.3772 0 270 0","9.5 175.7634 72.78001 187.3772 0 270 0","9.54 175.1634 72.78001 187.3772 0 270 0","9.58 174.5634 72.78001 187.3772 0 270 0","9.62 173.9633 72.78 187.3772 0 270 0","9.66 173.3634 72.78001 187.3772 0 270 0"]},{"trialNumber":4,"mapIndex":5,"mapName":"tartarus3","maxTrialDuration":0.0,"timeStepTrackingData":["Time x-position y-position z-position x-rotation y-rotation z-rotation","9.699266 195 72.5 195 0 0 0","9.719999 195 72.78001 195 0 0 0","9.76 195 72.78 195 0 0 0","9.8 195 72.78 195 0 0 0","9.84 195 72.78 195 0 0 0","9.88 195 72.78 195 0 0 0","9.92 195 72.78 195 0 0 0","9.96 195 72.78 195 0 0 0","10 195 72.78 195 0 0 0","10.04 195 72.78 195 0 12 0","10.08 195 72.78 195 0 24 0","10.12 195 72.78 195 0 42 0","10.16 195 72.78 195 0 54 0","10.2 195 72.78 195 0 72 0","10.24 195 72.78 195 0 84 0","10.28 195 72.78 195 0 96.00001 0","10.32 195 72.78 195 0 114 0","10.36 195 72.78 195 0 126 0","10.4 195 72.78 195 0 144 0","10.44 195.122 72.78001 194.7259 0 156 0","10.48 195.2771 72.78001 194.1472 0 168 0","10.52 195.2771 72.78 193.5472 0 180 0","10.56 195.2771 72.78001 192.9472 0 180 0","10.6 195.2771 72.78001 192.3472 0 180 0","10.64 195.2771 72.78001 191.7472 0 180 0","10.68 195.2771 72.78001 191.1472 0 180 0","10.72 195.2771 72.78001 190.5472 0 180 0","10.76 195.2771 72.78 189.9472 0 180 0","10.8 195.2771 72.78001 189.3472 0 180 0","10.84 195.2771 72.78001 188.7472 0 180 0","10.88 195.2771 72.78001 188.1472 0 180 0","10.92 195.2771 72.78001 187.5472 0 180 0","10.96 195.2771 72.78001 186.9472 0 180 0","11 195.2771 72.78 186.3472 0 180 0","11.04 195.2771 72.78001 185.7472 0 180 0","11.08 195.2771 72.78001 185.1472 0 180 0","11.12 195.2771 72.78001 184.5472 0 180 0","11.16 195.2771 72.78001 183.9472 0 180 0","11.2 195.2771 72.78001 183.3472 0 180 0","11.24 195.2771 72.78 182.7472 0 180 0","11.28 195.2771 72.78001 182.1472 0 180 0","11.32 195.2771 72.78001 181.5472 0 180 0","11.36 195.2771 72.78001 180.9472 0 180 0","11.4 195.2771 72.78001 180.3472 0 180 0","11.44 195.2771 72.78001 179.7472 0 180 0","11.48 195.2771 72.78 179.1472 0 180 0","11.52 195.2771 72.78001 178.5472 0 180 0","11.56 195.2771 72.78001 177.9472 0 180 0","11.6 195.2771 72.78001 177.3472 0 180 0"]},{"trialNumber":0,"mapIndex":0,"mapName":"","maxTrialDuration":0.0,"timeStepTrackingData":[]},{"trialNumber":0,"mapIndex":0,"mapName":"","maxTrialDuration":0.0,"timeStepTrackingData":[]},{"trialNumber":0,"mapIndex":0,"mapName":"","maxTrialDuration":0.0,"timeStepTrackingData":[]},{"trialNumber":0,"mapIndex":0,"mapName":"","maxTrialDuration":0.0,"timeStepTrackingData":[]},{"trialNumber":0,"mapIndex":0,"mapName":"","maxTrialDuration":0.0,"timeStepTrackingData":[]},{"trialNumber":0,"mapIndex":0,"mapName":"","maxTrialDuration":0.0,"timeStepTrackingData":[]},{"trialNumber":0,"mapIndex":0,"mapName":"","maxTrialDuration":0.0,"timeStepTrackingData":[]},{"trialNumber":0,"mapIndex":0,"mapName":"","maxTrialDuration":0.0,"timeStepTrackingData":[]},{"trialNumber":0,"mapIndex":0,"mapName":"","maxTrialDuration":0.0,"timeStepTrackingData":[]},{"trialNumber":0,"mapIndex":0,"mapName":"","maxTrialDuration":0.0,"timeStepTrackingData":[]},{"trialNumber":0,"mapIndex":0,"mapName":"","maxTrialDuration":0.0,"timeStepTrackingData":[]},{"trialNumber":0,"mapIndex":0,"mapName":"","maxTrialDuration":0.0,"timeStepTrackingData":[]},{"trialNumber":0,"mapIndex":0,"mapName":"","maxTrialDuration":0.0,"timeStepTrackingData":[]},{"trialNumber":0,"mapIndex":0,"mapName":"","maxTrialDuration":0.0,