{"participantData":{"id":"example"},"allTrialData":[{"trialNumber":0,"mapIndex":0,"mapName":"Persistent","maxTrialDuration":0.0,"movementTime":0.0,"trialError":false,"timeStepTrackingData":[]},{"trialNumber":1,"mapIndex":1,"mapName":"StartScreen","maxTrialDuration":0.0,"movementTime":0.0,"trialError":false,"timeStepTrackingData":[]},{"trialNumber":2,"mapIndex":2,"mapName":"tartarus1","maxTrialDuration":0.0,"movementTime":4.150097846984863,"trialError":false,"timeStepTrackingData":["Time x-position y-position z-position x-rotation y-rotation z-rotation","0.94 125 72.78001 185 0 0 0","0.96 125 72.78001 185 0 0 0","1 125 72.78 185 0 0 0","1.04 125 72.78 185 0 0 0","1.08 125 72.78 185 0 0 0","1.12 125 72.78 185 0 0 0","1.16 125 72.78 185 0 0 0","1.2 125 72.78 185 0 0 0","1.24 125 72.78 185 0 0 0","1.28 125 72.78 185 0 0 0","1.32 125 72.78 185 0 0 0","1.36 125 72.78 185 0 0 0","1.4 125 72.78 185 0 0 0","1.44 125 72.78 185 0 0 0","1.48 125 72.78 185 0 0 0","1.52 125 72.78 185 0 0 0","1.56 125 72.78 185 0 0 0","1.6 125 72.78 185 0 0 0","1.64 125 72.78 185 0 0 0","1.68 125 72.78 185 0 0 0","1.72 125 72.78 185 0 0 0","1.76 125 72.78 185 0 12 0","1.8 125 72.78 185 0 24 0","1.84 125 72.78 185 0 42 0","1.88 125 72.78 185 0 54 0","1.92 125 72.78 185 0 66 0","1.96 125 72.78 185 0 84 0","2 125 72.78 185 0 96.00001 0","2.04 125 72.78 185 0 114 0","2.08 125 72.78 185 0 126 0","2.12 125 72.78 185 0 138 0","2.16 125 72.78 185 0 156 0","2.2 125 72.78 185 0 168 0","2.24 125 72.78 185 0 168 0","2.28 125 72.78 185 0 168 0","2.32 125 72.78 185 0 168 0","2.36 125 72.78 185 0 168 0","2.4 125 72.78 185 0 168 0","2.44 125 72.78 185 0 168 0","2.48 125 72.78 185 0 168 0","2.52 125 72.78 185 0 168 0","2.56 125 72.78 185 0 168 0","2.6 125 72.78 185 0 168 0","2.64 125 72.78 185 0 156 0","2.68 125 72.78 185 0 144 0","2.72 125 72.78 185 0 126 0","2.76 125 72.78 185 0 120 0","2.8 125 72.78 185 0 120 0","2.84 125 72.78 185 0 120 0","2.88 125 72.78 185 0 120 0","2.92 125 72.78 185 0 120 0","2.96 125 72.78 185 0 120 0","3 125 72.78 185 0 132 0","3.04 125 72.78 185 0 144 0","3.08 125 72.78 185 0 156 0","3.12 125 72.78 185 0 168 0","3.16 125 72.78 185 0 168 0","3.2 125 72.78 185 0 168 0","3.24 125 72.78 185 0 168 0","3.28 125 72.78 185 0 168 0","3.32 125 72.78 185 0 168 0","3.36 125 72.78 185 0 168 0","3.4 125.0624 72.78001 184.7066 0 168 0","3.44 125.1871 72.78001 184.1197 0 168 0","3.48 125.3119 72.78 183.5328 0 168 0","3.52 125.4366 72.78001 182.9459 0 168 0","3.56 125.5614 72.78001 182.359 0 168 0","3.6 125.6861 72.78001 181.7721 0 168 0","3.64 125.8412 72.78001 181.1933 0 162 0","3.68 126.1395 72.78001 180.6766 0 144 0","3.72 126.5632 72.78 180.2529 0 132 0","3.76 127.0486 72.78001 179.9002 0 126 0","3.8 127.534 72.78001 179.5476 0 126 0","3.84 128.0195 72.78001 179.1949 0 126 0","3.88 128.5049 72.78001 178.8422 0 126 0","3.92 128.9903 72.78001 178.4895 0 126 0","3.96 129.4757 72.78 178.1369 0 126 0","4 129.9611 72.78001 177.7842 0 126 0","4.04 130.3848 72.78001 177.3605 0 138 0","4.08 130.6568 72.78001 176.8266 0 156 0","4.12 130.8422 72.78001 176.256 0 162 0","4.16 131.0276 72.78001 175.6854 0 162 0","4.2 131.213 72.78 175.1147 0 162 0","4.24 131.3984 72.78001 174.5441 0 162 0","4.28 131.5838 72.78001 173.9735 0 162 0","4.32 131.7693 72.78001 173.4028 0 162 0","4.36 131.9547 72.78001 172.8322 0 162 0","4.4 132.1401 72.78001 172.2616 0 162 0","4.44 132.3255 72.78 171.6909 0 162 0","4.48 132.5109 72.78001 171.1203 0 162 0","4.52 132.5109 72.78 171.1203 0 162 0","4.56 132.6036 72.78001 170.835 0 162 0","4.6 132.789 72.78001 170.2644 0 162 0","4.64 132.9744 72.78 169.6937 0 162 0","4.68 133.1598 72.78001 169.1231 0 162 0","4.72 133.3452 72.78001 168.5525 0 162 0","4.76 133.5307 72.78001 167.9818 0 162 0","4.8 133.7161 72.78001 167.4112 0 162 0","4.84 133.9015 72.78001 166.8406 0 162 0","4.88 134.0869 72.78 166.2699 0 162 0","4.92 134.1796 72.78 165.9846 0 162 0","4.96 134.1796 72.78 165.9846 0 162 0","5 134.1796 72.78 165.9846 0 162 0","5.04 134.1796 72.78 165.9846 0 162 0","5.08 134.1796 72.78 165.9846 0 162 0","5.12 134.1796 72.78 165.9846 0 162 0","5.16 134.1796 72.78 165.9846 0 162 0","5.2 134.1796 72.78 165.9846 0 162 0","5.24 134.1796 72.78 165.9846 0 162 0","5.28 134.365 72.78001 165.414 0 162 0","5.32 134.5504 72.78001 164.8433 0 162 0","5.36 134.7358 72.78001 164.2727 0 162 0","5.4 134.9212 72.78001 163.7021 0 162 0","5.44 135.1066 72.78001 163.1314 0 162 0","5.48 135.2921 72.78 162.5608 0 162 0","5.52 135.2921 72.78 162.5608 0 162 0","5.56 135.2921 72.78 162.5608 0 162 0","5.6 135.2921 72.78 162.5608 0 162 0","5.64 135.2921 72.78 162.5608 0 162 0","5.68 135.2921 72.78 162.5608 0 162 0","5.72 135.2921 72.78 162.5608 0 162 0","5.76 135.2921 72.78 162.5608 0 162 0","5.8 135.2921 72.78 162.5608 0 162 0","5.84 135.2921 72.78 162.5608 0 162 0","5.88 135.2921 72.78 162.5608 0 162 0","5.92 135.2921 72.78 162.5608 0 162 0","5.96 135.2921 72.78 162.5608 0 162 0","6 135.2921 72.78 162.5608 0 162 0","6.04 135.2921 72.78 162.5608 0 162 0","6.08 135.2921 72.78 162.5608 0 162 0","6.12 135.2921 72.78 162.5608 0 162 0","6.16 135.2921 72.78 162.5608 0 162 0","6.2 135.2921 72.78 162.5608 0 162 0","6.24 135.2921 72.78 162.5608 0 162 0","6.28 135.2921 72.78 162.5608 0 162 0","6.32 135.2921 72.78 162.5608 0 162 0","6.36 135.2921 72.78 162.5608 0 162 0","6.4 135.2921 72.78 162.5608 0 162 0","6.44 135.2921 72.78 162.5608 0 162 0","6.48 135.2921 72.78 162.5608 0 162 0","6.52 135.2921 72.78 162.5608 0 162 0","6.56 135.2921 72.78 162.5608 0 162 0","6.6 135.2921 72.78 162.5608 0 162 0","6.64 135.2921 72.78 162.5608 0 162 0","6.68 135.2921 72.78 162.5608 0 162 0","6.72 135.2921 72.78 162.5608 0 162 0"]},{"trialNumber":0,"mapIndex":0,"mapName":"","maxTrialDuration":0.0,"movementTime":0.0,"trialError":false,"timeStepTrackingData":[]},{"trialNumber":0,"mapIndex":0,"mapName":"","maxTrialDuration":0.0,"movementTime":0.0,"trialError":false,"timeStepTrackingData":[]},{"trialNumber":0,"mapIndex":0,"mapName":"","maxTrialDuration":0.0,"movementTime":0.0,"trialError":false,"timeStepTrackingData":[]},{"trialNumber":0,"mapIndex":0,"mapName":"","maxTrialDuration":0.0,"movementTime":0.0,"trialError":false,"timeStepTrackingData":[]},{"trialNumber":0,"mapIndex":0,"mapName":"","maxTrialDuration":0.0,"movementTime":0.0,"trialError":false,"timeStepTrackingData":[]},{"trialNumber":0,"mapIndex":0,"mapName":"","maxTrialDuration":0.0,"movementTime":0.0,"trialError":false,"timeStepTrackingData":[]},{"trialNumber":0,"mapIndex":0,"mapName":"","maxTrialDuration":0.0,"movementTime":0.0,"trialError":false,"timeStepTrackingData":[]},{"trialNumber":0,"mapIndex":0,"mapName":"","maxTrialDuration":0.0,"movementTime":0.0,"trialError":false,"timeStepTrackingData":[]},{"trialNumber":0,"mapIndex":0,"mapName":"","maxTrialDuration":0.0,"movementTime":0.0,"trialError":false,"timeStepTrackingData":[]},{"trialNumber":0,"mapIndex":0,"mapName":"","maxTrialDuration":0.0,"movementTime":0.0,"trialError":false,"timeStepTrackingData":[]},{"trialNumber":0,"mapIndex":0,"mapName":"","maxTrialDuration":0.0,"movementTime":0.0,"trialError":false,"timeStepTrackingData":[]},{"trialNumber":0,"mapIndex":0,"mapName":"","maxTrialDuration":0.0,"movementTime":0.0,"trialError":false,"timeStepTrackingData":[]},{"trialNumber":0,"mapIndex":0,"mapName":"","maxTrialDuration":0.0,"movementTime":0.0,"trialError":false,"timeStepTrackingData":[]},{"trialNumber":0,"mapIndex":0,"mapName":"","maxTrialDuration":0.0,"movementTime":0.0,"trialError":false,"timeStepTrackingData":[]},{"trialNumber":0,"mapIndex":0,"mapName":"","maxTrialDuration":0.0,"movementTime":0.0,"trialError":false,"timeStepTrackingData":[]},{"trialNumber":0,"mapIndex":0,"mapName":"","maxTrialDuration":0.0,"movementTime":0.0,"trialError":false,"timeStepTrackingData":[]},{"trialNumber":0,"mapIndex":0,"mapName":"","maxTrialDuration":0.0,"movementTime":0.0,"trialError":false,"timeStepTrackingData":[]},{"trialNumber":0,"mapIndex":0,"mapName":"","maxTrialDuration":0.0,"movementTime":0.0,"trialError":false,