{"participantData":{"id":"efef"},"allTrialData":[{"trialNumber":0,"mapIndex":0,"mapName":"Persistent","maxMovementTime":0.0,"firstMovementTime":0.0,"totalMovementTime":0.0,"FLAG_trialTimeout":false,"FLAG_trialError":false,"stateTransitions":[],"timeStepTrackingData":[]},{"trialNumber":1,"mapIndex":1,"mapName":"StartScreen","maxMovementTime":0.0,"firstMovementTime":0.0,"totalMovementTime":0.0,"FLAG_trialTimeout":false,"FLAG_trialError":false,"stateTransitions":[],"timeStepTrackingData":[]},{"trialNumber":2,"mapIndex":2,"mapName":"tartarus1","maxMovementTime":0.0,"firstMovementTime":0.0,"totalMovementTime":0.0,"FLAG_trialTimeout":false,"FLAG_trialError":true,"stateTransitions":["Game State","1","2","3","3","3","3","3","3","3","3","3","3","3","3","3","3","3","3","3","3","3","3","3","3","3","3","3","3","3","3","3","3","3","3","3","3","3","3","3","3","5","5","5","5","5","5","5","5","5","5","5","5","5","5","5","5","5","5","5","5","5","5","5","5","5","5","5","5","5","5","5","5","5","5","5","5","5","5","5","5","5","5","5","5","5","5","5","5","5","5","5","5","5","5","5","5","5","5","5","5","5","5","5","5","5","5","5","5","5","5","5","5","5","5","5","5","13","13","13","13","13","13","13","13","13","13","13","13","13","13","13","13","13","13","13","13","13","13","13","13","13"],"timeStepTrackingData":["Time x-position y-position z-position x-rotation y-rotation z-rotation","1.52 155 72.78001 155 0 0 0","1.54 155 72.78001 155 0 0 0","1.58 155 72.78001 155 0 0 0","1.62 155 72.78001 155 0 0 0","1.66 155 72.78001 155 0 0 0","1.7 155 72.78001 155 0 0 0","1.74 155 72.78001 155 0 0 0","1.78 155 72.78001 155 0 0 0","1.82 155 72.78001 155 0 0 0","1.86 155 72.78001 155 0 0 0","1.9 155 72.78001 155 0 0 0","1.94 155 72.78001 155 0 0 0","1.98 155 72.78001 155 0 0 0","2.02 155 72.78001 155 0 0 0","2.06 155 72.78001 155 0 0 0","2.1 155 72.78001 155 0 0 0","2.14 155 72.78001 155 0 0 0","2.18 155 72.78001 155 0 0 0","2.22 155 72.78001 155 0 0 0","2.26 155 72.78001 155 0 0 0","2.3 155 72.78001 155 0 0 0","2.34 155 72.78001 155 0 0 0","2.38 155 72.78001 155 0 0 0","2.42 155 72.78001 155 0 0 0","2.46 155 72.78001 155 0 0 0","2.5 155 72.78001 155 0 0 0","2.54 155 72.78001 155 0 0 0","2.58 155 72.78001 155 0 0 0","2.62 155 72.78001 155 0 0 0","2.66 155 72.78001 155 0 0 0","2.7 155 72.78001 155 0 0 0","2.74 155 72.78001 155 0 0 0","2.78 155 72.78001 155 0 0 0","2.82 155 72.78001 155 0 0 0","2.86 155 72.78001 155 0 0 0","2.9 155 72.78001 155 0 0 0","2.94 155 72.78001 155 0 0 0","2.98 155 72.78001 155 0 0 0","3.02 155 72.78001 155 0 0 0","3.06 155 72.78001 155 0 0 0","3.1 155 72.78001 155 0 0 0","3.14 155 72.78001 155 0 0 0","3.18 155 72.78001 155 0 0 0","3.22 155 72.78001 155 0 0 0","3.26 155 72.78001 155 0 356 0","3.3 155 72.78001 155 0 348 0","3.34 155 72.78001 155 0 340 0","3.38 155 72.78001 155 0 336 0","3.42 155 72.78001 155 0 336 0","3.46 155 72.78001 155 0 336 0","3.5 154.8942 72.78001 155.2375 0 336 0","3.54 154.6827 72.78001 155.7126 0 336 0","3.58 154.4712 72.78001 156.1876 0 336 0","3.62 154.2597 72.78001 156.6627 0 336 0","3.66 154.0482 72.78 157.1377 0 336 0","3.7 153.8876 72.78001 157.6319 0 344 0","3.74 153.8154 72.78001 158.1456 0 356 0","3.78 153.8336 72.78001 158.665 0 3.999997 0","3.82 153.8699 72.78 159.1837 0 3.999997 0","3.86 153.9061 72.78001 159.7025 0 3.999997 0","3.9 153.9424 72.78001 160.2212 0 3.999997 0","3.94 153.9787 72.78001 160.7399 0 3.999997 0","3.98 154.015 72.78 161.2587 0 3.999997 0","4.02 154.0512 72.78001 161.7774 0 3.999997 0","4.06 154.0694 72.78001 162.2968 0 -2.609874E-06 0","4.1 154.015 72.78001 162.8136 0 352 0","4.14 153.8544 72.78001 163.3078 0 340 0","4.18 153.6266 72.78 163.7749 0 332 0","4.22 153.3511 72.78001 164.2159 0 328 0","4.26 153.0755 72.78001 164.6569 0 328 0","4.3 152.8 72.78001 165.0979 0 328 0","4.34 152.5244 72.78001 165.5389 0 328 0","4.38 152.2488 72.78 165.9799 0 328 0","4.42 151.9733 72.78 166.4208 0 328 0","4.46 151.6977 72.78001 166.8618 0 328 0","4.5 151.4222 72.78001 167.3028 0 328 0","4.54 151.1466 72.78001 167.7438 0 328 0","4.58 150.8711 72.78001 168.1848 0 328 0","4.62 150.5955 72.78 168.6258 0 328 0","4.66 150.3199 72.78001 169.0668 0 328 0","4.7 150.0444 72.78001 169.5077 0 328 0","4.74 149.7688 72.55685 169.9487 0 328 0","4.78 149.4933 72.53331 170.3897 0 328 0","4.82 149.1455 72.47838 170.7759 0 316 0","4.86 148.7474 72.39204 171.11 0 308 0","4.9 148.3377 72.27433 171.4301 0 308 0","4.94 147.9279 72.12521 171.7502 0 308 0","4.98 147.5181 71.94471 172.0704 0 308 0","5.02 147.1084 71.73282 172.3905 0 308 0","5.06 146.6986 71.48952 172.7107 0 308 0","5.1 146.2782 71.21485 173.0161 0 304 0","5.14 145.8193 70.90878 173.2601 0 296 0","5.18 145.331 70.57131 173.4379 0 288 0","5.22 144.8163 70.20245 173.5102 0 276 0","5.26 144.2967 69.80221 173.5102 0 268 0","5.3 143.7883 69.37057 173.4021 0 256 0","5.34 143.3 68.90754 173.2244 0 248 0","5.38 143.0663 68.41311 173.1104 0 236 0","5.42 143.0663 67.8873 173.1104 0 228 0","5.46 143.0663 67.33009 173.1104 0 220 0","5.5 143.0663 66.74149 173.1104 0 208 0","5.54 143.0663 66.1215 173.1104 0 200 0","5.58 143.0663 65.47012 173.1104 0 188 0","5.62 143.0663 64.78734 173.1104 0 180 0","5.66 143.0663 64.07317 173.1104 0 172 0","5.7 143.0663 63.32761 173.1104 0 168 0","5.74 143.0663 62.55066 173.1104 0 168 0","5.78 143.0663 61.74231 173.1104 0 168 0","5.82 143.0663 60.90258 173.1104 0 168 0","5.86 143.0663 60.03145 173.1104 0 168 0","5.9 143.0663 59.12893 173.1104 0 168 0","5.94 143.0663 58.19502 173.1104 0 176 0","5.98 143.0663 57.22971 173.1104 0 188 0","6.02 143.0663 56.23302 173.1104 0 192 0","6.06 143.0663 55.20493 173.1104 0 192 0","6.1 143.0663 54.14545 173.1104 0 192 0","6.14 143.0663 53.05457 173.1104 0 192 0","6.18 143.0663 51.93231 173.1104 0 192 0","6.22 143.0663 50.77865 173.1104 0 192 0","6.26 143.0663 49.59361 173.1104 0 192 0","6.3 143.0663 48.37716 173.1104 0 184 0","6.34 143.0663 47.12933 173.1104 0 176 0","6.38 143.0663 45.85011 173.1104 0 172 0","6.42 143.0663 44.53949 173.1104 0 172 0","6.46 143.0663 43.19748 173.1104 0 172 0","6.5 143.0663 41.82408 173.1104 0 172 0","6.54 143.0663 40.41929 173.1104 0 172 0","6.58 143.0663 38.9831 173.1104 0 172 0","6.62 143.0663 37.51553 173.1104 0 172 0","6.66 143.0663 36.01656 173.1104 0 172 0","6.7 143.0663 34.4862 173.1104 0 172 0","6.74 143.0663 32.92445 173.1104 0 172 0","6.78 143.0663 31.3313 173.1104 0 172 0","6.82 143.0663 29.70677 173.1104 0 172 0","6.86 143.0663 28.05084 173.1104 0 172 0","6.9 143.0663 26.36352 173.1104 0 172 0","6.94 143.0663 24.64481 173.1104 0 172 0","6.98 143.0663 22.8947 173.1104 0 172 0","7.02 143.0663 21.11321 173.1104 0 172 0","7.06 143.0663 19.30032 173.1104 0 172 0","7.1 143.0663 17.45604 173.1104 0 172 0"]},{"trialNumber":0,"mapIndex":0,"mapName":"","maxMovementTime":0.0,"firstMovementTime":0.0,"totalMovementTime":0.0,"FLAG_trialTimeout":false,"FLAG_trialError":false,"stateTransitions":[],"timeStepTrackingData":[]},{"trialNumber":0,"mapIndex":0,"mapName":"","maxMovementTime":0.0,"firstMovementTime":0.0,"totalMovementTime":0.0,"FLAG_trialTimeout":false,"FLAG_trialError":false,"stateTransitions":[],"timeStepTrackingData":[]},{"trialNumber":0,"mapIndex":0,"mapName":"","maxMovementTime":0.0,"firstMovementTime":0.0,"totalMovementTime":0.0,"FLAG_trialTimeout":false,"FLAG_trialError":false,"stateTransitions":[],"timeStepTrackingData":[]},{"trialNumber":0,"mapIndex":0,"mapName":"","maxMovementTime":0.0,"firstMovementTime":0.0,"totalMovementTime":0.0,"FLAG_trialTimeout":false,"FLAG_trialError":false,"stateTransitions":[],"timeStepTrackingData":[]},{"trialNumber":0,"mapIndex":0,"mapName":"","maxMovementTime":0.0,"firstMovementTime":0.0,"totalMovementTime":0.0,"FLAG_trialTimeout":false,"FLAG_trialError":false,"stateTransitions":[],"timeStepTrackingData":[]},{"trialNumber":0,"mapIndex":0,"mapName":"","maxMovementTime":0.0,"firstMovementTime":0.0,"totalMovementTime":0.0,"FLAG_trialTimeout":false,"FLAG_trialError":false,"stateTransitions":[],"timeStepTrackingData":[]},{"trialNumber":0,