{"participantData":{"id":"drgrg"},"allTrialData":[{"trialNumber":0,"mapIndex":0,"mapName":"Persistent","maxTrialDuration":0.0,"firstMovementTime":0.0,"totalMovementTime":0.0,"trialError":false,"timeStepTrackingData":[]},{"trialNumber":1,"mapIndex":1,"mapName":"StartScreen","maxTrialDuration":0.0,"firstMovementTime":0.0,"totalMovementTime":0.0,"trialError":false,"timeStepTrackingData":[]},{"trialNumber":2,"mapIndex":2,"mapName":"tartarus1","maxTrialDuration":0.0,"firstMovementTime":0.0,"totalMovementTime":0.0,"trialError":false,"timeStepTrackingData":["Time x-position y-position z-position x-rotation y-rotation z-rotation","1.86 165 72.78001 135 0 0 0","1.88 165 72.78001 135 0 0 0","1.92 165 72.78001 135 0 0 0","1.96 165 72.78001 135 0 0 0","2 165 72.78001 135 0 0 0","2.04 165 72.78001 135 0 0 0","2.08 165 72.78001 135 0 0 0","2.12 165 72.78001 135 0 0 0","2.16 165 72.78001 135 0 0 0","2.2 165 72.78001 135 0 0 0","2.24 165 72.78001 135 0 0 0","2.28 165 72.78001 135 0 0 0","2.32 165 72.78001 135 0 0 0","2.36 165 72.78001 135 0 0 0","2.4 165 72.78001 135 0 0 0","2.44 165 72.78001 135 0 0 0","2.48 165 72.78001 135 0 0 0","2.52 165 72.78001 135 0 0 0","2.56 165 72.78001 135 0 0 0","2.6 165 72.78001 135 0 0 0","2.64 165 72.78001 135 0 0 0","2.68 165 72.78001 135 0 0 0","2.72 165 72.78001 135 0 0 0","2.76 165 72.78001 135 0 0 0","2.8 165 72.78001 135 0 0 0","2.84 165 72.78001 135 0 0 0","2.88 165 72.78001 135 0 0 0","2.92 165 72.78001 135 0 0 0","2.96 165 72.78001 135 0 0 0","3 165 72.78001 135 0 0 0","3.04 165 72.78001 135 0 0 0","3.08 165 72.78001 135 0 0 0","3.12 165 72.78001 135 0 0 0","3.16 165 72.78001 135 0 0 0","3.2 165 72.78001 135 0 0 0","3.24 165 72.78001 135 0 0 0","3.28 165 72.78001 135 0 0 0","3.32 165 72.78001 135 0 0 0","3.36 165 72.78001 135 0 0 0","3.4 165 72.78001 135 0 0 0","3.44 165 72.78001 135 0 0 0","3.48 165 72.78001 135 0 0 0","3.52 165 72.78001 135 0 0 0","3.56 165 72.78001 135 0 0 0","3.6 165 72.78001 135 0 0 0","3.64 165 72.78001 135 0 0 0","3.68 165 72.78001 135 0 0 0","3.72 165 72.78001 135 0 0 0","3.76 165 72.78001 135 0 0 0","3.8 165 72.78001 135 0 0 0","3.84 165 72.78001 135 0 0 0","3.88 165 72.78001 135 0 0 0","3.92 165 72.78001 135 0 0 0","3.96 165 72.78001 135 0 0 0","4 165 72.78001 135 0 0 0","4.04 165 72.78001 135 0 0 0","4.08 165 72.78001 135 0 0 0","4.12 165 72.78001 135 0 4 0","4.16 165 72.78001 135 0 12 0","4.2 165 72.78001 135 0 24 0","4.24 165 72.78001 135 0 32 0","4.28 165 72.78001 135 0 44 0","4.32 165 72.78001 135 0 51.99999 0","4.36 165 72.78001 135 0 60 0","4.4 165 72.78001 135 0 71.99998 0","4.44 165 72.78001 135 0 79.99998 0","4.48 165 72.78001 135 0 87.99998 0","4.52 165 72.78001 135 0 87.99998 0","4.56 165 72.78001 135 0 87.99998 0","4.6 165 72.78001 135 0 87.99998 0","4.64 165 72.78001 135 0 87.99998 0","4.68 165 72.78001 135 0 79.99998 0","4.72 165 72.78001 135 0 71.99998 0","4.76 165 72.78001 135 0 59.99999 0","4.8 165 72.78001 135 0 51.99998 0","4.84 165 72.78001 135 0 43.99999 0","4.88 165.2906 72.78001 135.4308 0 31.99999 0","4.92 165.5184 72.78001 135.8979 0 23.99999 0","4.96 165.6614 72.78 136.3966 0 11.99999 0","5 165.7338 72.78001 136.9115 0 7.99999 0","5.04 165.8061 72.78001 137.4264 0 7.99999 0","5.08 165.8785 72.78001 137.9414 0 7.99999 0","5.12 165.9509 72.78001 138.4563 0 7.99999 0","5.16 166.0233 72.78 138.9713 0 7.99999 0","5.2 166.0956 72.78001 139.4862 0 7.99999 0","5.24 166.168 72.78001 140.0011 0 7.99999 0","5.28 166.2404 72.57215 140.5161 0 7.99999 0","5.32 166.3127 72.53291 141.031 0 7.99999 0","5.36 166.3851 72.46228 141.546 0 7.99999 0","5.4 166.4575 72.36026 142.0609 0 7.99999 0","5.44 166.5298 72.22684 142.5758 0 7.99999 0","5.48 166.6022 72.06203 143.0908 0 7.99999 0","5.52 166.6746 71.86584 143.6057 0 7.99999 0","5.56 166.7469 71.63824 144.1207 0 7.99999 0","5.6 166.8193 71.37926 144.6356 0 7.99999 0","5.64 166.9096 71.08888 145.1474 0 11.99999 0","5.68 167.0701 70.76711 145.6416 0 19.99999 0","5.72 167.3137 70.41396 146.0996 0 31.99999 0","5.76 167.6336 70.0294 146.5092 0 39.99999 0","5.8 167.9949 69.61346 146.8832 0 43.99999 0","5.84 167.9949 69.16612 146.8832 0 43.99999 0","5.88 167.9949 68.68739 146.8832 0 43.99999 0","5.92 167.9949 68.17728 146.8832 0 43.99999 0","5.96 167.9949 67.63577 146.8832 0 43.99999 0","6 167.9949 67.06286 146.8832 0 43.99999 0","6.04 167.9949 66.45856 146.8832 0 43.99999 0","6.08 167.9949 65.82288 146.8832 0 43.99999 0","6.12 167.9949 65.1558 146.8832 0 43.99999 0","6.16 167.9949 64.45733 146.8832 0 43.99999 0","6.2 167.9949 63.72746 146.8832 0 43.99999 0","6.24 167.9949 62.96621 146.8832 0 43.99999 0","6.28 167.9949 62.17356 146.8832 0 43.99999 0","6.32 167.9949 61.34952 146.8832 0 43.99999 0","6.36 167.9949 60.49408 146.8832 0 43.99999 0","6.4 167.9949 59.60726 146.8832 0 43.99999 0","6.44 167.9949 58.68904 146.8832 0 43.99999 0","6.48 167.9949 57.73944 146.8832 0 43.99999 0","6.52 167.9949 56.75843 146.8832 0 43.99999 0","6.56 167.9949 55.74604 146.8832 0 52 0","6.6 167.9949 54.70226 146.8832 0 63.99999 0","6.64 167.9949 53.62708 146.8832 0 63.99999 0","6.68 167.9949 52.52052 146.8832 0 63.99999 0","6.72 167.9949 51.38255 146.8832 0 63.99999 0","6.76 167.9949 50.2132 146.8832 0 63.99999 0","6.8 167.9949 49.01245 146.8832 0 63.99999 0","6.84 167.9949 47.78032 146.8832 0 63.99999 0","6.88 167.9949 46.51679 146.8832 0 63.99999 0","6.92 167.9949 45.22187 146.8832 0 63.99999 0","6.96 167.9949 43.89556 146.8832 0 63.99999 0","7 167.9949 42.53785 146.8832 0 63.99999 0","7.04 167.9949 41.14875 146.8832 0 63.99999 0","7.08 167.9949 39.72827 146.8832 0 63.99999 0","7.12 167.9949 38.27639 146.8832 0 63.99999 0","7.16 167.9949 36.79311 146.8832 0 63.99999 0","7.2 167.9949 35.27845 146.8832 0 63.99999 0","7.24 167.9949 33.7324 146.8832 0 63.99999 0","7.28 167.9949 32.15495 146.8832 0 63.99999 0","7.32 167.9949 30.54611 146.8832 0 63.99999 0","7.36 167.9949 28.90587 146.8832 0 63.99999 0","7.4 167.9949 27.23425 146.8832 0 63.99999 0","7.44 167.9949 25.53123 146.8832 0 63.99999 0","7.48 167.9949 23.79683 146.8832 0 63.99999 0","7.52 167.9949 22.03103 146.8832 0 63.99999 0","7.56 167.9949 20.23384 146.8832 0 63.99999 0","7.6 167.9949 18.40525 146.8832 0 63.99999 0"]},{"trialNumber":0,"mapIndex":0,"mapName":"","maxTrialDuration":0.0,"firstMovementTime":0.0,"totalMovementTime":0.0,"trialError":false,"timeStepTrackingData":[]},{"trialNumber":0,"mapIndex":0,"mapName":"","maxTrialDuration":0.0,"firstMovementTime":0.0,"totalMovementTime":0.0,"trialError":false,"timeStepTrackingData":[]},{"trialNumber":0,"mapIndex":0,"mapName":"","maxTrialDuration":0.0,"firstMovementTime":0.0,"totalMovementTime":0.0,"trialError":false,"timeStepTrackingData":[]},{"trialNumber":0,"mapIndex":0,"mapName":"","maxTrialDuration":0.0,"firstMovementTime":0.0,"totalMovementTime":0.0,"trialError":false,"timeStepTrackingData":[]},{"trialNumber":0,"mapIndex":0,"mapName":"","maxTrialDuration":0.0,"firstMovementTime":0.0,"totalMovementTime":0.0,"trialError":false,"timeStepTrackingData":[]},{"trialNumber":0,"mapIndex":0,"mapName":"","maxTrialDuration":0.0,"firstMovementTime":0.0,"totalMovementTime":0.0,"trialError":false,"timeStepTrackingData":[]},{"trialNumber":0,"mapIndex":0,"mapName":"","maxTrialDuration":0.0,"firstMovementTime":0.0,"totalMovementTime":0.0,"trialError":false,"timeStepTrackingData":[]},{"trialNumber":0,"mapIndex":0,"mapName":"","maxTrialDuration":0.0,"firstMovementTime":0.0,"totalMovementTime":0.0,"trialError":false,"timeStepTrackingData":[]},{"trialNumber":0,"mapIndex":0,"mapName":"","maxTrialDuration":0.0,"firstMovementTime":0.0,"totalMovementTime":0.0,"trialError":false,"timeStepTrackingData":[]},{"trialNumber":0,"mapIndex":0,"mapName":"","maxTrialDuration":0.0,"firstMovementTime":0.0,"totalMovementTime":0.0,"trialError":false,"timeStepTrackingData":[]},{"trialNumber":0,"mapIndex":0,"mapName":"","maxTrialDuration":0.0,"firstMovementTime":0.0,"totalMovementTime":0.0,"trialError":false,"timeStepTrackingData":[]},{"trialNumber":0,"mapIndex":0,"mapName":"",