{"participantData":{"id":"Hannah"},"allTrialData":[{"trialNumber":0,"mapIndex":0,"mapName":"Persistent","maxTrialDuration":0.0,"timeStepTrackingData":[]},{"trialNumber":1,"mapIndex":1,"mapName":"StartScreen","maxTrialDuration":0.0,"timeStepTrackingData":[]},{"trialNumber":2,"mapIndex":3,"mapName":"tartarus1","maxTrialDuration":0.0,"timeStepTrackingData":["Time x-position y-position z-position x-rotation y-rotation z-rotation","4.84 195 72.78001 195 0 0 0","4.86 195 72.78001 195 0 0 0","4.9 195 72.78001 195 0 0 0","4.94 195 72.78001 195 0 0 0","4.98 195 72.78001 195 0 0 0","5.02 195 72.78001 195 0 0 0","5.06 195 72.78001 195 0 0 0","5.1 195 72.78001 195 0 0 0","5.14 195 72.78001 195 0 0 0","5.18 195 72.78001 195 0 0 0","5.22 195 72.78001 195 0 0 0","5.26 195 72.78001 195 0 0 0","5.3 195 72.78001 195 0 0 0","5.34 195 72.78001 195 0 0 0","5.38 195 72.78001 195 0 0 0","5.42 195 72.78001 195 0 0 0","5.46 195 72.78001 195 0 0 0","5.5 195 72.78001 195 0 0 0","5.54 195 72.78001 195 0 0 0","5.58 195 72.78001 195 0 0 0","5.62 195 72.78001 195 0 0 0","5.66 195 72.78001 195 0 0 0","5.7 195 72.78001 195 0 0 0","5.74 195 72.78001 195 0 0 0","5.78 195 72.78001 195 0 0 0","5.82 195 72.78001 195 0 0 0","5.86 195 72.78001 195 0 6 0","5.9 195 72.78001 195 0 24 0","5.94 195 72.78001 195 0 36 0","5.98 195 72.78001 195 0 54 0","6.02 195 72.78001 195 0 66 0","6.06 195 72.78001 195 0 78.00001 0","6.1 195 72.78001 195 0 96.00001 0","6.14 195 72.78001 195 0 108 0","6.18 195 72.78001 195 0 126 0","6.22 195 72.78001 195 0 138 0","6.26 195 72.78001 195 0 156 0","6.3 195.1854 72.78 194.4294 0 162 0","6.34 195.3708 72.78001 193.8587 0 162 0","6.38 195.5562 72.78001 193.2881 0 162 0","6.42 195.7416 72.78001 192.7175 0 162 0","6.46 195.927 72.78001 192.1468 0 162 0","6.5 196.1125 72.78001 191.5762 0 162 0","6.54 196.2979 72.78 191.0056 0 162 0","6.58 196.4529 72.78001 190.4268 0 168 0","6.62 196.4843 72.78001 189.8284 0 180 0","6.66 196.3292 72.78001 189.2497 0 198 0","6.7 196.0852 72.78 188.7016 0 204 0","6.74 195.8411 72.78001 188.1534 0 204 0","6.78 195.5971 72.78001 187.6053 0 204 0","6.82 195.3531 72.78001 187.0572 0 204 0","6.86 195.109 72.78001 186.509 0 204 0","6.9 194.865 72.78001 185.9609 0 204 0","6.94 194.6209 72.78001 185.4128 0 204 0","6.98 194.3769 72.78001 184.8647 0 204 0","7.02 194.1328 72.78001 184.3165 0 204 0","7.06 193.8888 72.78 183.7684 0 204 0","7.1 193.6448 72.78001 183.2203 0 204 0","7.14 193.4007 72.78001 182.6721 0 204 0","7.18 193.1567 72.78001 182.124 0 204 0","7.22 192.9126 72.78 181.5759 0 204 0","7.26 192.6686 72.78001 181.0278 0 204 0","7.3 192.4246 72.78001 180.4796 0 204 0","7.34 192.2098 72.78001 179.9203 0 198 0","7.38 192.1161 72.78001 179.3285 0 186 0","7.42 192.1475 72.78001 178.7301 0 174 0","7.46 192.2102 72.78001 178.1334 0 174 0","7.5 192.2729 72.78 177.5367 0 174 0","7.54 192.3356 72.78001 176.94 0 174 0","7.58 192.3983 72.78001 176.3433 0 174 0","7.62 192.461 72.78001 175.7466 0 174 0","7.66 192.5238 72.78001 175.1498 0 174 0","7.7 192.5865 72.78001 174.5531 0 174 0","7.74 192.6492 72.78 173.9564 0 174 0","7.78 192.7119 72.78001 173.3597 0 174 0","7.82 192.7746 72.78001 172.763 0 174 0","7.86 192.8373 72.78001 172.1663 0 174 0","7.9 192.9001 72.78001 171.5695 0 174 0","7.94 192.9628 72.78001 170.9728 0 174 0","7.98 193.0255 72.78 170.3761 0 174 0","8.02 193.0882 72.78001 169.7794 0 174 0","8.059999 193.1509 72.78001 169.1827 0 174 0","8.099999 193.2136 72.78001 168.586 0 174 0","8.139999 193.2764 72.78001 167.9893 0 174 0","8.179999 193.3391 72.78 167.3926 0 174 0","8.22 193.4018 72.78001 166.7959 0 174 0","8.26 193.4645 72.78001 166.1991 0 174 0","8.3 193.5272 72.78001 165.6024 0 174 0"]},{"trialNumber":3,"mapIndex":4,"mapName":"tartarus2","maxTrialDuration":0.0,"timeStepTrackingData":["Time x-position y-position z-position x-rotation y-rotation z-rotation","8.34 195 72.78001 195 0 0 0","8.36 195 72.78001 195 0 0 0","8.4 195 72.78 195 0 0 0","8.44 195 72.78 195 0 0 0","8.48 195 72.78 195 0 0 0","8.52 195 72.78 195 0 0 0","8.559999 195 72.78 195 0 0 0","8.599999 195 72.78 195 0 0 0","8.639999 195 72.78 195 0 0 0","8.679999 195 72.78 195 0 6 0","8.72 195 72.78 195 0 24 0","8.76 195 72.78 195 0 36 0","8.8 195 72.78 195 0 54 0","8.84 195 72.78 195 0 66 0","8.88 195 72.78 195 0 84 0","8.92 195 72.78 195 0 96.00001 0","8.96 195 72.78 195 0 108 0","9 195 72.78 195 0 126 0","9.04 195 72.78 195 0 138 0","9.08 195 72.78 195 0 156 0","9.12 195 72.78 195 0 168 0","9.16 195 72.78 195 0 180 0","9.2 195 72.78 195 0 198 0","9.24 195 72.78 195 0 210 0","9.28 194.7993 72.78001 194.7771 0 222 0","9.32 194.3978 72.78001 194.3312 0 222 0","9.36 193.9963 72.78 193.8853 0 222 0","9.4 193.5948 72.78001 193.4394 0 222 0","9.44 193.1933 72.78001 192.9935 0 222 0","9.48 192.7919 72.78001 192.5476 0 222 0","9.52 192.3904 72.78 192.1017 0 222 0","9.559999 191.9889 72.78001 191.6559 0 222 0","9.599999 191.5874 72.78001 191.21 0 222 0","9.639999 191.186 72.78001 190.7641 0 222 0","9.679999 190.7623 72.78 190.3404 0 228 0","9.719999 190.2598 72.78001 190.0141 0 240 0","9.76 189.6922 72.78001 189.8297 0 258 0","9.8 189.0955 72.78 189.767 0 264 0","9.84 188.4988 72.78001 189.7042 0 264 0","9.88 187.9021 72.78001 189.6415 0 264 0","9.92 187.3054 72.78001 189.5788 0 264 0","9.96 186.7087 72.78001 189.5161 0 264 0","10 186.112 72.78001 189.4534 0 264 0","10.04 185.5153 72.78 189.3906 0 264 0","10.08 184.9185 72.78001 189.3279 0 264 0","10.12 184.3218 72.78001 189.2652 0 264 0","10.16 183.7251 72.78001 189.2025 0 264 0","10.2 183.1284 72.78001 189.1398 0 264 0","10.24 182.5317 72.78001 189.0771 0 264 0","10.28 181.935 72.78 189.0143 0 264 0","10.32 181.3383 72.78001 188.9516 0 264 0","10.36 180.7415 72.78001 188.8889 0 264 0","10.4 180.1448 72.78001 188.8262 0 264 0","10.44 179.5481 72.78001 188.7635 0 264 0","10.48 178.9514 72.78001 188.7008 0 264 0","10.52 178.3547 72.78001 188.638 0 264 0","10.56 177.758 72.78 188.5753 0 264 0","10.6 177.1613 72.78001 188.5126 0 264 0","10.64 176.5825 72.78001 188.3575 0 252 0","10.68 176.0486 72.78 188.0855 0 240 0","10.72 175.6052 72.78001 187.6862 0 222 0","10.76 175.2037 72.78001 187.2403 0 222 0","10.8 174.8022 72.78001 186.7944 0 222 0","10.84 174.4008 72.78 186.3486 0 222 0","10.88 173.9993 72.78001 185.9027 0 222 0","10.92 173.5978 72.78001 185.4568 0 222 0","10.96 173.1963 72.78001 185.0109 0 222 0","11 172.7948 72.78 184.565 0 222 0","11.04 172.3934 72.78001 184.1191 0 222 0","11.08 171.9919 72.78001 183.6732 0 222 0","11.12 171.5904 72.78001 183.2274 0 222 0","11.16 171.1889 72.78001 182.7815 0 222 0","11.2 170.7875 72.78001 182.3356 0 222 0","11.24 170.386 72.78001 181.8897 0 222 0","11.28 169.9845 72.78001 181.4438 0 222 0","11.32 169.583 72.78001 180.9979 0 222 0","11.36 169.1815 72.78 180.552 0 222 0","11.4 168.7801 72.78001 180.1062 0 222 0","11.44 168.3786 72.78001 179.6603 0 222 0","11.48 167.9771 72.78001 179.2144 0 222 0","11.52 167.5756 72.78 178.7685 0 222 0","11.56 167.1741 72.78001 178.3226 0 222 0","11.6 166.7727 72.78001 177.8767 0 222 0","11.64 166.3712 72.78001 177.4308 0 222 0","11.68 165.9697 72.78 176.9849 0 222 0","11.72 165.5682 72.78001 176.5391 0 222 0","11.76 165.1668 72.78001 176.0932 0 222 0","11.8 164.7653 72.78001 175.6473 0 222 0","11.84 164.3638 72.78001 175.2014 0 222 0","11.88 163.9623 72.78001 174.7555 0 222 0","11.92 163.5609 72.78001 174.3096 0 222 0","11.96 163.1594 72.78001 173.8637 0 222 0","12 162.7579 72.78001 173.4178 0 222 0","12.04 162.3564 72.78 172.972 0 222 0","12.08 161.9549 72.78001 172.5261 0 222 0","12.12 161.5535 72.78001 172.0802 0 222 0","12.16 161.152 72.78001 171.6343 0 222 0","12.2 160.7505 72.78 171.1884 0 222 0","12.24 160.349 72.78001 170.7425 0 222 0","12.28 159.9475 72.78001 170.2966 0 222 0","12.32 159.5461 72.78001 169.8508 0 222 0","12.36 159.1446 72.78 169.4049 0 222 0","12.4 158.7431 72.78001 168.959 0 222 0","12.44 158.3416 72.78001 168.5131 0 222 0","12.48 157.9402 72.78001 168.0672 0 222 0"]},{"trialNumber":4,"mapIndex":5,"mapName":"tartarus3",