{"participantData":{"id":"Hannah"},"allTrialData":[{"trialNumber":0,"mapIndex":0,"mapName":"Persistent","maxTrialDuration":0.0,"timeStepTrackingData":[]},{"trialNumber":1,"mapIndex":1,"mapName":"StartScreen","maxTrialDuration":0.0,"timeStepTrackingData":[]},{"trialNumber":2,"mapIndex":3,"mapName":"tartarus1","maxTrialDuration":0.0,"timeStepTrackingData":["Time x-position y-position z-position x-rotation y-rotation z-rotation","2.54 195 72.78001 195 0 0 0","2.56 195 72.78001 195 0 0 0","2.6 195 72.78001 195 0 0 0","2.64 195 72.78001 195 0 0 0","2.68 195 72.78001 195 0 0 0","2.72 195 72.78001 195 0 0 0","2.76 195 72.78001 195 0 0 0","2.8 195 72.78001 195 0 0 0","2.84 195 72.78001 195 0 0 0","2.88 195 72.78001 195 0 0 0","2.92 195 72.78001 195 0 0 0","2.96 195 72.78001 195 0 0 0","3 195 72.78001 195 0 0 0","3.04 195 72.78001 195 0 0 0","3.08 195 72.78001 195 0 0 0","3.12 195 72.78001 195 0 0 0","3.16 195 72.78001 195 0 0 0","3.2 195 72.78001 195 0 0 0","3.24 195 72.78001 195 0 0 0","3.28 195 72.78001 195 0 0 0","3.32 195 72.78001 195 0 0 0","3.36 195 72.78001 195 0 0 0","3.4 195 72.78001 195 0 0 0","3.44 195 72.78001 195 0 0 0","3.48 195 72.78001 195 0 0 0","3.52 195 72.78001 195 0 0 0","3.56 195 72.78001 195 0 0 0","3.6 195 72.78001 195 0 0 0","3.64 195 72.78001 195 0 12 0","3.68 195 72.78001 195 0 24 0","3.72 195 72.78001 195 0 42 0","3.76 195 72.78001 195 0 54 0","3.8 195 72.78001 195 0 72 0","3.84 195 72.78001 195 0 78.00001 0","3.88 195 72.78001 195 0 78.00001 0","3.92 195 72.78001 195 0 78.00001 0","3.96 195 72.78001 195 0 90 0","4 195 72.78001 195 0 108 0","4.04 195 72.78001 195 0 120 0","4.08 195 72.78001 195 0 138 0","4.12 195 72.78001 195 0 150 0","4.16 195 72.78001 195 0 162 0","4.2 195 72.78001 195 0 180 0","4.24 195 72.78001 195 0 192 0","4.28 195 72.78001 195 0 210 0","4.32 195 72.78001 195 0 222 0","4.36 195 72.78001 195 0 240 0","4.4 195 72.78001 195 0 252 0","4.44 195 72.78001 195 0 264 0","4.48 195 72.78001 195 0 282 0","4.52 195 72.78001 195 0 294 0","4.56 195 72.78001 195 0 306 0","4.6 195 72.78001 195 0 306 0","4.64 195 72.78001 195 0 306 0","4.68 194.5146 72.78 195.3527 0 306 0","4.72 194.0292 72.78001 195.7053 0 306 0","4.76 193.5438 72.78001 196.058 0 306 0","4.8 193.0584 72.78001 196.4107 0 306 0","4.84 192.573 72.78001 196.7634 0 306 0","4.88 192.0391 72.78001 197.0354 0 294 0","4.92 191.4603 72.78 197.1905 0 282 0","4.96 190.8734 72.78001 197.3152 0 282 0","5 190.2865 72.78001 197.44 0 282 0","5.04 189.6996 72.78001 197.5647 0 282 0","5.08 189.1128 72.78001 197.6894 0 282 0","5.12 188.5259 72.78001 197.8142 0 282 0","5.16 187.939 72.78 197.9389 0 282 0","5.2 187.3521 72.78001 198.0637 0 282 0","5.24 186.7652 72.78001 198.1884 0 282 0","5.28 186.1669 72.78001 198.2198 0 270 0","5.32 185.5751 72.78001 198.1261 0 258 0","5.36 185.0044 72.78001 197.9406 0 252 0","5.4 184.4338 72.78001 197.7552 0 252 0","5.44 183.8631 72.78 197.5698 0 252 0","5.48 183.2925 72.78001 197.3844 0 252 0","5.52 182.7219 72.78001 197.199 0 252 0","5.56 182.1512 72.78001 197.0136 0 252 0","5.6 181.5806 72.78 196.8282 0 252 0","5.64 181.01 72.78001 196.6428 0 252 0","5.68 180.4393 72.78001 196.4574 0 252 0","5.72 179.8687 72.78001 196.272 0 252 0","5.76 179.2769 72.78001 196.1782 0 264 0","5.8 178.6786 72.78001 196.2096 0 276 0","5.84 178.0818 72.78001 196.2723 0 276 0","5.88 177.4851 72.78 196.335 0 276 0","5.92 176.8884 72.78001 196.3977 0 276 0","5.96 176.2917 72.78001 196.4604 0 276 0","6 175.695 72.78001 196.5232 0 276 0","6.04 175.0983 72.78001 196.5859 0 276 0","6.08 174.5016 72.78 196.6486 0 276 0","6.12 173.9048 72.78 196.7113 0 276 0","6.16 173.3081 72.78001 196.774 0 276 0","6.2 172.7114 72.78001 196.8368 0 276 0","6.24 172.1147 72.78001 196.8995 0 276 0","6.28 171.518 72.78001 196.9622 0 276 0","6.32 170.9213 72.78 197.0249 0 276 0","6.36 170.3246 72.78001 197.0876 0 276 0","6.4 169.7279 72.78001 197.1503 0 276 0","6.44 169.1311 72.78001 197.2131 0 276 0","6.48 168.5344 72.78001 197.2758 0 276 0","6.52 167.9377 72.78001 197.3385 0 276 0","6.56 167.3394 72.78 197.3071 0 264 0","6.6 166.7719 72.78 197.1227 0 246 0","6.64 166.2237 72.78001 196.8787 0 246 0","6.68 165.6756 72.78001 196.6347 0 246 0","6.72 165.1275 72.78001 196.3906 0 246 0","6.76 164.5793 72.78 196.1466 0 246 0","6.8 164.0312 72.78001 195.9025 0 246 0","6.84 163.4831 72.78001 195.6585 0 246 0","6.88 162.935 72.78001 195.4145 0 246 0","6.92 162.3868 72.78 195.1704 0 246 0","6.96 161.8387 72.78001 194.9264 0 246 0","7 161.2906 72.78001 194.6823 0 246 0","7.04 160.7118 72.78001 194.5273 0 258 0","7.08 160.1151 72.78001 194.5273 0 276 0","7.12 159.5184 72.78 194.59 0 276 0","7.16 158.9217 72.78 194.6527 0 276 0","7.2 158.325 72.78001 194.7154 0 276 0","7.24 157.7283 72.78001 194.7781 0 276 0","7.28 157.1315 72.78001 194.8408 0 276 0","7.32 156.5348 72.78001 194.9035 0 276 0","7.36 155.9381 72.78 194.9663 0 276 0","7.4 155.3414 72.78001 195.029 0 276 0","7.44 154.7447 72.78001 195.0917 0 276 0","7.48 154.148 72.78001 195.1544 0 276 0","7.52 153.5513 72.78001 195.2171 0 276 0","7.56 152.9545 72.78 195.2799 0 276 0","7.6 152.3578 72.78 195.3426 0 276 0","7.64 151.7611 72.78001 195.4053 0 276 0","7.68 151.1644 72.78001 195.468 0 276 0","7.72 150.5677 72.78001 195.5307 0 276 0","7.76 149.971 72.78001 195.5934 0 276 0","7.8 149.3743 72.78 195.6562 0 276 0","7.84 148.7776 72.78001 195.7189 0 276 0","7.88 148.1808 72.78001 195.7816 0 276 0","7.92 147.5841 72.78001 195.8443 0 276 0","7.96 146.9874 72.78001 195.907 0 276 0","8 146.3907 72.78001 195.9698 0 276 0","8.04 145.794 72.78 196.0325 0 276 0","8.08 145.1973 72.78001 196.0952 0 276 0","8.12 144.6006 72.78001 196.1579 0 276 0","8.16 144.0039 72.78001 196.2206 0 276 0","8.2 143.4071 72.78001 196.2833 0 276 0","8.24 142.8104 72.78001 196.3461 0 276 0","8.28 142.2137 72.78 196.4088 0 276 0","8.32 141.617 72.78001 196.4715 0 276 0","8.36 141.0203 72.78001 196.5342 0 276 0","8.4 140.4236 72.78001 196.5969 0 276 0","8.44 139.8269 72.78001 196.6596 0 276 0","8.48 139.2301 72.78001 196.7224 0 276 0","8.52 138.6334 72.78 196.7851 0 276 0","8.559999 138.0367 72.78001 196.8478 0 276 0","8.599999 137.44 72.78001 196.9105 0 276 0","8.639999 136.8433 72.78001 196.9732 0 276 0","8.679999 136.2466 72.78001 197.0359 0 276 0","8.72 135.6499 72.78001 197.0987 0 276 0","8.76 135.0532 72.78 197.1614 0 276 0","8.8 134.4565 72.78001 197.2241 0 276 0","8.84 133.8597 72.78001 197.2868 0 276 0","8.88 133.2614 72.78001 197.3182 0 270 0","8.92 132.6647 72.78001 197.2555 0 264 0","8.96 132.0679 72.78 197.1927 0 264 0","9 131.4712 72.78001 197.13 0 264 0","9.04 130.8745 72.78001 197.0673 0 264 0","9.08 130.2778 72.78001 197.0046 0 264 0","9.12 129.6811 72.78001 196.9419 0 264 0","9.16 129.0844 72.78001 196.8792 0 264 0","9.2 128.4877 72.78 196.8164 0 264 0","9.24 127.891 72.78001 196.7537 0 264 0","9.28 127.2942 72.78001 196.691 0 264 0","9.32 126.6975 72.78001 196.6283 0 264 0","9.36 126.1008 72.78001 196.5656 0 264 0","9.4 125.5041 72.78001 196.5029 0 264 0","9.44 124.9074 72.78 196.4401 0 264 0","9.48 124.3107 72.78001 196.3774 0 264 0","9.52 123.714 72.78001 196.3147 0 264 0","9.559999 123.1172 72.78001 196.252 0 264 0","9.599999 122.5205 72.78001 196.1893 0 264 0","9.639999 121.9238 72.78001 196.1266 0 264 0","9.679999 121.3271 72.78 196.0638 0 264 0","9.719999 120.7304 72.78001 196.0011 0 264 0","9.76 120.1337 72.78001 195.9384 0 264 0","9.8 119.537 72.78001 195.8757 0 264 0","9.84 118.9403 72.78001 195.813 0 264 0","9.88 118.3435 72.78001 195.7503 0 264 0","9.92 117.7468 72.78 195.6875 0 264 0","9.96 117.1501 72.78001 195.6248 0 264 0","10 116.5534 72.78001 195.5621 0 264 0","10.04 115.9567 72.78001 195.4994 0 264 0","10.08 115.36 72.78001 195.4367 0 264 0","10.12 114.7633 72.78 195.3739 0 264 0","10.16 114.1666 72.78 195.3112 0 264 0","10.2 113.5698 72.78001 195.2485 0 264 0","10.24 112.9731 72.78001 195.1858 0 264 0","10.28 112.3764 72.78001 195.1231 0 264 0","10.32 111.7797 72.78001 195.0604 0 264 0","10.36 111.183 72.78 194.9977 0 264 0","10.4 110.5863 