{"participantData":{"id":"r"},"allTrialData":[{"trialNumber":0,"mapIndex":0,"mapName":"Persistent","maxTrialDuration":0.0,"timeStepTrackingData":[]},{"trialNumber":1,"mapIndex":1,"mapName":"StartScreen","maxTrialDuration":0.0,"timeStepTrackingData":[]},{"trialNumber":2,"mapIndex":3,"mapName":"tartarus1","maxTrialDuration":0.0,"timeStepTrackingData":["Time x-position y-position z-position x-rotation y-rotation z-rotation","1.7 195 72.78001 195 0 0 0","1.72 195 72.78001 195 0 0 0","1.76 195 72.78001 195 0 0 0","1.8 195 72.78001 195 0 0 0","1.84 195 72.78001 195 0 0 0","1.88 195 72.78001 195 0 0 0","1.92 195 72.78001 195 0 0 0","1.96 195 72.78001 195 0 0 0","2 195 72.78001 195 0 0 0","2.04 195 72.78001 195 0 0 0","2.08 195 72.78001 195 0 0 0","2.12 195 72.78001 195 0 0 0","2.16 195 72.78001 195 0 0 0","2.2 195 72.78001 195 0 0 0","2.24 195 72.78001 195 0 0 0","2.28 195 72.78001 195 0 0 0","2.32 195 72.78001 195 0 0 0","2.36 195 72.78001 195 0 0 0","2.4 195 72.78001 195 0 0 0","2.44 195 72.78001 195 0 0 0","2.48 195 72.78001 195 0 0 0","2.52 195 72.78001 195 0 0 0","2.56 195 72.78001 195 0 0 0","2.6 195 72.78001 195 0 0 0","2.64 195 72.78001 195 0 0 0","2.68 195 72.78001 195 0 12 0","2.72 195 72.78001 195 0 24 0","2.76 195 72.78001 195 0 42 0","2.8 195 72.78001 195 0 54 0","2.84 195 72.78001 195 0 72 0","2.88 195 72.78001 195 0 84 0","2.92 195 72.78001 195 0 96.00001 0","2.96 195.2741 72.78001 194.878 0 114 0","3 195.7937 72.78001 194.578 0 120 0","3.04 196.3133 72.78001 194.278 0 120 0","3.08 196.8329 72.78001 193.978 0 120 0","3.12 197.3525 72.78 193.678 0 120 0","3.16 197.8721 72.78001 193.378 0 120 0","3.2 198.3918 72.78001 193.078 0 120 0","3.24 198.9114 72.78001 192.778 0 120 0","3.28 199.431 72.78001 192.478 0 120 0","3.32 199.9297 72.78 192.1516 0 126 0","3.36 199.9409 72.78001 191.728 0 138 0","3.4 199.9544 72.78001 191.2254 0 150 0","3.44 199.9778 72.78001 190.6467 0 168 0","3.48 199.9861 72.78001 190.05 0 174 0","3.52 199.9861 72.78001 189.4533 0 174 0","3.56 199.9861 72.78 188.8566 0 174 0","3.6 199.9861 72.78001 188.2598 0 174 0","3.64 199.9861 72.78001 187.6631 0 174 0","3.68 199.9861 72.78001 187.0664 0 174 0","3.72 199.9861 72.78001 186.4697 0 174 0","3.76 199.9861 72.78001 185.873 0 174 0","3.8 199.9861 72.78 185.2763 0 174 0","3.84 199.9861 72.78001 184.6796 0 174 0","3.88 199.9861 72.78001 184.0828 0 174 0","3.92 199.9861 72.78001 183.4861 0 174 0","3.96 199.9861 72.78001 182.8894 0 174 0","4 199.9861 72.78 182.2927 0 174 0","4.04 199.9861 72.78001 181.696 0 174 0","4.08 199.9861 72.78001 181.0993 0 174 0","4.12 199.9861 72.78001 180.5026 0 174 0","4.16 199.9861 72.78001 179.9059 0 174 0","4.2 199.9861 72.78001 179.3091 0 174 0","4.24 199.9861 72.78 178.7124 0 174 0","4.28 199.9861 72.78001 178.1157 0 174 0","4.32 199.9861 72.78001 177.519 0 174 0","4.36 199.9861 72.78001 176.9223 0 174 0","4.4 199.9861 72.78001 176.3256 0 174 0","4.44 199.9861 72.78001 175.7289 0 174 0","4.48 199.9861 72.78001 175.4305 0 174 0","4.52 199.9861 72.78001 175.4305 0 174 0"]},{"trialNumber":0,"mapIndex":0,"mapName":"","maxTrialDuration":0.0,"timeStepTrackingData":[]},{"trialNumber":0,"mapIndex":0,"mapName":"","maxTrialDuration":0.0,"timeStepTrackingData":[]},{"trialNumber":0,"mapIndex":0,"mapName":"","maxTrialDuration":0.0,"timeStepTrackingData":[]},{"trialNumber":0,"mapIndex":0,"mapName":"","maxTrialDuration":0.0,"timeStepTrackingData":[]},{"trialNumber":0,"mapIndex":0,"mapName":"","maxTrialDuration":0.0,"timeStepTrackingData":[]},{"trialNumber":0,"mapIndex":0,"mapName":"","maxTrialDuration":0.0,"timeStepTrackingData":[]},{"trialNumber":0,"mapIndex":0,"mapName":"","maxTrialDuration":0.0,"timeStepTrackingData":[]},{"trialNumber":0,"mapIndex":0,"mapName":"","maxTrialDuration":0.0,"timeStepTrackingData":[]},{"trialNumber":0,"mapIndex":0,"mapName":"","maxTrialDuration":0.0,"timeStepTrackingData":[]},{"trialNumber":0,"mapIndex":0,"mapName":"","maxTrialDuration":0.0,"timeStepTrackingData":[]},{"trialNumber":0,"mapIndex":0,"mapName":"","maxTrialDuration":0.0,"timeStepTrackingData":[]},{"trialNumber":0,"mapIndex":0,"mapName":"","maxTrialDuration":0.0,"timeStepTrackingData":[]},{"trialNumber":0,"mapIndex":0,"mapName":"","maxTrialDuration":0.0,"timeStepTrackingData":[]},{"trialNumber":0,"mapIndex":0,"mapName":"","maxTrialDuration":0.0,"timeStepTrackingData":[]},{"trialNumber":0,"mapIndex":0,"mapName":"","maxTrialDuration":0.0,"timeStepTrackingData":[]},{"trialNumber":0,"mapIndex":0,"mapName":"","maxTrialDuration":0.0,"timeStepTrackingData":[]},{"trialNumber":0,"mapIndex":0,"mapName":"","maxTrialDuration":0.0,"timeStepTrackingData":[]}]}