{"cameraMode":{"drawMode":0,"name":"Shaded","section":"Shading Mode"},"sceneLighting":true,"audioPlay":false,"sceneViewState":{"showFog":true,"showMaterialUpdate":false,"showSkybox":true,"showFlares":true,"showImageEffects":true,"showParticleSystems":true},"in2DMode":false,"pivot":{"x":150.566162109375,"y":22.63758087158203,"z":168.96385192871095},"rotation":{"x":-0.46654796600341799,"y":0.006633757147938013,"z":-0.0034989677369594576,"w":-0.8844641447067261},"size":137.34559631347657,"orthographic":false}