{"cameraMode":{"drawMode":0,"name":"Shaded","section":"Shading Mode"},"sceneLighting":true,"audioPlay":false,"sceneViewState":{"showFog":true,"showMaterialUpdate":false,"showSkybox":true,"showFlares":true,"showImageEffects":true,"showParticleSystems":true},"in2DMode":false,"pivot":{"x":151.10916137695313,"y":21.785438537597658,"z":167.72592163085938},"rotation":{"x":-0.46654796600341799,"y":0.006633757147938013,"z":-0.0034989677369594576,"w":-0.8844641447067261},"size":135.6868133544922,"orthographic":false}