{"cameraMode":{"drawMode":0,"name":"Shaded","section":"Shading Mode"},"sceneLighting":true,"audioPlay":false,"sceneViewState":{"showFog":true,"showMaterialUpdate":false,"showSkybox":true,"showFlares":true,"showImageEffects":true,"showParticleSystems":true},"in2DMode":false,"pivot":{"x":158.52938842773438,"y":70.2418441772461,"z":144.85317993164063},"rotation":{"x":0.1553698182106018,"y":0.7946811318397522,"z":-0.22842667996883393,"w":0.5405214428901672},"size":13.806727409362793,"orthographic":false}