{"cameraMode":{"drawMode":0,"name":"Shaded","section":"Shading Mode"},"sceneLighting":true,"audioPlay":false,"sceneViewState":{"showFog":true,"showMaterialUpdate":false,"showSkybox":true,"showFlares":true,"showImageEffects":true,"showParticleSystems":true},"in2DMode":false,"pivot":{"x":142.0421142578125,"y":65.83744049072266,"z":124.28811645507813},"rotation":{"x":-0.48509541153907778,"y":-0.047963909804821017,"z":0.026659870520234109,"w":-0.8727377653121948},"size":86.47904968261719,"orthographic":false}