{"cameraMode":{"drawMode":0,"name":"Shaded","section":"Shading Mode"},"sceneLighting":true,"audioPlay":false,"sceneViewState":{"showFog":true,"showMaterialUpdate":false,"showSkybox":true,"showFlares":true,"showImageEffects":true,"showParticleSystems":true},"in2DMode":false,"pivot":{"x":182.80018615722657,"y":74.49992370605469,"z":147.7996826171875},"rotation":{"x":-0.20116224884986878,"y":0.7685150504112244,"z":-0.2895429730415344,"w":-0.5339319109916687},"size":13.717822074890137,"orthographic":false}