{"cameraMode":{"drawMode":0,"name":"Shaded","section":"Shading Mode"},"sceneLighting":true,"audioPlay":false,"sceneViewState":{"showFog":true,"showMaterialUpdate":false,"showSkybox":true,"showFlares":true,"showImageEffects":true,"showParticleSystems":true},"in2DMode":false,"pivot":{"x":167.0254364013672,"y":87.28216552734375,"z":154.50450134277345},"rotation":{"x":-0.09699465334415436,"y":0.8933756947517395,"z":-0.23317596316337586,"w":-0.3716193437576294},"size":42.80133819580078,"orthographic":false}